CreatedDate,pm25_Abhishek Jain: Living room ,pm10_Abhishek Jain: Living room ,aqi_Abhishek Jain: Living room 
01-05-2024 00:00,37,102,101
01-05-2024 00:15,37,103,102
01-05-2024 00:30,37,103,102
01-05-2024 00:45,37,102,101
01-05-2024 01:00,35,96,96
01-05-2024 01:15,32,88,88
01-05-2024 01:30,30,82,82
01-05-2024 01:45,29,80,80
01-05-2024 02:00,28,77,77
01-05-2024 02:15,27,75,75
01-05-2024 02:30,27,73,73
01-05-2024 02:45,27,74,74
01-05-2024 03:00,27,75,75
01-05-2024 03:15,28,78,78
01-05-2024 03:30,28,78,78
01-05-2024 03:45,28,76,76
01-05-2024 04:00,27,75,75
01-05-2024 04:15,26,71,71
01-05-2024 04:30,24,67,67
01-05-2024 04:45,23,64,64
01-05-2024 05:00,22,60,60
01-05-2024 05:15,20,55,55
01-05-2024 05:30,18,47,47
01-05-2024 05:45,18,47,47
01-05-2024 06:00,28,78,78
01-05-2024 06:15,28,79,79
01-05-2024 06:30,31,86,86
01-05-2024 06:45,32,88,88
01-05-2024 07:00,83,159,177
01-05-2024 07:15,99,189,230
01-05-2024 07:30,371,497,493
01-05-2024 07:45,102,205,240
01-05-2024 08:00,68,164,143
01-05-2024 08:15,64,160,140
01-05-2024 08:30,71,166,144
01-05-2024 08:45,49,134,123
01-05-2024 09:00,38,108,105
01-05-2024 09:15,34,96,96
01-05-2024 09:30,35,98,98
01-05-2024 09:45,30,84,84
01-05-2024 10:00,25,70,70
01-05-2024 10:15,25,69,69
01-05-2024 10:30,28,78,78
01-05-2024 10:45,25,68,68
01-05-2024 11:00,23,66,66
01-05-2024 11:15,25,73,73
01-05-2024 11:30,21,60,60
01-05-2024 11:45,21,57,57
01-05-2024 12:00,21,57,57
01-05-2024 12:15,19,51,51
01-05-2024 12:30,18,49,49
01-05-2024 12:45,16,43,43
01-05-2024 13:00,16,43,43
01-05-2024 13:15,15,43,43
01-05-2024 13:30,27,76,76
01-05-2024 13:45,23,63,63
01-05-2024 14:00,19,53,53
01-05-2024 14:15,16,45,45
01-05-2024 14:30,16,45,45
01-05-2024 14:45,15,43,43
01-05-2024 15:00,16,43,43
01-05-2024 15:15,15,41,41
01-05-2024 15:30,17,47,47
01-05-2024 15:45,20,54,54
01-05-2024 16:00,21,56,56
01-05-2024 16:15,21,55,55
01-05-2024 16:30,22,61,61
01-05-2024 16:45,22,62,62
01-05-2024 17:00,74,142,147
01-05-2024 17:15,91,185,203
01-05-2024 17:30,61,156,137
01-05-2024 17:45,42,116,111
01-05-2024 18:00,33,92,92
01-05-2024 18:15,29,81,81
01-05-2024 18:30,27,74,74
01-05-2024 18:45,32,88,88
01-05-2024 19:00,27,76,76
01-05-2024 19:15,25,71,71
01-05-2024 19:30,25,72,72
01-05-2024 19:45,26,76,76
01-05-2024 20:00,26,75,75
01-05-2024 20:15,23,65,65
01-05-2024 20:30,23,65,65
01-05-2024 20:45,24,65,65
01-05-2024 21:00,24,66,66
01-05-2024 21:15,27,76,76
01-05-2024 21:30,27,76,76
01-05-2024 21:45,27,74,74
01-05-2024 22:00,28,78,78
01-05-2024 22:15,35,96,96
01-05-2024 22:30,42,115,110
01-05-2024 22:45,36,98,98
01-05-2024 23:00,33,92,92
01-05-2024 23:15,34,93,93
01-05-2024 23:30,32,89,89
01-05-2024 23:45,27,75,75
02-05-2024 00:00,25,68,68
02-05-2024 00:15,23,64,64
02-05-2024 00:30,22,61,61
02-05-2024 00:45,21,58,58
02-05-2024 01:00,21,56,56
02-05-2024 01:15,19,50,50
02-05-2024 01:30,18,47,47
02-05-2024 01:45,17,44,44
02-05-2024 02:00,16,41,41
02-05-2024 02:15,15,39,39
02-05-2024 02:30,15,39,39
02-05-2024 02:45,15,39,39
02-05-2024 03:00,15,39,39
02-05-2024 03:15,15,38,38
02-05-2024 03:30,15,40,40
02-05-2024 03:45,15,40,40
02-05-2024 04:00,17,46,46
02-05-2024 04:15,27,74,74
02-05-2024 04:30,46,126,117
02-05-2024 04:45,53,146,131
02-05-2024 05:00,56,151,134
02-05-2024 05:15,70,166,144
02-05-2024 05:30,73,168,145
02-05-2024 05:45,79,174,163
02-05-2024 06:00,85,179,183
02-05-2024 06:15,82,176,173
02-05-2024 06:30,81,175,170
02-05-2024 06:45,84,177,180
02-05-2024 07:00,87,179,190
02-05-2024 07:15,96,188,220
02-05-2024 07:30,101,197,237
02-05-2024 07:45,102,192,240
02-05-2024 08:00,718,1130,1275
02-05-2024 08:15,441,565,569
02-05-2024 08:30,204,347,365
02-05-2024 08:45,176,307,343
02-05-2024 09:00,137,241,313
02-05-2024 09:15,105,196,250
02-05-2024 09:30,74,169,147
02-05-2024 09:45,66,162,141
02-05-2024 10:00,57,152,135
02-05-2024 10:15,50,138,125
02-05-2024 10:30,42,116,111
02-05-2024 10:45,36,98,98
02-05-2024 11:00,32,87,87
02-05-2024 11:15,28,78,78
02-05-2024 11:30,27,75,75
02-05-2024 11:45,26,71,71
02-05-2024 12:00,25,69,69
02-05-2024 12:15,25,69,69
02-05-2024 12:30,25,69,69
02-05-2024 12:45,25,70,70
02-05-2024 13:00,26,70,70
02-05-2024 13:15,26,71,71
02-05-2024 13:30,25,69,69
02-05-2024 13:45,23,64,64
02-05-2024 14:00,21,59,59
02-05-2024 14:15,20,54,54
02-05-2024 14:30,18,49,49
02-05-2024 14:45,18,47,47
02-05-2024 15:00,17,45,45
02-05-2024 15:15,17,45,45
02-05-2024 15:30,19,51,51
02-05-2024 15:45,20,54,54
02-05-2024 16:00,18,48,48
02-05-2024 16:15,18,47,47
02-05-2024 16:30,18,49,49
02-05-2024 16:45,18,47,47
02-05-2024 17:00,18,47,47
02-05-2024 17:15,18,48,48
02-05-2024 17:30,18,49,49
02-05-2024 17:45,19,50,50
02-05-2024 18:00,23,63,63
02-05-2024 18:15,24,65,65
02-05-2024 18:30,22,61,61
02-05-2024 18:45,21,58,58
02-05-2024 19:00,21,56,56
02-05-2024 19:15,23,64,64
02-05-2024 19:30,29,82,82
02-05-2024 19:45,32,88,88
02-05-2024 20:00,32,89,89
02-05-2024 20:15,33,90,90
02-05-2024 20:30,31,85,85
02-05-2024 20:45,35,97,97
02-05-2024 21:00,32,89,89
02-05-2024 21:15,29,79,79
02-05-2024 21:30,28,75,75
02-05-2024 21:45,28,77,77
02-05-2024 22:00,29,81,81
02-05-2024 22:15,31,86,86
02-05-2024 22:30,32,88,88
02-05-2024 22:45,34,92,92
02-05-2024 23:00,35,98,98
02-05-2024 23:15,35,95,95
02-05-2024 23:30,35,97,97
02-05-2024 23:45,35,98,98
03-05-2024 00:00,37,101,101
03-05-2024 00:15,36,99,99
03-05-2024 00:30,36,101,101
03-05-2024 00:45,35,98,98
03-05-2024 01:00,36,100,100
03-05-2024 01:15,37,102,101
03-05-2024 01:30,37,103,102
03-05-2024 01:45,37,103,102
03-05-2024 02:00,38,104,103
03-05-2024 02:15,38,104,103
03-05-2024 02:30,39,108,105
03-05-2024 02:45,40,111,107
03-05-2024 03:00,41,111,107
03-05-2024 03:15,42,117,111
03-05-2024 03:30,45,122,115
03-05-2024 03:45,46,126,117
03-05-2024 04:00,48,133,122
03-05-2024 04:15,51,141,127
03-05-2024 04:30,55,150,133
03-05-2024 04:45,57,152,135
03-05-2024 05:00,59,154,136
03-05-2024 05:15,61,157,138
03-05-2024 05:30,64,159,139
03-05-2024 05:45,65,161,141
03-05-2024 06:00,63,159,139
03-05-2024 06:15,61,157,138
03-05-2024 06:30,62,157,138
03-05-2024 06:45,61,156,137
03-05-2024 07:00,71,165,143
03-05-2024 07:15,104,193,247
03-05-2024 07:30,627,716,758
03-05-2024 07:45,352,468,478
03-05-2024 08:00,222,358,378
03-05-2024 08:15,195,322,358
03-05-2024 08:30,171,283,339
03-05-2024 08:45,137,226,313
03-05-2024 09:00,111,199,270
03-05-2024 09:15,93,183,210
03-05-2024 09:30,80,173,167
03-05-2024 09:45,72,166,144
03-05-2024 10:00,68,163,142
03-05-2024 10:15,61,157,138
03-05-2024 10:30,53,145,130
03-05-2024 10:45,50,136,124
03-05-2024 11:00,48,133,122
03-05-2024 11:15,49,136,124
03-05-2024 11:30,51,139,126
03-05-2024 11:45,50,138,125
03-05-2024 12:00,48,131,121
03-05-2024 12:15,44,120,113
03-05-2024 12:30,38,106,104
03-05-2024 12:45,139,233,315
03-05-2024 13:00,89,185,197
03-05-2024 13:15,59,154,136
03-05-2024 13:30,43,120,113
03-05-2024 13:45,36,100,100
03-05-2024 14:00,33,90,90
03-05-2024 14:15,39,112,108
03-05-2024 14:30,39,111,107
03-05-2024 14:45,36,100,100
03-05-2024 15:00,34,91,91
03-05-2024 15:15,33,85,85
03-05-2024 15:30,32,85,85
03-05-2024 15:45,34,91,91
03-05-2024 16:00,31,80,80
03-05-2024 16:15,31,77,77
03-05-2024 16:30,29,70,70
03-05-2024 16:45,27,64,64
03-05-2024 17:00,54,153,135
03-05-2024 17:15,67,223,182
03-05-2024 17:30,51,159,139
03-05-2024 17:45,42,125,117
03-05-2024 18:00,41,119,113
03-05-2024 18:15,41,120,113
03-05-2024 18:30,43,130,120
03-05-2024 18:45,62,200,167
03-05-2024 19:00,58,186,157
03-05-2024 19:15,50,153,135
03-05-2024 19:30,50,155,137
03-05-2024 19:45,61,198,165
03-05-2024 20:00,69,229,186
03-05-2024 20:15,75,249,199
03-05-2024 20:30,74,246,197
03-05-2024 20:45,68,225,183
03-05-2024 21:00,67,219,179
03-05-2024 21:15,64,209,173
03-05-2024 21:30,68,224,183
03-05-2024 21:45,71,236,191
03-05-2024 22:00,74,246,197
03-05-2024 22:15,75,251,201
03-05-2024 22:30,75,251,201
03-05-2024 22:45,77,253,203
03-05-2024 23:00,80,260,210
03-05-2024 23:15,81,262,212
03-05-2024 23:30,81,261,211
03-05-2024 23:45,77,254,204
04-05-2024 00:00,72,240,193
04-05-2024 00:15,67,220,180
04-05-2024 00:30,60,193,162
04-05-2024 00:45,56,176,151
04-05-2024 01:00,52,160,140
04-05-2024 01:15,51,157,138
04-05-2024 01:30,51,155,137
04-05-2024 01:45,49,151,134
04-05-2024 02:00,48,144,129
04-05-2024 02:15,48,145,130
04-05-2024 02:30,48,145,130
04-05-2024 02:45,47,142,128
04-05-2024 03:00,47,143,129
04-05-2024 03:15,48,145,130
04-05-2024 03:30,48,146,131
04-05-2024 03:45,47,142,128
04-05-2024 04:00,45,136,124
04-05-2024 04:15,44,129,119
04-05-2024 04:30,43,126,117
04-05-2024 04:45,48,147,131
04-05-2024 05:00,64,207,171
04-05-2024 05:15,74,247,198
04-05-2024 05:30,90,274,224
04-05-2024 05:45,99,286,236
04-05-2024 06:00,96,282,232
04-05-2024 06:15,94,279,229
04-05-2024 06:30,92,276,226
04-05-2024 06:45,91,276,226
04-05-2024 07:00,92,277,227
04-05-2024 07:15,92,277,227
04-05-2024 07:30,109,298,263
04-05-2024 07:45,174,386,345
04-05-2024 08:00,991,1783,2091
04-05-2024 08:15,999,1999,2361
04-05-2024 08:30,986,1465,1694
04-05-2024 08:45,627,754,805
04-05-2024 09:00,566,690,725
04-05-2024 09:15,403,576,582
04-05-2024 09:30,269,488,472
04-05-2024 09:45,212,432,402
04-05-2024 10:00,178,392,352
04-05-2024 10:15,154,365,326
04-05-2024 10:30,141,344,316
04-05-2024 10:45,125,320,304
04-05-2024 11:00,102,289,240
04-05-2024 11:15,89,273,223
04-05-2024 11:30,95,280,230
04-05-2024 11:45,87,270,220
04-05-2024 12:00,93,281,231
04-05-2024 12:15,87,272,222
04-05-2024 12:30,93,285,235
04-05-2024 12:45,111,306,270
04-05-2024 13:00,91,276,226
04-05-2024 13:15,82,262,212
04-05-2024 13:30,75,250,200
04-05-2024 13:45,68,223,182
04-05-2024 14:00,62,201,167
04-05-2024 14:15,60,194,163
04-05-2024 14:30,56,178,152
04-05-2024 14:45,60,192,161
04-05-2024 15:00,74,244,196
04-05-2024 15:15,79,257,207
04-05-2024 15:30,77,253,203
04-05-2024 15:45,67,218,179
04-05-2024 16:00,58,184,156
04-05-2024 16:15,48,145,130
04-05-2024 16:30,40,113,109
04-05-2024 16:45,36,98,98
04-05-2024 17:00,38,105,103
04-05-2024 17:15,45,134,123
04-05-2024 17:30,48,147,131
04-05-2024 17:45,53,164,143
04-05-2024 18:00,58,183,155
04-05-2024 18:15,55,171,147
04-05-2024 18:30,67,222,181
04-05-2024 18:45,74,248,199
04-05-2024 19:00,72,242,195
04-05-2024 19:15,85,261,211
04-05-2024 19:30,162,374,332
04-05-2024 19:45,143,348,318
04-05-2024 20:00,120,313,300
04-05-2024 20:15,104,292,247
04-05-2024 20:30,98,284,234
04-05-2024 20:45,98,284,234
04-05-2024 21:00,93,278,228
04-05-2024 21:15,93,278,228
04-05-2024 21:30,87,269,219
04-05-2024 21:45,80,259,209
04-05-2024 22:00,75,250,200
04-05-2024 22:15,68,223,182
04-05-2024 22:30,61,195,163
04-05-2024 22:45,56,177,151
04-05-2024 23:00,52,162,141
04-05-2024 23:15,48,145,130
04-05-2024 23:30,43,127,118
04-05-2024 23:45,40,116,111
05-05-2024 00:00,40,115,110
05-05-2024 00:15,40,113,109
05-05-2024 00:30,39,111,107
05-05-2024 00:45,38,107,105
05-05-2024 01:00,38,106,104
05-05-2024 01:15,39,110,107
05-05-2024 01:30,41,117,111
05-05-2024 01:45,44,131,121
05-05-2024 02:00,46,138,125
05-05-2024 02:15,45,135,123
05-05-2024 02:30,44,131,121
05-05-2024 02:45,44,131,121
05-05-2024 03:00,44,129,119
05-05-2024 03:15,45,133,122
05-05-2024 03:30,44,131,121
05-05-2024 03:45,44,132,121
05-05-2024 04:00,43,128,119
05-05-2024 04:15,43,127,118
05-05-2024 04:30,43,125,117
05-05-2024 04:45,42,123,115
05-05-2024 05:00,40,112,108
05-05-2024 05:15,37,105,103
05-05-2024 05:30,36,99,99
05-05-2024 05:45,37,104,103
05-05-2024 06:00,42,124,116
05-05-2024 06:15,51,158,139
05-05-2024 06:30,61,196,164
05-05-2024 06:45,64,209,173
05-05-2024 07:00,67,220,180
05-05-2024 07:15,70,232,188
05-05-2024 07:30,68,222,181
05-05-2024 07:45,80,256,206
05-05-2024 08:00,100,286,236
05-05-2024 08:15,387,686,720
05-05-2024 08:30,532,669,699
05-05-2024 08:45,275,490,475
05-05-2024 09:00,192,407,371
05-05-2024 09:15,152,361,325
05-05-2024 09:30,134,334,311
05-05-2024 09:45,130,327,308
05-05-2024 10:00,125,320,304
05-05-2024 10:15,106,294,253
05-05-2024 10:30,99,286,236
05-05-2024 10:45,98,284,234
05-05-2024 11:00,94,279,229
05-05-2024 11:15,89,272,222
05-05-2024 11:30,91,275,225
05-05-2024 11:45,88,271,221
05-05-2024 12:00,79,257,207
05-05-2024 12:15,82,261,211
05-05-2024 12:30,66,216,177
05-05-2024 12:45,57,181,154
05-05-2024 13:00,53,167,145
05-05-2024 13:15,53,165,143
05-05-2024 13:30,51,159,139
05-05-2024 13:45,45,136,124
05-05-2024 14:00,47,141,127
05-05-2024 14:15,44,131,121
05-05-2024 14:30,41,117,111
05-05-2024 14:45,41,119,113
05-05-2024 15:00,42,121,114
05-05-2024 15:15,37,104,103
05-05-2024 15:30,36,100,100
05-05-2024 15:45,36,99,99
05-05-2024 16:00,39,109,106
05-05-2024 16:15,34,91,91
05-05-2024 16:30,29,69,69
05-05-2024 16:45,27,61,61
05-05-2024 17:00,31,78,78
05-05-2024 17:15,41,118,112
05-05-2024 17:30,37,104,103
05-05-2024 17:45,36,99,99
05-05-2024 18:00,39,109,106
05-05-2024 18:15,46,137,125
05-05-2024 18:30,39,109,106
05-05-2024 18:45,37,101,101
05-05-2024 19:00,35,95,95
05-05-2024 19:15,36,97,97
05-05-2024 19:30,35,96,96
05-05-2024 19:45,32,84,84
05-05-2024 20:00,31,76,76
05-05-2024 20:15,29,71,71
05-05-2024 20:30,29,70,70
05-05-2024 20:45,32,81,81
05-05-2024 21:00,29,70,70
05-05-2024 21:15,28,64,64
05-05-2024 21:30,27,65,65
05-05-2024 21:45,27,61,61
05-05-2024 22:00,28,68,68
05-05-2024 22:15,28,66,66
05-05-2024 22:30,27,64,64
05-05-2024 22:45,28,66,66
05-05-2024 23:00,28,67,67
05-05-2024 23:15,30,73,73
05-05-2024 23:30,31,77,77
05-05-2024 23:45,32,83,83
06-05-2024 00:00,33,88,88
06-05-2024 00:15,33,88,88
06-05-2024 00:30,33,89,89
06-05-2024 00:45,34,90,90
06-05-2024 01:00,34,93,93
06-05-2024 01:15,34,93,93
06-05-2024 01:30,35,95,95
06-05-2024 01:45,35,95,95
06-05-2024 02:00,35,95,95
06-05-2024 02:15,35,96,96
06-05-2024 02:30,36,97,97
06-05-2024 02:45,35,93,93
06-05-2024 03:00,35,93,93
06-05-2024 03:15,34,93,93
06-05-2024 03:30,34,92,92
06-05-2024 03:45,34,92,92
06-05-2024 04:00,34,92,92
06-05-2024 04:15,34,92,92
06-05-2024 04:30,34,91,91
06-05-2024 04:45,34,90,90
06-05-2024 05:00,34,90,90
06-05-2024 05:15,33,89,89
06-05-2024 05:30,33,89,89
06-05-2024 05:45,34,91,91
06-05-2024 06:00,36,99,99
06-05-2024 06:15,40,114,109
06-05-2024 06:30,39,109,106
06-05-2024 06:45,38,108,105
06-05-2024 07:00,42,120,113
06-05-2024 07:15,99,280,230
06-05-2024 07:30,146,357,320
06-05-2024 07:45,201,403,366
06-05-2024 08:00,999,1916,2258
06-05-2024 08:15,500,662,690
06-05-2024 08:30,402,578,585
06-05-2024 08:45,317,527,521
06-05-2024 09:00,224,444,418
06-05-2024 09:15,182,396,358
06-05-2024 09:30,156,368,328
06-05-2024 09:45,135,337,312
06-05-2024 10:00,107,295,257
06-05-2024 10:15,90,273,223
06-05-2024 10:30,81,260,210
06-05-2024 10:45,71,235,190
06-05-2024 11:00,65,212,175
06-05-2024 11:15,62,200,167
06-05-2024 11:30,51,159,139
06-05-2024 11:45,44,132,121
06-05-2024 12:00,49,148,132
06-05-2024 12:15,61,197,165
06-05-2024 12:30,56,178,152
06-05-2024 12:45,50,153,135
06-05-2024 13:00,52,161,141
06-05-2024 13:15,56,177,151
06-05-2024 13:30,46,138,125
06-05-2024 13:45,42,122,115
06-05-2024 14:00,38,109,106
06-05-2024 14:15,36,98,98
06-05-2024 14:30,34,92,92
06-05-2024 14:45,33,88,88
06-05-2024 15:00,34,91,91
06-05-2024 15:15,33,89,89
06-05-2024 15:30,33,87,87
06-05-2024 15:45,33,87,87
06-05-2024 16:00,34,91,91
06-05-2024 16:15,39,109,106
06-05-2024 16:30,56,176,151
06-05-2024 16:45,46,137,125
06-05-2024 17:00,42,121,114
06-05-2024 17:15,38,106,104
06-05-2024 17:30,87,222,190
06-05-2024 17:45,115,306,283
06-05-2024 18:00,95,281,231
06-05-2024 18:15,86,268,218
06-05-2024 18:30,78,256,206
06-05-2024 18:45,71,236,191
06-05-2024 19:00,65,214,176
06-05-2024 19:15,66,217,178
06-05-2024 19:30,59,188,159
06-05-2024 19:45,52,160,140
06-05-2024 20:00,48,147,131
06-05-2024 20:15,46,138,125
06-05-2024 20:30,42,120,113
06-05-2024 20:45,38,108,105
06-05-2024 21:00,38,108,105
06-05-2024 21:15,38,109,106
06-05-2024 21:30,46,138,125
06-05-2024 21:45,45,134,123
06-05-2024 22:00,53,167,145
06-05-2024 22:15,68,225,183
06-05-2024 22:30,79,257,207
06-05-2024 22:45,84,266,216
06-05-2024 23:00,90,274,224
06-05-2024 23:15,89,274,224
06-05-2024 23:30,86,269,219
06-05-2024 23:45,78,256,206
07-05-2024 00:00,93,278,228
07-05-2024 00:15,89,273,223
07-05-2024 00:30,82,262,212
07-05-2024 00:45,74,245,197
07-05-2024 01:00,65,212,175
07-05-2024 01:15,56,178,152
07-05-2024 01:30,51,157,138
07-05-2024 01:45,47,142,128
07-05-2024 02:00,43,126,117
07-05-2024 02:15,41,117,111
07-05-2024 02:30,39,112,108
07-05-2024 02:45,38,108,105
07-05-2024 03:00,37,105,103
07-05-2024 03:15,36,100,100
07-05-2024 03:30,36,99,99
07-05-2024 03:45,36,100,100
07-05-2024 04:00,37,101,101
07-05-2024 04:15,34,92,92
07-05-2024 04:30,35,94,94
07-05-2024 04:45,34,91,91
07-05-2024 05:00,34,91,91
07-05-2024 05:15,33,89,89
07-05-2024 05:30,33,88,88
07-05-2024 05:45,33,89,89
07-05-2024 06:00,34,90,90
07-05-2024 06:15,35,96,96
07-05-2024 06:30,45,123,115
07-05-2024 06:45,231,450,425
07-05-2024 07:00,170,384,342
07-05-2024 07:15,136,338,312
07-05-2024 07:30,697,955,1056
07-05-2024 07:45,942,1100,1238
07-05-2024 08:00,678,820,888
07-05-2024 08:15,587,709,749
07-05-2024 08:30,372,556,558
07-05-2024 08:45,222,441,414
07-05-2024 09:00,167,382,340
07-05-2024 09:15,156,368,328
07-05-2024 09:30,151,359,324
07-05-2024 09:45,137,338,313
07-05-2024 10:00,137,338,313
07-05-2024 10:15,138,338,314
07-05-2024 10:30,147,354,321
07-05-2024 10:45,142,346,317
07-05-2024 11:00,115,307,283
07-05-2024 11:15,90,274,224
07-05-2024 11:30,82,263,213
07-05-2024 11:45,72,238,192
07-05-2024 12:00,62,202,168
07-05-2024 12:15,58,185,157
07-05-2024 12:30,59,189,159
07-05-2024 12:45,66,217,178
07-05-2024 13:00,62,199,166
07-05-2024 13:15,64,208,172
07-05-2024 13:30,65,211,174
07-05-2024 13:45,60,191,161
07-05-2024 14:00,61,195,163
07-05-2024 14:15,58,186,157
07-05-2024 14:30,55,175,150
07-05-2024 14:45,58,184,156
07-05-2024 15:00,64,209,173
07-05-2024 15:15,88,270,220
07-05-2024 15:30,87,271,221
07-05-2024 15:45,78,255,205
07-05-2024 16:00,70,232,188
07-05-2024 16:15,66,218,179
07-05-2024 16:30,64,206,171
07-05-2024 16:45,65,213,175
07-05-2024 17:00,64,207,171
07-05-2024 17:15,64,207,171
07-05-2024 17:30,66,214,176
07-05-2024 17:45,64,208,172
07-05-2024 18:00,65,211,174
07-05-2024 18:15,65,214,176
07-05-2024 18:30,77,251,201
07-05-2024 18:45,75,248,199
07-05-2024 19:00,66,217,178
07-05-2024 19:15,61,197,165
07-05-2024 19:30,55,172,148
07-05-2024 19:45,56,178,152
07-05-2024 20:00,51,156,137
07-05-2024 20:15,48,147,131
07-05-2024 20:30,51,158,139
07-05-2024 20:45,54,171,147
07-05-2024 21:00,51,156,137
07-05-2024 21:15,49,150,133
07-05-2024 21:30,49,149,133
07-05-2024 21:45,49,149,133
07-05-2024 22:00,48,145,130
07-05-2024 22:15,48,145,130
07-05-2024 22:30,46,140,127
07-05-2024 22:45,48,147,131
07-05-2024 23:00,76,244,196
07-05-2024 23:15,77,254,204
07-05-2024 23:30,66,216,177
07-05-2024 23:45,57,182,155
08-05-2024 00:00,51,157,138
08-05-2024 00:15,47,141,127
08-05-2024 00:30,43,126,117
08-05-2024 00:45,40,115,110
08-05-2024 01:00,39,110,107
08-05-2024 01:15,37,104,103
08-05-2024 01:30,37,100,100
08-05-2024 01:45,36,96,96
08-05-2024 02:00,35,93,93
08-05-2024 02:15,35,93,93
08-05-2024 02:30,35,95,95
08-05-2024 02:45,35,94,94
08-05-2024 03:00,34,92,92
08-05-2024 03:15,34,91,91
08-05-2024 03:30,34,92,92
08-05-2024 03:45,34,90,90
08-05-2024 04:00,35,95,95
08-05-2024 04:15,35,94,94
08-05-2024 04:30,34,93,93
08-05-2024 04:45,33,87,87
08-05-2024 05:00,34,90,90
08-05-2024 05:15,35,96,96
08-05-2024 05:30,34,90,90
08-05-2024 05:45,33,88,88
08-05-2024 06:00,33,86,86
08-05-2024 06:15,32,85,85
08-05-2024 06:30,37,105,103
08-05-2024 06:45,70,235,190
08-05-2024 07:00,54,170,147
08-05-2024 07:15,52,163,142
08-05-2024 07:30,494,654,680
08-05-2024 07:45,166,380,338
08-05-2024 08:00,140,344,315
08-05-2024 08:15,313,518,510
08-05-2024 08:30,252,469,449
08-05-2024 08:45,135,337,312
08-05-2024 09:00,106,295,253
08-05-2024 09:15,108,297,260
08-05-2024 09:30,88,272,222
08-05-2024 09:45,92,276,226
08-05-2024 10:00,91,276,226
08-05-2024 10:15,84,266,216
08-05-2024 10:30,88,271,221
08-05-2024 10:45,82,262,212
08-05-2024 11:00,77,252,202
08-05-2024 11:15,67,222,181
08-05-2024 11:30,60,194,163
08-05-2024 11:45,54,168,145
08-05-2024 12:00,56,179,153
08-05-2024 12:15,52,162,141
08-05-2024 12:30,51,158,139
08-05-2024 12:45,52,163,142
08-05-2024 13:00,52,160,140
08-05-2024 13:15,50,153,135
08-05-2024 13:30,55,171,147
08-05-2024 13:45,63,203,169
08-05-2024 14:00,70,231,187
08-05-2024 14:15,65,211,174
08-05-2024 14:30,56,177,151
08-05-2024 14:45,50,151,134
08-05-2024 15:00,48,145,130
08-05-2024 15:15,42,122,115
08-05-2024 15:30,43,128,119
08-05-2024 15:45,52,163,142
08-05-2024 16:00,48,147,131
08-05-2024 16:15,47,144,129
08-05-2024 16:30,44,132,121
08-05-2024 16:45,41,116,111
08-05-2024 17:00,38,105,103
08-05-2024 17:15,46,137,125
08-05-2024 17:30,57,179,153
08-05-2024 17:45,62,200,167
08-05-2024 18:00,63,204,169
08-05-2024 18:15,59,186,157
08-05-2024 18:30,55,172,148
08-05-2024 18:45,53,165,143
08-05-2024 19:00,51,157,138
08-05-2024 19:15,50,154,136
08-05-2024 19:30,49,149,133
08-05-2024 19:45,48,148,132
08-05-2024 20:00,48,146,131
08-05-2024 20:15,48,148,132
08-05-2024 20:30,49,149,133
08-05-2024 20:45,50,153,135
08-05-2024 21:00,49,149,133
08-05-2024 21:15,48,146,131
08-05-2024 21:30,48,147,131
08-05-2024 21:45,48,145,130
08-05-2024 22:00,48,145,130
08-05-2024 22:15,50,154,136
08-05-2024 22:30,43,128,119
08-05-2024 22:45,40,114,109
08-05-2024 23:00,38,108,105
08-05-2024 23:15,38,106,104
08-05-2024 23:30,37,101,101
08-05-2024 23:45,37,101,101
09-05-2024 00:00,35,95,95
09-05-2024 00:15,34,90,90
09-05-2024 00:30,34,90,90
09-05-2024 00:45,34,90,90
09-05-2024 01:00,34,90,90
09-05-2024 01:15,33,86,86
09-05-2024 01:30,32,85,85
09-05-2024 01:45,32,83,83
09-05-2024 02:00,32,85,85
09-05-2024 02:15,32,83,83
09-05-2024 02:30,31,80,80
09-05-2024 02:45,31,78,78
09-05-2024 03:00,31,77,77
09-05-2024 03:15,30,74,74
09-05-2024 03:30,29,71,71
09-05-2024 03:45,28,69,69
09-05-2024 04:00,28,69,69
09-05-2024 04:15,28,66,66
09-05-2024 04:30,28,66,66
09-05-2024 04:45,27,65,65
09-05-2024 05:00,29,69,69
09-05-2024 05:15,27,64,64
09-05-2024 05:30,28,67,67
09-05-2024 05:45,28,68,68
09-05-2024 06:00,30,75,75
09-05-2024 06:15,29,72,72
09-05-2024 06:30,30,72,72
09-05-2024 06:45,30,73,73
09-05-2024 07:00,30,75,75
09-05-2024 07:15,32,83,83
09-05-2024 07:30,39,110,107
09-05-2024 07:45,41,117,111
09-05-2024 08:00,55,173,149
09-05-2024 08:15,165,335,335
09-05-2024 08:30,49,150,133
09-05-2024 08:45,48,145,130
09-05-2024 09:00,44,129,119
09-05-2024 09:15,80,206,171
09-05-2024 09:30,152,358,325
09-05-2024 09:45,267,472,452
09-05-2024 10:00,158,365,329
09-05-2024 10:15,122,315,302
09-05-2024 10:30,101,288,238
09-05-2024 10:45,113,304,277
09-05-2024 11:00,117,309,290
09-05-2024 11:15,170,380,338
09-05-2024 11:30,103,291,243
09-05-2024 11:45,84,266,216
09-05-2024 12:00,69,225,183
09-05-2024 12:15,57,179,153
09-05-2024 12:30,55,175,150
09-05-2024 12:45,51,156,137
09-05-2024 13:00,47,141,127
09-05-2024 13:15,47,143,129
09-05-2024 13:30,42,124,116
09-05-2024 13:45,41,120,113
09-05-2024 14:00,41,119,113
09-05-2024 14:15,41,117,111
09-05-2024 14:30,41,119,113
09-05-2024 14:45,41,118,112
09-05-2024 15:00,40,116,111
09-05-2024 15:15,40,112,108
09-05-2024 15:30,40,114,109
09-05-2024 15:45,41,117,111
09-05-2024 16:00,39,112,108
09-05-2024 16:15,40,113,109
09-05-2024 16:30,39,110,107
09-05-2024 16:45,39,111,107
09-05-2024 17:00,39,112,108
09-05-2024 17:15,41,117,111
09-05-2024 17:30,40,116,111
09-05-2024 17:45,40,113,109
09-05-2024 18:00,38,108,105
09-05-2024 18:15,37,104,103
09-05-2024 18:30,37,104,103
09-05-2024 18:45,46,140,127
09-05-2024 19:00,46,140,127
09-05-2024 19:15,45,134,123
09-05-2024 19:30,42,124,116
09-05-2024 19:45,42,122,115
09-05-2024 20:00,45,133,122
09-05-2024 20:15,43,127,118
09-05-2024 20:30,43,127,118
09-05-2024 20:45,42,121,114
09-05-2024 21:00,41,120,113
09-05-2024 21:15,40,113,109
09-05-2024 21:30,39,109,106
09-05-2024 21:45,36,100,100
09-05-2024 22:00,36,97,97
09-05-2024 22:15,38,108,105
09-05-2024 22:30,35,95,95
09-05-2024 22:45,32,85,85
09-05-2024 23:00,32,84,84
09-05-2024 23:15,31,79,79
09-05-2024 23:30,30,75,75
09-05-2024 23:45,42,123,115
10-05-2024 00:00,51,157,138
10-05-2024 00:15,56,177,151
10-05-2024 00:30,58,185,157
10-05-2024 00:45,59,190,160
10-05-2024 01:00,58,187,158
10-05-2024 01:15,60,193,162
10-05-2024 01:30,64,208,172
10-05-2024 01:45,64,210,173
10-05-2024 02:00,66,214,176
10-05-2024 02:15,68,224,183
10-05-2024 02:30,70,232,188
10-05-2024 02:45,72,238,192
10-05-2024 03:00,66,217,178
10-05-2024 03:15,63,203,169
10-05-2024 03:30,61,198,165
10-05-2024 03:45,62,199,166
10-05-2024 04:00,63,204,169
10-05-2024 04:15,63,206,171
10-05-2024 04:30,64,210,173
10-05-2024 04:45,66,217,178
10-05-2024 05:00,67,220,180
10-05-2024 05:15,70,230,187
10-05-2024 05:30,70,233,189
10-05-2024 05:45,75,248,199
10-05-2024 06:00,77,254,204
10-05-2024 06:15,74,248,199
10-05-2024 06:30,67,221,181
10-05-2024 06:45,73,235,190
10-05-2024 07:00,81,260,210
10-05-2024 07:15,77,251,201
10-05-2024 07:30,582,737,784
10-05-2024 07:45,547,702,740
10-05-2024 08:00,273,486,470
10-05-2024 08:15,96,282,232
10-05-2024 08:30,90,275,225
10-05-2024 08:45,80,259,209
10-05-2024 09:00,75,250,200
10-05-2024 09:15,69,227,185
10-05-2024 09:30,59,190,160
10-05-2024 09:45,56,177,151
10-05-2024 10:00,70,232,188
10-05-2024 10:15,122,316,302
10-05-2024 10:30,91,276,226
10-05-2024 10:45,151,356,324
10-05-2024 11:00,100,287,237
10-05-2024 11:15,89,273,223
10-05-2024 11:30,86,268,218
10-05-2024 11:45,79,257,207
10-05-2024 12:00,73,243,195
10-05-2024 12:15,66,215,177
10-05-2024 12:30,60,194,163
10-05-2024 12:45,56,176,151
10-05-2024 13:00,50,154,136
10-05-2024 13:15,45,136,124
10-05-2024 13:30,48,147,131
10-05-2024 13:45,53,162,141
10-05-2024 14:00,73,240,193
10-05-2024 14:15,64,209,173
10-05-2024 14:30,58,183,155
10-05-2024 14:45,53,165,143
10-05-2024 15:00,50,155,137
10-05-2024 15:15,48,145,130
10-05-2024 15:30,46,138,125
10-05-2024 15:45,51,156,137
10-05-2024 16:00,50,155,137
10-05-2024 16:15,47,140,127
10-05-2024 16:30,95,243,217
10-05-2024 16:45,103,290,243
10-05-2024 17:00,83,265,215
10-05-2024 17:15,77,254,204
10-05-2024 17:30,74,248,199
10-05-2024 17:45,72,238,192
10-05-2024 18:00,63,205,170
10-05-2024 18:15,56,177,151
10-05-2024 18:30,51,158,139
10-05-2024 18:45,46,140,127
10-05-2024 19:00,43,128,119
10-05-2024 19:15,42,122,115
10-05-2024 19:30,47,141,127
10-05-2024 19:45,127,328,305
10-05-2024 20:00,99,286,236
10-05-2024 20:15,88,271,221
10-05-2024 20:30,85,268,218
10-05-2024 20:45,82,262,212
10-05-2024 21:00,79,258,208
10-05-2024 21:15,77,254,204
10-05-2024 21:30,75,251,201
10-05-2024 21:45,81,260,210
10-05-2024 22:00,83,264,214
10-05-2024 22:15,84,267,217
10-05-2024 22:30,80,263,213
10-05-2024 22:45,53,181,154
10-05-2024 23:00,39,114,109
10-05-2024 23:15,33,90,90
10-05-2024 23:30,27,65,65
10-05-2024 23:45,24,53,53
11-05-2024 00:00,20,43,43
11-05-2024 00:15,16,35,35
11-05-2024 00:30,14,31,31
11-05-2024 00:45,12,25,25
11-05-2024 01:00,11,23,23
11-05-2024 01:15,8,16,16
11-05-2024 01:30,7,14,14
11-05-2024 01:45,6,11,11
11-05-2024 02:00,6,10,10
11-05-2024 02:15,5,9,9
11-05-2024 02:30,5,10,10
11-05-2024 02:45,4,8,8
11-05-2024 03:00,4,8,8
11-05-2024 03:15,5,9,9
11-05-2024 03:30,5,9,9
11-05-2024 03:45,6,12,12
11-05-2024 04:00,8,15,15
11-05-2024 04:15,9,18,18
11-05-2024 04:30,8,17,17
11-05-2024 04:45,10,20,20
11-05-2024 05:00,11,22,22
11-05-2024 05:15,11,23,23
11-05-2024 05:30,13,27,27
11-05-2024 05:45,14,28,28
11-05-2024 06:00,15,33,33
11-05-2024 06:15,16,34,34
11-05-2024 06:30,16,34,34
11-05-2024 06:45,16,33,33
11-05-2024 07:00,22,48,48
11-05-2024 07:15,33,85,85
11-05-2024 07:30,72,243,195
11-05-2024 07:45,84,266,216
11-05-2024 08:00,948,1465,1694
11-05-2024 08:15,497,680,712
11-05-2024 08:30,161,378,335
11-05-2024 08:45,89,274,224
11-05-2024 09:00,73,244,196
11-05-2024 09:15,59,188,159
11-05-2024 09:30,49,150,133
11-05-2024 09:45,43,128,119
11-05-2024 10:00,47,142,128
11-05-2024 10:15,63,205,170
11-05-2024 10:30,52,160,140
11-05-2024 10:45,58,184,156
11-05-2024 11:00,61,195,163
11-05-2024 11:15,54,170,147
11-05-2024 11:30,61,199,166
11-05-2024 11:45,60,192,161
11-05-2024 12:00,48,145,130
11-05-2024 12:15,42,121,114
11-05-2024 12:30,37,104,103
11-05-2024 12:45,35,94,94
11-05-2024 13:00,32,86,86
11-05-2024 13:15,31,79,79
11-05-2024 13:30,30,75,75
11-05-2024 13:45,28,68,68
11-05-2024 14:00,28,65,65
11-05-2024 14:15,28,64,64
11-05-2024 14:30,27,63,63
11-05-2024 14:45,27,60,60
11-05-2024 15:00,27,61,61
11-05-2024 15:15,34,90,90
11-05-2024 15:30,45,134,123
11-05-2024 15:45,51,159,139
11-05-2024 16:00,49,151,134
11-05-2024 16:15,55,174,149
11-05-2024 16:30,47,144,129
11-05-2024 16:45,39,111,107
11-05-2024 17:00,35,93,93
11-05-2024 17:15,35,95,95
11-05-2024 17:30,37,101,101
11-05-2024 17:45,38,108,105
11-05-2024 18:00,37,103,102
11-05-2024 18:15,58,187,158
11-05-2024 18:30,46,137,125
11-05-2024 18:45,38,106,104
11-05-2024 19:00,43,128,119
11-05-2024 19:15,40,114,109
11-05-2024 19:30,37,102,101
11-05-2024 19:45,35,94,94
11-05-2024 20:00,33,88,88
11-05-2024 20:15,33,87,87
11-05-2024 20:30,44,131,121
11-05-2024 20:45,37,104,103
11-05-2024 21:00,59,189,159
11-05-2024 21:15,47,141,127
11-05-2024 21:30,41,117,111
11-05-2024 21:45,38,106,104
11-05-2024 22:00,36,98,98
11-05-2024 22:15,34,91,91
11-05-2024 22:30,34,91,91
11-05-2024 22:45,38,108,105
11-05-2024 23:00,45,133,122
11-05-2024 23:15,42,122,115
11-05-2024 23:30,39,112,108
11-05-2024 23:45,36,98,98
12-05-2024 00:00,33,88,88
12-05-2024 00:15,33,89,89
12-05-2024 00:30,33,89,89
12-05-2024 00:45,33,89,89
12-05-2024 01:00,34,90,90
12-05-2024 01:15,33,89,89
12-05-2024 01:30,35,94,94
12-05-2024 01:45,35,95,95
12-05-2024 02:00,36,97,97
12-05-2024 02:15,36,98,98
12-05-2024 02:30,37,103,102
12-05-2024 02:45,37,104,103
12-05-2024 03:00,38,107,105
12-05-2024 03:15,39,111,107
12-05-2024 03:30,41,116,111
12-05-2024 03:45,42,122,115
12-05-2024 04:00,43,127,118
12-05-2024 04:15,44,130,120
12-05-2024 04:30,46,138,125
12-05-2024 04:45,47,142,128
12-05-2024 05:00,47,144,129
12-05-2024 05:15,47,143,129
12-05-2024 05:30,47,140,127
12-05-2024 05:45,47,141,127
12-05-2024 06:00,47,142,128
12-05-2024 06:15,47,142,128
12-05-2024 06:30,47,141,127
12-05-2024 06:45,48,145,130
12-05-2024 07:00,47,142,128
12-05-2024 07:15,45,137,125
12-05-2024 07:30,103,304,254
12-05-2024 07:45,159,397,359
12-05-2024 08:00,999,1999,2361
12-05-2024 08:15,999,1512,1752
12-05-2024 08:30,861,961,1064
12-05-2024 08:45,447,605,619
12-05-2024 09:00,294,508,498
12-05-2024 09:15,225,446,420
12-05-2024 09:30,184,399,361
12-05-2024 09:45,157,369,328
12-05-2024 10:00,135,335,312
12-05-2024 10:15,117,309,290
12-05-2024 10:30,100,286,236
12-05-2024 10:45,89,272,222
12-05-2024 11:00,84,265,215
12-05-2024 11:15,74,246,197
12-05-2024 11:30,67,222,181
12-05-2024 11:45,63,204,169
12-05-2024 12:00,60,191,161
12-05-2024 12:15,54,170,147
12-05-2024 12:30,50,153,135
12-05-2024 12:45,74,230,187
12-05-2024 13:00,72,237,191
12-05-2024 13:15,94,275,225
12-05-2024 13:30,83,264,214
12-05-2024 13:45,71,235,190
12-05-2024 14:00,60,193,162
12-05-2024 14:15,56,176,151
12-05-2024 14:30,51,157,138
12-05-2024 14:45,48,147,131
12-05-2024 15:00,52,161,141
12-05-2024 15:15,56,178,152
12-05-2024 15:30,58,183,155
12-05-2024 15:45,58,186,157
12-05-2024 16:00,59,189,159
12-05-2024 16:15,63,204,169
12-05-2024 16:30,69,228,185
12-05-2024 16:45,59,190,160
12-05-2024 17:00,54,171,147
12-05-2024 17:15,50,151,134
12-05-2024 17:30,77,229,186
12-05-2024 17:45,83,264,214
12-05-2024 18:00,74,245,197
12-05-2024 18:15,64,207,171
12-05-2024 18:30,65,213,175
12-05-2024 18:45,67,218,179
12-05-2024 19:00,82,259,209
12-05-2024 19:15,87,270,220
12-05-2024 19:30,79,257,207
12-05-2024 19:45,72,238,192
12-05-2024 20:00,71,237,191
12-05-2024 20:15,71,233,189
12-05-2024 20:30,67,221,181
12-05-2024 20:45,62,199,166
12-05-2024 21:00,59,190,160
12-05-2024 21:15,61,193,162
12-05-2024 21:30,70,231,187
12-05-2024 21:45,61,197,165
12-05-2024 22:00,57,181,154
12-05-2024 22:15,52,163,142
12-05-2024 22:30,48,147,131
12-05-2024 22:45,42,124,116
12-05-2024 23:00,40,115,110
12-05-2024 23:15,39,110,107
12-05-2024 23:30,38,106,104
12-05-2024 23:45,38,106,104
13-05-2024 00:00,38,105,103
13-05-2024 00:15,39,111,107
13-05-2024 00:30,40,114,109
13-05-2024 00:45,41,118,112
13-05-2024 01:00,42,124,116
13-05-2024 01:15,44,132,121
13-05-2024 01:30,47,141,127
13-05-2024 01:45,47,142,128
13-05-2024 02:00,48,146,131
13-05-2024 02:15,49,148,132
13-05-2024 02:30,49,150,133
13-05-2024 02:45,49,150,133
13-05-2024 03:00,49,150,133
13-05-2024 03:15,49,150,133
13-05-2024 03:30,49,150,133
13-05-2024 03:45,49,151,134
13-05-2024 04:00,50,152,135
13-05-2024 04:15,50,153,135
13-05-2024 04:30,50,152,135
13-05-2024 04:45,50,154,136
13-05-2024 05:00,49,151,134
13-05-2024 05:15,50,152,135
13-05-2024 05:30,51,156,137
13-05-2024 05:45,51,157,138
13-05-2024 06:00,52,160,140
13-05-2024 06:15,52,161,141
13-05-2024 06:30,49,149,133
13-05-2024 06:45,42,124,116
13-05-2024 07:00,48,145,130
13-05-2024 07:15,75,232,188
13-05-2024 07:30,252,548,548
13-05-2024 07:45,138,376,332
13-05-2024 08:00,134,350,311
13-05-2024 08:15,100,290,240
13-05-2024 08:30,437,615,631
13-05-2024 08:45,261,481,464
13-05-2024 09:00,199,419,386
13-05-2024 09:15,165,381,339
13-05-2024 09:30,140,344,315
13-05-2024 09:45,116,307,287
13-05-2024 10:00,100,287,237
13-05-2024 10:15,95,280,230
13-05-2024 10:30,91,276,226
13-05-2024 10:45,88,271,221
13-05-2024 11:00,87,270,220
13-05-2024 11:15,86,269,219
13-05-2024 11:30,85,268,218
13-05-2024 11:45,87,270,220
13-05-2024 12:00,87,270,220
13-05-2024 12:15,85,268,218
13-05-2024 12:30,80,259,209
13-05-2024 12:45,76,252,202
13-05-2024 13:00,90,271,221
13-05-2024 13:15,176,388,348
13-05-2024 13:30,135,335,312
13-05-2024 13:45,118,310,293
13-05-2024 14:00,105,293,250
13-05-2024 14:15,97,283,233
13-05-2024 14:30,90,273,223
13-05-2024 14:45,82,263,213
13-05-2024 15:00,71,234,189
13-05-2024 15:15,65,212,175
13-05-2024 15:30,58,184,156
13-05-2024 15:45,54,170,147
13-05-2024 16:00,55,173,149
13-05-2024 16:15,54,168,145
13-05-2024 16:30,52,162,141
13-05-2024 16:45,51,158,139
13-05-2024 17:00,50,154,136
13-05-2024 17:15,52,163,142
13-05-2024 17:30,55,172,148
13-05-2024 17:45,59,190,160
13-05-2024 18:00,76,251,201
13-05-2024 18:15,79,258,208
13-05-2024 18:30,85,267,217
13-05-2024 18:45,87,270,220
13-05-2024 19:00,86,269,219
13-05-2024 19:15,85,267,217
13-05-2024 19:30,89,271,221
13-05-2024 19:45,93,277,227
13-05-2024 20:00,79,256,206
13-05-2024 20:15,72,237,191
13-05-2024 20:30,65,211,174
13-05-2024 20:45,62,208,172
13-05-2024 21:00,55,191,161
13-05-2024 21:15,52,181,154
13-05-2024 21:30,50,172,148
13-05-2024 21:45,49,169,146
13-05-2024 22:00,48,163,142
13-05-2024 22:15,51,176,151
13-05-2024 22:30,66,234,189
13-05-2024 22:45,59,209,173
13-05-2024 23:00,57,200,167
13-05-2024 23:15,56,194,163
13-05-2024 23:30,53,185,157
13-05-2024 23:45,51,177,151
14-05-2024 00:00,50,173,149
14-05-2024 00:15,49,169,146
14-05-2024 00:30,48,166,144
14-05-2024 00:45,48,163,142
14-05-2024 01:00,47,161,141
14-05-2024 01:15,46,154,136
14-05-2024 01:30,45,150,133
14-05-2024 01:45,44,148,132
14-05-2024 02:00,43,145,130
14-05-2024 02:15,43,143,129
14-05-2024 02:30,43,144,129
14-05-2024 02:45,42,141,127
14-05-2024 03:00,43,144,129
14-05-2024 03:15,42,140,127
14-05-2024 03:30,41,135,123
14-05-2024 03:45,41,134,123
14-05-2024 04:00,41,136,124
14-05-2024 04:15,41,134,123
14-05-2024 04:30,42,139,126
14-05-2024 04:45,43,143,129
14-05-2024 05:00,43,144,129
14-05-2024 05:15,43,144,129
14-05-2024 05:30,43,145,130
14-05-2024 05:45,45,151,134
14-05-2024 06:00,46,157,138
14-05-2024 06:15,49,166,144
14-05-2024 06:30,52,180,153
14-05-2024 06:45,57,198,165
14-05-2024 07:00,66,234,189
14-05-2024 07:15,97,301,251
14-05-2024 07:30,488,698,735
14-05-2024 07:45,549,694,730
14-05-2024 08:00,299,513,504
14-05-2024 08:15,230,458,435
14-05-2024 08:30,206,436,408
14-05-2024 08:45,179,405,369
14-05-2024 09:00,153,377,334
14-05-2024 09:15,140,355,315
14-05-2024 09:30,131,343,308
14-05-2024 09:45,120,328,300
14-05-2024 10:00,109,314,264
14-05-2024 10:15,100,304,254
14-05-2024 10:30,94,297,247
14-05-2024 10:45,89,291,241
14-05-2024 11:00,88,290,240
14-05-2024 11:15,85,287,237
14-05-2024 11:30,85,286,236
14-05-2024 11:45,88,290,240
14-05-2024 12:00,84,285,235
14-05-2024 12:15,85,286,236
14-05-2024 12:30,86,287,237
14-05-2024 12:45,80,279,229
14-05-2024 13:00,75,268,218
14-05-2024 13:15,69,247,198
14-05-2024 13:30,59,209,173
14-05-2024 13:45,146,359,320
14-05-2024 14:00,108,312,262
14-05-2024 14:15,97,301,251
14-05-2024 14:30,92,295,245
14-05-2024 14:45,87,289,239
14-05-2024 15:00,82,281,231
14-05-2024 15:15,74,267,217
14-05-2024 15:30,67,238,192
14-05-2024 15:45,67,239,193
14-05-2024 16:00,68,242,195
14-05-2024 16:15,61,214,176
14-05-2024 16:30,52,182,155
14-05-2024 16:45,55,191,161
14-05-2024 17:00,48,166,144
14-05-2024 17:15,48,164,143
14-05-2024 17:30,49,169,146
14-05-2024 17:45,48,165,143
14-05-2024 18:00,50,170,147
14-05-2024 18:15,49,169,146
14-05-2024 18:30,53,182,155
14-05-2024 18:45,66,236,191
14-05-2024 19:00,70,253,203
14-05-2024 19:15,84,281,231
14-05-2024 19:30,91,294,244
14-05-2024 19:45,81,280,230
14-05-2024 20:00,79,277,227
14-05-2024 20:15,111,327,277
14-05-2024 20:30,101,309,259
14-05-2024 20:45,93,299,249
14-05-2024 21:00,89,300,250
14-05-2024 21:15,85,293,243
14-05-2024 21:30,82,285,235
14-05-2024 21:45,78,272,222
14-05-2024 22:00,74,256,206
14-05-2024 22:15,69,232,188
14-05-2024 22:30,64,213,175
14-05-2024 22:45,60,194,163
14-05-2024 23:00,58,184,156
14-05-2024 23:15,56,174,149
14-05-2024 23:30,56,173,149
14-05-2024 23:45,54,165,143
15-05-2024 00:00,53,162,141
15-05-2024 00:15,54,166,144
15-05-2024 00:30,56,175,150
15-05-2024 00:45,56,176,151
15-05-2024 01:00,56,173,149
15-05-2024 01:15,54,168,145
15-05-2024 01:30,54,165,143
15-05-2024 01:45,52,159,139
15-05-2024 02:00,51,156,137
15-05-2024 02:15,52,158,139
15-05-2024 02:30,52,157,138
15-05-2024 02:45,51,153,135
15-05-2024 03:00,51,153,135
15-05-2024 03:15,51,153,135
15-05-2024 03:30,50,150,133
15-05-2024 03:45,67,223,182
15-05-2024 04:00,69,232,188
15-05-2024 04:15,65,215,177
15-05-2024 04:30,58,182,155
15-05-2024 04:45,54,168,145
15-05-2024 05:00,55,168,145
15-05-2024 05:15,54,164,143
15-05-2024 05:30,53,161,141
15-05-2024 05:45,53,161,141
15-05-2024 06:00,52,159,139
15-05-2024 06:15,53,163,142
15-05-2024 06:30,55,171,147
15-05-2024 06:45,62,202,168
15-05-2024 07:00,83,288,238
15-05-2024 07:15,96,311,261
15-05-2024 07:30,409,613,629
15-05-2024 07:45,332,562,565
15-05-2024 08:00,185,428,398
15-05-2024 08:15,126,353,305
15-05-2024 08:30,488,682,715
15-05-2024 08:45,176,416,382
15-05-2024 09:00,132,359,311
15-05-2024 09:15,111,334,284
15-05-2024 09:30,105,323,273
15-05-2024 09:45,111,333,283
15-05-2024 10:00,100,316,266
15-05-2024 10:15,93,305,255
15-05-2024 10:30,93,306,256
15-05-2024 10:45,90,302,252
15-05-2024 11:00,85,291,241
15-05-2024 11:15,82,285,235
15-05-2024 11:30,81,283,233
15-05-2024 11:45,78,274,224
15-05-2024 12:00,79,275,225
15-05-2024 12:15,100,307,257
15-05-2024 12:30,97,318,268
15-05-2024 12:45,82,286,236
15-05-2024 13:00,76,262,212
15-05-2024 13:15,73,249,199
15-05-2024 13:30,62,200,167
15-05-2024 13:45,54,166,144
15-05-2024 14:00,60,192,161
15-05-2024 14:15,61,199,166
15-05-2024 14:30,65,215,177
15-05-2024 14:45,83,277,227
15-05-2024 15:00,73,251,201
15-05-2024 15:15,62,201,167
15-05-2024 15:30,61,198,165
15-05-2024 15:45,73,249,199
15-05-2024 16:00,72,245,197
15-05-2024 16:15,71,242,195
15-05-2024 16:30,68,229,186
15-05-2024 16:45,68,230,187
15-05-2024 17:00,70,236,191
15-05-2024 17:15,68,229,186
15-05-2024 17:30,69,235,190
15-05-2024 17:45,71,243,195
15-05-2024 18:00,64,211,174
15-05-2024 18:15,59,192,161
15-05-2024 18:30,60,196,164
15-05-2024 18:45,58,185,157
15-05-2024 19:00,63,206,171
15-05-2024 19:15,78,273,223
15-05-2024 19:30,71,241,194
15-05-2024 19:45,58,183,155
15-05-2024 20:00,52,159,139
15-05-2024 20:15,49,146,131
15-05-2024 20:30,48,140,127
15-05-2024 20:45,51,152,135
15-05-2024 21:00,57,180,153
15-05-2024 21:15,57,178,152
15-05-2024 21:30,54,167,145
15-05-2024 21:45,61,196,164
15-05-2024 22:00,64,210,173
15-05-2024 22:15,55,170,147
15-05-2024 22:30,51,153,135
15-05-2024 22:45,48,142,128
15-05-2024 23:00,48,142,128
15-05-2024 23:15,48,140,127
15-05-2024 23:30,48,141,127
15-05-2024 23:45,49,144,129
16-05-2024 00:00,49,147,131
16-05-2024 00:15,51,154,136
16-05-2024 00:30,52,157,138
16-05-2024 00:45,53,161,141
16-05-2024 01:00,54,166,144
16-05-2024 01:15,55,170,147
16-05-2024 01:30,56,174,149
16-05-2024 01:45,57,178,152
16-05-2024 02:00,56,177,151
16-05-2024 02:15,56,176,151
16-05-2024 02:30,56,173,149
16-05-2024 02:45,54,165,143
16-05-2024 03:00,53,161,141
16-05-2024 03:15,54,165,143
16-05-2024 03:30,53,160,140
16-05-2024 03:45,50,150,133
16-05-2024 04:00,50,148,132
16-05-2024 04:15,49,144,129
16-05-2024 04:30,49,144,129
16-05-2024 04:45,48,140,127
16-05-2024 05:00,48,142,128
16-05-2024 05:15,48,142,128
16-05-2024 05:30,49,146,131
16-05-2024 05:45,51,155,137
16-05-2024 06:00,55,170,147
16-05-2024 06:15,54,167,145
16-05-2024 06:30,50,149,133
16-05-2024 06:45,63,208,172
16-05-2024 07:00,76,262,212
16-05-2024 07:15,113,330,280
16-05-2024 07:30,210,426,395
16-05-2024 07:45,324,542,540
16-05-2024 08:00,162,391,351
16-05-2024 08:15,126,353,305
16-05-2024 08:30,106,326,276
16-05-2024 08:45,98,312,262
16-05-2024 09:00,94,307,257
16-05-2024 09:15,89,298,248
16-05-2024 09:30,87,295,245
16-05-2024 09:45,87,295,245
16-05-2024 10:00,81,282,232
16-05-2024 10:15,73,251,201
16-05-2024 10:30,64,212,175
16-05-2024 10:45,60,193,162
16-05-2024 11:00,60,192,161
16-05-2024 11:15,66,220,180
16-05-2024 11:30,65,214,176
16-05-2024 11:45,63,207,171
16-05-2024 12:00,57,181,154
16-05-2024 12:15,56,176,151
16-05-2024 12:30,57,182,155
16-05-2024 12:45,65,212,175
16-05-2024 13:00,90,301,251
16-05-2024 13:15,90,301,251
16-05-2024 13:30,86,293,243
16-05-2024 13:45,88,297,247
16-05-2024 14:00,81,282,232
16-05-2024 14:15,77,268,218
16-05-2024 14:30,69,234,189
16-05-2024 14:45,78,267,217
16-05-2024 15:00,79,276,226
16-05-2024 15:15,69,231,187
16-05-2024 15:30,69,232,188
16-05-2024 15:45,66,221,181
16-05-2024 16:00,62,203,169
16-05-2024 16:15,60,191,161
16-05-2024 16:30,54,167,145
16-05-2024 16:45,63,206,171
16-05-2024 17:00,68,229,186
16-05-2024 17:15,70,237,191
16-05-2024 17:30,73,251,201
16-05-2024 17:45,69,232,188
16-05-2024 18:00,63,208,172
16-05-2024 18:15,59,187,158
16-05-2024 18:30,57,178,152
16-05-2024 18:45,54,168,145
16-05-2024 19:00,55,171,147
16-05-2024 19:15,55,170,147
16-05-2024 19:30,56,174,149
16-05-2024 19:45,57,181,154
16-05-2024 20:00,59,188,159
16-05-2024 20:15,58,186,157
16-05-2024 20:30,68,229,186
16-05-2024 20:45,87,295,245
16-05-2024 21:00,93,306,256
16-05-2024 21:15,84,289,239
16-05-2024 21:30,80,279,229
16-05-2024 21:45,74,257,207
16-05-2024 22:00,72,245,197
16-05-2024 22:15,70,239,193
16-05-2024 22:30,69,233,189
16-05-2024 22:45,63,205,170
16-05-2024 23:00,60,194,163
16-05-2024 23:15,59,189,159
16-05-2024 23:30,57,180,153
16-05-2024 23:45,55,172,148
17-05-2024 00:00,53,163,142
17-05-2024 00:15,53,164,143
17-05-2024 00:30,50,152,135
17-05-2024 00:45,51,154,136
17-05-2024 01:00,50,148,132
17-05-2024 01:15,49,146,131
17-05-2024 01:30,49,146,131
17-05-2024 01:45,49,144,129
17-05-2024 02:00,48,142,128
17-05-2024 02:15,49,144,129
17-05-2024 02:30,48,142,128
17-05-2024 02:45,49,143,129
17-05-2024 03:00,48,141,127
17-05-2024 03:15,48,141,127
17-05-2024 03:30,50,151,134
17-05-2024 03:45,53,164,143
17-05-2024 04:00,54,167,145
17-05-2024 04:15,55,171,147
17-05-2024 04:30,56,177,151
17-05-2024 04:45,56,175,150
17-05-2024 05:00,55,170,147
17-05-2024 05:15,54,167,145
17-05-2024 05:30,54,166,144
17-05-2024 05:45,57,180,153
17-05-2024 06:00,59,192,161
17-05-2024 06:15,62,204,169
17-05-2024 06:30,69,231,187
17-05-2024 06:45,76,263,213
17-05-2024 07:00,76,266,216
17-05-2024 07:15,75,259,209
17-05-2024 07:30,75,259,209
17-05-2024 07:45,74,256,206
17-05-2024 08:00,89,298,248
17-05-2024 08:15,933,1694,1980
17-05-2024 08:30,984,1521,1764
17-05-2024 08:45,436,632,652
17-05-2024 09:00,184,422,390
17-05-2024 09:15,127,352,305
17-05-2024 09:30,101,318,268
17-05-2024 09:45,89,299,249
17-05-2024 10:00,83,286,236
17-05-2024 10:15,78,274,224
17-05-2024 10:30,73,252,202
17-05-2024 10:45,73,251,201
17-05-2024 11:00,78,272,222
17-05-2024 11:15,82,285,235
17-05-2024 11:30,81,282,232
17-05-2024 11:45,81,283,233
17-05-2024 12:00,75,259,209
17-05-2024 12:15,63,206,171
17-05-2024 12:30,55,173,149
17-05-2024 12:45,48,139,126
17-05-2024 13:00,43,116,111
17-05-2024 13:15,41,108,105
17-05-2024 13:30,56,167,145
17-05-2024 13:45,86,298,248
17-05-2024 14:00,73,256,206
17-05-2024 14:15,62,202,168
17-05-2024 14:30,56,174,149
17-05-2024 14:45,53,163,142
17-05-2024 15:00,49,145,130
17-05-2024 15:15,68,230,187
17-05-2024 15:30,70,236,191
17-05-2024 15:45,72,247,198
17-05-2024 16:00,71,240,193
17-05-2024 16:15,71,243,195
17-05-2024 16:30,65,217,178
17-05-2024 16:45,58,184,156
17-05-2024 17:00,53,160,140
17-05-2024 17:15,51,152,135
17-05-2024 17:30,50,149,133
17-05-2024 17:45,49,147,131
17-05-2024 18:00,60,197,165
17-05-2024 18:15,75,263,213
17-05-2024 18:30,75,262,212
17-05-2024 18:45,79,277,227
17-05-2024 19:00,75,264,214
17-05-2024 19:15,70,244,196
17-05-2024 19:30,70,241,194
17-05-2024 19:45,70,239,193
17-05-2024 20:00,64,212,175
17-05-2024 20:15,59,190,160
17-05-2024 20:30,56,177,151
17-05-2024 20:45,52,159,139
17-05-2024 21:00,50,151,134
17-05-2024 21:15,49,144,129
17-05-2024 21:30,72,246,197
17-05-2024 21:45,70,236,191
17-05-2024 22:00,61,196,164
17-05-2024 22:15,57,181,154
17-05-2024 22:30,52,158,139
17-05-2024 22:45,50,149,133
17-05-2024 23:00,48,141,127
17-05-2024 23:15,54,166,144
17-05-2024 23:30,51,153,135
17-05-2024 23:45,49,146,131
18-05-2024 00:00,49,144,129
18-05-2024 00:15,49,143,129
18-05-2024 00:30,48,141,127
18-05-2024 00:45,48,141,127
18-05-2024 01:00,48,139,126
18-05-2024 01:15,48,140,127
18-05-2024 01:30,48,139,126
18-05-2024 01:45,48,142,128
18-05-2024 02:00,49,144,129
18-05-2024 02:15,49,144,129
18-05-2024 02:30,49,144,129
18-05-2024 02:45,49,143,129
18-05-2024 03:00,49,145,130
18-05-2024 03:15,49,143,129
18-05-2024 03:30,48,140,127
18-05-2024 03:45,50,147,131
18-05-2024 04:00,55,170,147
18-05-2024 04:15,64,209,173
18-05-2024 04:30,70,237,191
18-05-2024 04:45,73,253,203
18-05-2024 05:00,78,273,223
18-05-2024 05:15,78,273,223
18-05-2024 05:30,78,275,225
18-05-2024 05:45,78,274,224
18-05-2024 06:00,77,270,220
18-05-2024 06:15,76,267,217
18-05-2024 06:30,80,280,230
18-05-2024 06:45,87,295,245
18-05-2024 07:00,89,299,249
18-05-2024 07:15,88,298,248
18-05-2024 07:30,363,662,690
18-05-2024 07:45,325,600,612
18-05-2024 08:00,91,304,254
18-05-2024 08:15,98,312,262
18-05-2024 08:30,630,930,1025
18-05-2024 08:45,464,643,666
18-05-2024 09:00,226,475,456
18-05-2024 09:15,158,388,348
18-05-2024 09:30,119,344,297
18-05-2024 09:45,99,315,265
18-05-2024 10:00,116,338,288
18-05-2024 10:15,88,297,247
18-05-2024 10:30,80,281,231
18-05-2024 10:45,79,274,224
18-05-2024 11:00,83,288,238
18-05-2024 11:15,81,282,232
18-05-2024 11:30,80,279,229
18-05-2024 11:45,78,275,225
18-05-2024 12:00,79,277,227
18-05-2024 12:15,81,283,233
18-05-2024 12:30,82,284,234
18-05-2024 12:45,81,282,232
18-05-2024 13:00,83,286,236
18-05-2024 13:15,86,294,244
18-05-2024 13:30,81,281,231
18-05-2024 13:45,70,237,191
18-05-2024 14:00,63,205,170
18-05-2024 14:15,60,192,161
18-05-2024 14:30,52,157,138
18-05-2024 14:45,47,135,123
18-05-2024 15:00,48,140,127
18-05-2024 15:15,68,221,181
18-05-2024 15:30,92,303,253
18-05-2024 15:45,84,290,240
18-05-2024 16:00,78,272,222
18-05-2024 16:15,70,239,193
18-05-2024 16:30,65,214,176
18-05-2024 16:45,59,188,159
18-05-2024 17:00,53,163,142
18-05-2024 17:15,48,140,127
18-05-2024 17:30,45,124,116
18-05-2024 17:45,46,128,119
18-05-2024 18:00,41,109,106
18-05-2024 18:15,39,97,97
18-05-2024 18:30,38,91,91
18-05-2024 18:45,45,128,119
18-05-2024 19:00,60,200,167
18-05-2024 19:15,63,212,175
18-05-2024 19:30,56,178,152
18-05-2024 19:45,55,172,148
18-05-2024 20:00,56,173,149
18-05-2024 20:15,58,183,155
18-05-2024 20:30,124,283,303
18-05-2024 20:45,186,429,399
18-05-2024 21:00,130,359,311
18-05-2024 21:15,112,336,286
18-05-2024 21:30,100,317,267
18-05-2024 21:45,93,305,255
18-05-2024 22:00,86,293,243
18-05-2024 22:15,79,276,226
18-05-2024 22:30,73,250,200
18-05-2024 22:45,68,230,187
18-05-2024 23:00,63,203,169
18-05-2024 23:15,59,189,159
18-05-2024 23:30,57,181,154
18-05-2024 23:45,59,189,159
19-05-2024 00:00,59,189,159
19-05-2024 00:15,56,175,150
19-05-2024 00:30,57,178,152
19-05-2024 00:45,57,179,153
19-05-2024 01:00,56,174,149
19-05-2024 01:15,56,174,149
19-05-2024 01:30,55,171,147
19-05-2024 01:45,53,160,140
19-05-2024 02:00,51,153,135
19-05-2024 02:15,49,144,129
19-05-2024 02:30,48,141,127
19-05-2024 02:45,47,134,123
19-05-2024 03:00,45,127,118
19-05-2024 03:15,44,121,114
19-05-2024 03:30,43,116,111
19-05-2024 03:45,40,105,103
19-05-2024 04:00,39,99,99
19-05-2024 04:15,40,104,103
19-05-2024 04:30,41,111,107
19-05-2024 04:45,43,118,112
19-05-2024 05:00,45,125,117
19-05-2024 05:15,47,134,123
19-05-2024 05:30,48,138,125
19-05-2024 05:45,48,141,127
19-05-2024 06:00,50,149,133
19-05-2024 06:15,51,154,136
19-05-2024 06:30,52,160,140
19-05-2024 06:45,52,157,138
19-05-2024 07:00,53,160,140
19-05-2024 07:15,55,170,147
19-05-2024 07:30,56,174,149
19-05-2024 07:45,60,192,161
19-05-2024 08:00,69,239,193
19-05-2024 08:15,76,264,214
19-05-2024 08:30,78,277,227
19-05-2024 08:45,82,287,237
19-05-2024 09:00,84,290,240
19-05-2024 09:15,81,282,232
19-05-2024 09:30,82,285,235
19-05-2024 09:45,92,303,253
19-05-2024 10:00,112,335,285
19-05-2024 10:15,98,313,263
19-05-2024 10:30,92,304,254
19-05-2024 10:45,87,296,246
19-05-2024 11:00,83,287,237
19-05-2024 11:15,77,271,221
19-05-2024 11:30,80,278,228
19-05-2024 11:45,77,270,220
19-05-2024 12:00,67,223,182
19-05-2024 12:15,85,287,237
19-05-2024 12:30,82,284,234
19-05-2024 12:45,78,272,222
19-05-2024 13:00,69,234,189
19-05-2024 13:15,64,211,174
19-05-2024 13:30,56,174,149
19-05-2024 13:45,50,148,132
19-05-2024 14:00,46,128,119
19-05-2024 14:15,42,115,110
19-05-2024 14:30,41,109,106
19-05-2024 14:45,40,101,101
19-05-2024 15:00,38,94,94
19-05-2024 15:15,36,87,87
19-05-2024 15:30,36,82,82
19-05-2024 15:45,34,76,76
19-05-2024 16:00,31,71,71
19-05-2024 16:15,26,59,59
19-05-2024 16:30,24,54,54
19-05-2024 16:45,22,50,50
19-05-2024 17:00,22,50,50
19-05-2024 17:15,29,66,66
19-05-2024 17:30,35,93,93
19-05-2024 17:45,40,108,105
19-05-2024 18:00,38,96,96
19-05-2024 18:15,35,81,81
19-05-2024 18:30,33,75,75
19-05-2024 18:45,28,63,63
19-05-2024 19:00,26,59,59
19-05-2024 19:15,23,51,51
19-05-2024 19:30,27,61,61
19-05-2024 19:45,35,87,87
19-05-2024 20:00,61,207,171
19-05-2024 20:15,58,194,163
19-05-2024 20:30,55,180,153
19-05-2024 20:45,54,175,150
19-05-2024 21:00,53,169,146
19-05-2024 21:15,47,135,123
19-05-2024 21:30,44,123,115
19-05-2024 21:45,41,110,107
19-05-2024 22:00,40,103,102
19-05-2024 22:15,40,106,104
19-05-2024 22:30,39,101,101
19-05-2024 22:45,37,89,89
19-05-2024 23:00,36,81,81
19-05-2024 23:15,33,74,74
19-05-2024 23:30,29,65,65
19-05-2024 23:45,29,65,65
20-05-2024 00:00,25,56,56
20-05-2024 00:15,23,51,51
20-05-2024 00:30,25,56,56
20-05-2024 00:45,24,54,54
20-05-2024 01:00,24,55,55
20-05-2024 01:15,25,57,57
20-05-2024 01:30,25,57,57
20-05-2024 01:45,28,63,63
20-05-2024 02:00,31,70,70
20-05-2024 02:15,33,76,76
20-05-2024 02:30,34,78,78
20-05-2024 02:45,35,79,79
20-05-2024 03:00,34,78,78
20-05-2024 03:15,34,78,78
20-05-2024 03:30,37,92,92
20-05-2024 03:45,41,110,107
20-05-2024 04:00,46,137,125
20-05-2024 04:15,49,151,134
20-05-2024 04:30,48,146,131
20-05-2024 04:45,50,159,139
20-05-2024 05:00,49,151,134
20-05-2024 05:15,57,184,156
20-05-2024 05:30,64,210,173
20-05-2024 05:45,61,200,167
20-05-2024 06:00,58,188,159
20-05-2024 06:15,57,185,157
20-05-2024 06:30,59,192,161
20-05-2024 06:45,63,208,172
20-05-2024 07:00,65,218,179
20-05-2024 07:15,65,220,180
20-05-2024 07:30,63,218,179
20-05-2024 07:45,60,206,171
20-05-2024 08:00,60,203,169
20-05-2024 08:15,73,264,214
20-05-2024 08:30,78,276,226
20-05-2024 08:45,80,283,233
20-05-2024 09:00,81,284,234
20-05-2024 09:15,81,283,233
20-05-2024 09:30,86,295,245
20-05-2024 09:45,87,297,247
20-05-2024 10:00,89,299,249
20-05-2024 10:15,82,286,236
20-05-2024 10:30,79,277,227
20-05-2024 10:45,71,241,194
20-05-2024 11:00,68,231,187
20-05-2024 11:15,60,191,161
20-05-2024 11:30,63,209,173
20-05-2024 11:45,56,173,149
20-05-2024 12:00,52,158,139
20-05-2024 12:15,48,140,127
20-05-2024 12:30,45,125,117
20-05-2024 12:45,41,109,106
20-05-2024 13:00,39,100,100
20-05-2024 13:15,38,96,96
20-05-2024 13:30,37,90,90
20-05-2024 13:45,37,94,94
20-05-2024 14:00,37,89,89
20-05-2024 14:15,35,79,79
20-05-2024 14:30,31,69,69
20-05-2024 14:45,36,90,90
20-05-2024 15:00,39,99,99
20-05-2024 15:15,44,123,115
20-05-2024 15:30,42,113,109
20-05-2024 15:45,41,111,107
20-05-2024 16:00,60,191,161
20-05-2024 16:15,45,128,119
20-05-2024 16:30,40,106,104
20-05-2024 16:45,39,99,99
20-05-2024 17:00,39,97,97
20-05-2024 17:15,39,97,97
20-05-2024 17:30,37,91,91
20-05-2024 17:45,38,94,94
20-05-2024 18:00,41,109,106
20-05-2024 18:15,41,108,105
20-05-2024 18:30,43,116,111
20-05-2024 18:45,45,124,116
20-05-2024 19:00,52,156,137
20-05-2024 19:15,49,148,132
20-05-2024 19:30,63,211,174
20-05-2024 19:45,63,205,170
20-05-2024 20:00,62,203,169
20-05-2024 20:15,70,245,197
20-05-2024 20:30,62,204,169
20-05-2024 20:45,52,159,139
20-05-2024 21:00,66,218,179
20-05-2024 21:15,56,176,151
20-05-2024 21:30,55,170,147
20-05-2024 21:45,53,160,140
20-05-2024 22:00,57,179,153
20-05-2024 22:15,57,178,152
20-05-2024 22:30,55,171,147
20-05-2024 22:45,55,170,147
20-05-2024 23:00,55,170,147
20-05-2024 23:15,53,160,140
20-05-2024 23:30,63,206,171
20-05-2024 23:45,67,225,183
21-05-2024 00:00,69,235,190
21-05-2024 00:15,73,250,200
21-05-2024 00:30,73,250,200
21-05-2024 00:45,74,255,205
21-05-2024 01:00,75,258,208
21-05-2024 01:15,76,263,213
21-05-2024 01:30,75,259,209
21-05-2024 01:45,75,258,208
21-05-2024 02:00,78,274,224
21-05-2024 02:15,77,269,219
21-05-2024 02:30,76,267,217
21-05-2024 02:45,76,263,213
21-05-2024 03:00,74,255,205
21-05-2024 03:15,72,245,197
21-05-2024 03:30,70,239,193
21-05-2024 03:45,70,237,191
21-05-2024 04:00,68,230,187
21-05-2024 04:15,71,240,193
21-05-2024 04:30,69,233,189
21-05-2024 04:45,69,231,187
21-05-2024 05:00,69,233,189
21-05-2024 05:15,67,223,182
21-05-2024 05:30,66,221,181
21-05-2024 05:45,67,226,184
21-05-2024 06:00,66,221,181
21-05-2024 06:15,66,219,179
21-05-2024 06:30,67,224,183
21-05-2024 06:45,66,222,181
21-05-2024 07:00,65,215,177
21-05-2024 07:15,66,220,180
21-05-2024 07:30,63,208,172
21-05-2024 07:45,64,211,174
21-05-2024 08:00,63,208,172
21-05-2024 08:15,63,204,169
21-05-2024 08:30,57,179,153
21-05-2024 08:45,49,145,130
21-05-2024 09:00,66,211,174
21-05-2024 09:15,78,271,221
21-05-2024 09:30,68,228,185
21-05-2024 09:45,79,258,208
21-05-2024 10:00,734,858,935
21-05-2024 10:15,412,601,614
21-05-2024 10:30,244,492,478
21-05-2024 10:45,169,400,362
21-05-2024 11:00,129,354,307
21-05-2024 11:15,105,325,275
21-05-2024 11:30,92,304,254
21-05-2024 11:45,86,293,243
21-05-2024 12:00,88,298,248
21-05-2024 12:15,84,290,240
21-05-2024 12:30,78,274,224
21-05-2024 12:45,67,225,183
21-05-2024 13:00,59,189,159
21-05-2024 13:15,53,163,142
21-05-2024 13:30,53,160,140
21-05-2024 13:45,52,159,139
21-05-2024 14:00,55,169,146
21-05-2024 14:15,56,174,149
21-05-2024 14:30,56,177,151
21-05-2024 14:45,121,309,301
21-05-2024 15:00,124,348,303
21-05-2024 15:15,93,305,255
21-05-2024 15:30,82,285,235
21-05-2024 15:45,78,271,221
21-05-2024 16:00,64,211,174
21-05-2024 16:15,63,205,170
21-05-2024 16:30,62,202,168
21-05-2024 16:45,59,188,159
21-05-2024 17:00,55,170,147
21-05-2024 17:15,53,160,140
21-05-2024 17:30,58,186,157
21-05-2024 17:45,59,189,159
21-05-2024 18:00,62,201,167
21-05-2024 18:15,61,196,164
21-05-2024 18:30,57,180,153
21-05-2024 18:45,56,177,151
21-05-2024 19:00,57,178,152
21-05-2024 19:15,52,156,137
21-05-2024 19:30,49,143,129
21-05-2024 19:45,47,136,124
21-05-2024 20:00,46,128,119
21-05-2024 20:15,45,125,117
21-05-2024 20:30,44,121,114
21-05-2024 20:45,53,162,141
21-05-2024 21:00,51,155,137
21-05-2024 21:15,47,137,125
21-05-2024 21:30,45,126,117
21-05-2024 21:45,44,122,115
21-05-2024 22:00,43,116,111
21-05-2024 22:15,41,111,107
21-05-2024 22:30,41,111,107
21-05-2024 22:45,42,112,108
21-05-2024 23:00,42,113,109
21-05-2024 23:15,43,119,113
21-05-2024 23:30,42,115,110
21-05-2024 23:45,42,114,109
22-05-2024 00:00,45,127,118
22-05-2024 00:15,47,133,122
22-05-2024 00:30,46,132,121
22-05-2024 00:45,47,134,123
22-05-2024 01:00,47,135,123
22-05-2024 01:15,48,138,125
22-05-2024 01:30,48,140,127
22-05-2024 01:45,48,139,126
22-05-2024 02:00,48,138,125
22-05-2024 02:15,47,135,123
22-05-2024 02:30,47,134,123
22-05-2024 02:45,47,133,122
22-05-2024 03:00,47,134,123
22-05-2024 03:15,46,131,121
22-05-2024 03:30,47,133,122
22-05-2024 03:45,46,130,120
22-05-2024 04:00,46,131,121
22-05-2024 04:15,45,127,118
22-05-2024 04:30,46,128,119
22-05-2024 04:45,46,130,120
22-05-2024 05:00,44,119,113
22-05-2024 05:15,42,115,110
22-05-2024 05:30,42,112,108
22-05-2024 05:45,42,113,109
22-05-2024 06:00,41,109,106
22-05-2024 06:15,41,107,105
22-05-2024 06:30,40,106,104
22-05-2024 06:45,40,106,104
22-05-2024 07:00,40,104,103
22-05-2024 07:15,41,107,105
22-05-2024 07:30,41,111,107
22-05-2024 07:45,42,112,108
22-05-2024 08:00,41,111,107
22-05-2024 08:15,56,177,151
22-05-2024 08:30,59,189,159
22-05-2024 08:45,71,241,194
22-05-2024 09:00,79,277,227
22-05-2024 09:15,75,259,209
22-05-2024 09:30,68,228,185
22-05-2024 09:45,70,235,190
22-05-2024 10:00,82,279,229
22-05-2024 10:15,94,307,257
22-05-2024 10:30,85,292,242
22-05-2024 10:45,81,281,231
22-05-2024 11:00,78,272,222
22-05-2024 11:15,75,260,210
22-05-2024 11:30,80,280,230
22-05-2024 11:45,81,283,233
22-05-2024 12:00,79,276,226
22-05-2024 12:15,78,273,223
22-05-2024 12:30,373,575,581
22-05-2024 12:45,134,360,312
22-05-2024 13:00,116,341,291
22-05-2024 13:15,97,311,261
22-05-2024 13:30,86,293,243
22-05-2024 13:45,76,264,214
22-05-2024 14:00,65,214,176
22-05-2024 14:15,57,182,155
22-05-2024 14:30,56,173,149
22-05-2024 14:45,61,194,163
22-05-2024 15:00,126,351,305
22-05-2024 15:15,102,319,269
22-05-2024 15:30,82,284,234
22-05-2024 15:45,77,270,220
22-05-2024 16:00,74,255,205
22-05-2024 16:15,77,264,214
22-05-2024 16:30,65,216,177
22-05-2024 16:45,62,204,169
22-05-2024 17:00,60,192,161
22-05-2024 17:15,61,198,165
22-05-2024 17:30,61,198,165
22-05-2024 17:45,57,180,153
22-05-2024 18:00,59,186,157
22-05-2024 18:15,84,284,234
22-05-2024 18:30,75,259,209
22-05-2024 18:45,74,254,204
22-05-2024 19:00,72,248,199
22-05-2024 19:15,65,215,177
22-05-2024 19:30,68,229,186
22-05-2024 19:45,75,259,209
22-05-2024 20:00,79,272,222
22-05-2024 20:15,153,380,338
22-05-2024 20:30,378,578,585
22-05-2024 20:45,273,517,509
22-05-2024 21:00,195,437,409
22-05-2024 21:15,168,396,358
22-05-2024 21:30,145,370,325
22-05-2024 21:45,126,352,305
22-05-2024 22:00,113,337,287
22-05-2024 22:15,105,323,273
22-05-2024 22:30,131,354,308
22-05-2024 22:45,125,351,304
22-05-2024 23:00,99,315,265
22-05-2024 23:15,93,305,255
22-05-2024 23:30,87,296,246
22-05-2024 23:45,82,284,234
23-05-2024 00:00,71,240,193
23-05-2024 00:15,65,215,177
23-05-2024 00:30,55,170,147
23-05-2024 00:45,54,166,144
23-05-2024 01:00,51,155,137
23-05-2024 01:15,49,145,130
23-05-2024 01:30,48,139,126
23-05-2024 01:45,46,131,121
23-05-2024 02:00,45,125,117
23-05-2024 02:15,44,120,113
23-05-2024 02:30,42,114,109
23-05-2024 02:45,41,108,105
23-05-2024 03:00,41,111,107
23-05-2024 03:15,41,106,104
23-05-2024 03:30,40,106,104
23-05-2024 03:45,39,101,101
23-05-2024 04:00,38,94,94
23-05-2024 04:15,38,93,93
23-05-2024 04:30,38,91,91
23-05-2024 04:45,37,85,85
23-05-2024 05:00,36,84,84
23-05-2024 05:15,35,80,80
23-05-2024 05:30,35,81,81
23-05-2024 05:45,36,82,82
23-05-2024 06:00,36,84,84
23-05-2024 06:15,36,85,85
23-05-2024 06:30,37,88,88
23-05-2024 06:45,37,89,89
23-05-2024 07:00,37,87,87
23-05-2024 07:15,37,88,88
23-05-2024 07:30,38,93,93
23-05-2024 07:45,38,94,94
23-05-2024 08:00,38,96,96
23-05-2024 08:15,38,91,91
23-05-2024 08:30,44,121,114
23-05-2024 08:45,55,173,149
23-05-2024 09:00,65,211,174
23-05-2024 09:15,99,325,275
23-05-2024 09:30,91,305,255
23-05-2024 09:45,109,328,278
23-05-2024 10:00,181,417,384
23-05-2024 10:15,112,334,284
23-05-2024 10:30,88,296,246
23-05-2024 10:45,70,238,192
23-05-2024 11:00,57,180,153
23-05-2024 11:15,54,168,145
23-05-2024 11:30,50,147,131
23-05-2024 11:45,48,140,127
23-05-2024 12:00,50,148,132
23-05-2024 12:15,55,171,147
23-05-2024 12:30,49,145,130
23-05-2024 12:45,47,135,123
23-05-2024 13:00,49,143,129
23-05-2024 13:15,51,151,134
23-05-2024 13:30,56,176,151
23-05-2024 13:45,55,172,148
23-05-2024 14:00,46,131,121
23-05-2024 14:15,42,114,109
23-05-2024 14:30,38,95,95
23-05-2024 14:45,37,87,87
23-05-2024 15:00,38,93,93
23-05-2024 15:15,39,97,97
23-05-2024 15:30,40,101,101
23-05-2024 15:45,51,154,136
23-05-2024 16:00,56,173,149
23-05-2024 16:15,58,184,156
23-05-2024 16:30,58,187,158
23-05-2024 16:45,56,177,151
23-05-2024 17:00,54,165,143
23-05-2024 17:15,62,198,165
23-05-2024 17:30,48,141,127
23-05-2024 17:45,44,123,115
23-05-2024 18:00,52,158,139
23-05-2024 18:15,55,173,149
23-05-2024 18:30,60,191,161
23-05-2024 18:45,66,218,179
23-05-2024 19:00,65,216,177
23-05-2024 19:15,56,177,151
23-05-2024 19:30,53,162,141
23-05-2024 19:45,48,142,128
23-05-2024 20:00,46,128,119
23-05-2024 20:15,45,126,117
23-05-2024 20:30,56,174,149
23-05-2024 20:45,45,124,116
23-05-2024 21:00,41,110,107
23-05-2024 21:15,38,94,94
23-05-2024 21:30,35,80,80
23-05-2024 21:45,29,65,65
23-05-2024 22:00,25,57,57
23-05-2024 22:15,26,58,58
23-05-2024 22:30,29,66,66
23-05-2024 22:45,33,75,75
23-05-2024 23:00,36,83,83
23-05-2024 23:15,37,91,91
23-05-2024 23:30,36,86,86
23-05-2024 23:45,28,63,63
24-05-2024 00:00,32,72,72
24-05-2024 00:15,37,87,87
24-05-2024 00:30,38,93,93
24-05-2024 00:45,38,94,94
24-05-2024 01:00,38,94,94
24-05-2024 01:15,39,97,97
24-05-2024 01:30,39,101,101
24-05-2024 01:45,40,102,101
24-05-2024 02:00,40,104,103
24-05-2024 02:15,41,109,106
24-05-2024 02:30,41,111,107
24-05-2024 02:45,42,112,108
24-05-2024 03:00,42,113,109
24-05-2024 03:15,41,111,107
24-05-2024 03:30,41,106,104
24-05-2024 03:45,40,104,103
24-05-2024 04:00,40,105,103
24-05-2024 04:15,40,106,104
24-05-2024 04:30,40,105,103
24-05-2024 04:45,41,107,105
24-05-2024 05:00,41,108,105
24-05-2024 05:15,41,108,105
24-05-2024 05:30,40,103,102
24-05-2024 05:45,40,104,103
24-05-2024 06:00,40,102,101
24-05-2024 06:15,40,105,103
24-05-2024 06:30,41,111,107
24-05-2024 06:45,41,112,108
24-05-2024 07:00,43,117,111
24-05-2024 07:15,43,119,113
24-05-2024 07:30,44,122,115
24-05-2024 07:45,44,122,115
24-05-2024 08:00,44,120,113
24-05-2024 08:15,43,118,112
24-05-2024 08:30,50,148,132
24-05-2024 08:45,52,156,137
24-05-2024 09:00,52,157,138
24-05-2024 09:15,51,155,137
24-05-2024 09:30,58,185,157
24-05-2024 09:45,62,203,169
24-05-2024 10:00,322,523,516
24-05-2024 10:15,177,411,376
24-05-2024 10:30,121,346,301
24-05-2024 10:45,100,316,266
24-05-2024 11:00,86,293,243
24-05-2024 11:15,79,274,224
24-05-2024 11:30,68,231,187
24-05-2024 11:45,64,209,173
24-05-2024 12:00,60,191,161
24-05-2024 12:15,57,180,153
24-05-2024 12:30,54,168,145
24-05-2024 12:45,50,151,134
24-05-2024 13:00,49,143,129
24-05-2024 13:15,53,161,141
24-05-2024 13:30,65,214,176
24-05-2024 13:45,64,212,175
24-05-2024 14:00,53,161,141
24-05-2024 14:15,46,132,121
24-05-2024 14:30,44,119,113
24-05-2024 14:45,41,110,107
24-05-2024 15:00,40,107,105
24-05-2024 15:15,43,117,111
24-05-2024 15:30,41,110,107
24-05-2024 15:45,41,112,108
24-05-2024 16:00,43,117,111
24-05-2024 16:15,43,118,112
24-05-2024 16:30,41,112,108
24-05-2024 16:45,42,114,109
24-05-2024 17:00,44,123,115
24-05-2024 17:15,56,176,151
24-05-2024 17:30,59,189,159
24-05-2024 17:45,54,164,143
24-05-2024 18:00,56,176,151
24-05-2024 18:15,61,197,165
24-05-2024 18:30,63,204,169
24-05-2024 18:45,65,216,177
24-05-2024 19:00,64,213,175
24-05-2024 19:15,63,205,170
24-05-2024 19:30,53,162,141
24-05-2024 19:45,50,149,133
24-05-2024 20:00,48,142,128
24-05-2024 20:15,50,150,133
24-05-2024 20:30,61,198,165
24-05-2024 20:45,52,158,139
24-05-2024 21:00,51,153,135
24-05-2024 21:15,48,142,128
24-05-2024 21:30,47,133,122
24-05-2024 21:45,46,131,121
24-05-2024 22:00,46,129,119
24-05-2024 22:15,45,123,115
24-05-2024 22:30,43,117,111
24-05-2024 22:45,43,116,111
24-05-2024 23:00,41,110,107
24-05-2024 23:15,41,109,106
24-05-2024 23:30,41,109,106
24-05-2024 23:45,42,114,109
25-05-2024 00:00,42,114,109
25-05-2024 00:15,43,116,111
25-05-2024 00:30,42,116,111
25-05-2024 00:45,43,119,113
25-05-2024 01:00,43,118,112
25-05-2024 01:15,42,115,110
25-05-2024 01:30,42,114,109
25-05-2024 01:45,42,115,110
25-05-2024 02:00,42,114,109
25-05-2024 02:15,42,113,109
25-05-2024 02:30,41,111,107
25-05-2024 02:45,42,113,109
25-05-2024 03:00,41,111,107
25-05-2024 03:15,41,111,107
25-05-2024 03:30,41,111,107
25-05-2024 03:45,41,110,107
25-05-2024 04:00,41,111,107
25-05-2024 04:15,41,109,106
25-05-2024 04:30,41,110,107
25-05-2024 04:45,41,108,105
25-05-2024 05:00,41,108,105
25-05-2024 05:15,41,106,104
25-05-2024 05:30,40,106,104
25-05-2024 05:45,41,107,105
25-05-2024 06:00,41,106,104
25-05-2024 06:15,41,107,105
25-05-2024 06:30,40,105,103
25-05-2024 06:45,41,107,105
25-05-2024 07:00,41,109,106
25-05-2024 07:15,41,108,105
25-05-2024 07:30,49,143,129
25-05-2024 07:45,84,256,206
25-05-2024 08:00,999,1891,2226
25-05-2024 08:15,638,956,1058
25-05-2024 08:30,207,450,425
25-05-2024 08:45,130,356,308
25-05-2024 09:00,99,314,264
25-05-2024 09:15,85,291,241
25-05-2024 09:30,76,263,213
25-05-2024 09:45,71,241,194
25-05-2024 10:00,66,220,180
25-05-2024 10:15,63,207,171
25-05-2024 10:30,64,212,175
25-05-2024 10:45,66,220,180
25-05-2024 11:00,72,247,198
25-05-2024 11:15,74,255,205
25-05-2024 11:30,78,272,222
25-05-2024 11:45,73,251,201
25-05-2024 12:00,94,306,256
25-05-2024 12:15,79,276,226
25-05-2024 12:30,70,237,191
25-05-2024 12:45,65,213,175
25-05-2024 13:00,60,194,163
25-05-2024 13:15,56,174,149
25-05-2024 13:30,53,162,141
25-05-2024 13:45,57,178,152
25-05-2024 14:00,56,176,151
25-05-2024 14:15,51,155,137
25-05-2024 14:30,49,143,129
25-05-2024 14:45,48,139,126
25-05-2024 15:00,46,130,120
25-05-2024 15:15,64,180,153
25-05-2024 15:30,87,294,244
25-05-2024 15:45,68,230,187
25-05-2024 16:00,58,186,157
25-05-2024 16:15,53,160,140
25-05-2024 16:30,49,143,129
25-05-2024 16:45,48,138,125
25-05-2024 17:00,48,140,127
25-05-2024 17:15,48,142,128
25-05-2024 17:30,45,123,115
25-05-2024 17:45,42,114,109
25-05-2024 18:00,42,113,109
25-05-2024 18:15,40,105,103
25-05-2024 18:30,41,109,106
25-05-2024 18:45,42,113,109
25-05-2024 19:00,41,109,106
25-05-2024 19:15,45,125,117
25-05-2024 19:30,43,117,111
25-05-2024 19:45,42,115,110
25-05-2024 20:00,44,123,115
25-05-2024 20:15,45,127,118
25-05-2024 20:30,49,143,129
25-05-2024 20:45,48,140,127
25-05-2024 21:00,46,130,120
25-05-2024 21:15,44,123,115
25-05-2024 21:30,42,112,108
25-05-2024 21:45,41,108,105
25-05-2024 22:00,39,101,101
25-05-2024 22:15,38,94,94
25-05-2024 22:30,37,89,89
25-05-2024 22:45,37,87,87
25-05-2024 23:00,36,84,84
25-05-2024 23:15,35,81,81
25-05-2024 23:30,36,83,83
25-05-2024 23:45,36,83,83
26-05-2024 00:00,36,84,84
26-05-2024 00:15,37,86,86
26-05-2024 00:30,37,88,88
26-05-2024 00:45,37,88,88
26-05-2024 01:00,37,88,88
26-05-2024 01:15,37,88,88
26-05-2024 01:30,37,87,87
26-05-2024 01:45,37,88,88
26-05-2024 02:00,37,88,88
26-05-2024 02:15,37,85,85
26-05-2024 02:30,36,83,83
26-05-2024 02:45,36,83,83
26-05-2024 03:00,36,82,82
26-05-2024 03:15,36,83,83
26-05-2024 03:30,36,81,81
26-05-2024 03:45,36,84,84
26-05-2024 04:00,37,89,89
26-05-2024 04:15,38,92,92
26-05-2024 04:30,38,95,95
26-05-2024 04:45,39,100,100
26-05-2024 05:00,41,108,105
26-05-2024 05:15,41,109,106
26-05-2024 05:30,41,110,107
26-05-2024 05:45,43,116,111
26-05-2024 06:00,42,114,109
26-05-2024 06:15,44,121,114
26-05-2024 06:30,46,131,121
26-05-2024 06:45,48,141,127
26-05-2024 07:00,50,153,135
26-05-2024 07:15,56,178,152
26-05-2024 07:30,61,205,170
26-05-2024 07:45,68,236,191
26-05-2024 08:00,80,286,236
26-05-2024 08:15,87,301,251
26-05-2024 08:30,95,314,264
26-05-2024 08:45,94,308,258
26-05-2024 09:00,144,372,328
26-05-2024 09:15,115,339,289
26-05-2024 09:30,103,320,270
26-05-2024 09:45,96,310,260
26-05-2024 10:00,93,305,255
26-05-2024 10:15,89,299,249
26-05-2024 10:30,84,289,239
26-05-2024 10:45,77,267,217
26-05-2024 11:00,66,222,181
26-05-2024 11:15,58,186,157
26-05-2024 11:30,54,167,145
26-05-2024 11:45,50,148,132
26-05-2024 12:00,47,137,125
26-05-2024 12:15,45,127,118
26-05-2024 12:30,43,117,111
26-05-2024 12:45,41,109,106
26-05-2024 13:00,39,101,101
26-05-2024 13:15,38,94,94
26-05-2024 13:30,37,91,91
26-05-2024 13:45,36,85,85
26-05-2024 14:00,36,82,82
26-05-2024 14:15,34,77,77
26-05-2024 14:30,33,76,76
26-05-2024 14:45,34,78,78
26-05-2024 15:00,32,73,73
26-05-2024 15:15,30,66,66
26-05-2024 15:30,31,71,71
26-05-2024 15:45,30,69,69
26-05-2024 16:00,29,65,65
26-05-2024 16:15,27,62,62
26-05-2024 16:30,28,63,63
26-05-2024 16:45,29,65,65
26-05-2024 17:00,28,62,62
26-05-2024 17:15,27,61,61
26-05-2024 17:30,28,62,62
26-05-2024 17:45,27,62,62
26-05-2024 18:00,30,69,69
26-05-2024 18:15,30,69,69
26-05-2024 18:30,30,69,69
26-05-2024 18:45,35,80,80
26-05-2024 19:00,39,98,98
26-05-2024 19:15,38,94,94
26-05-2024 19:30,38,94,94
26-05-2024 19:45,40,104,103
26-05-2024 20:00,41,110,107
26-05-2024 20:15,41,109,106
26-05-2024 20:30,41,108,105
26-05-2024 20:45,41,109,106
26-05-2024 21:00,40,106,104
26-05-2024 21:15,40,106,104
26-05-2024 21:30,44,123,115
26-05-2024 21:45,44,122,115
26-05-2024 22:00,44,121,114
26-05-2024 22:15,45,125,117
26-05-2024 22:30,45,125,117
26-05-2024 22:45,44,123,115
26-05-2024 23:00,44,122,115
26-05-2024 23:15,44,120,113
26-05-2024 23:30,45,127,118
26-05-2024 23:45,46,132,121
27-05-2024 00:00,47,133,122
27-05-2024 00:15,48,139,126
27-05-2024 00:30,48,140,127
27-05-2024 00:45,48,141,127
27-05-2024 01:00,49,143,129
27-05-2024 01:15,49,147,131
27-05-2024 01:30,50,151,134
27-05-2024 01:45,51,153,135
27-05-2024 02:00,50,152,135
27-05-2024 02:15,50,151,134
27-05-2024 02:30,52,159,139
27-05-2024 02:45,54,166,144
27-05-2024 03:00,54,167,145
27-05-2024 03:15,55,170,147
27-05-2024 03:30,55,169,146
27-05-2024 03:45,53,163,142
27-05-2024 04:00,52,159,139
27-05-2024 04:15,52,157,138
27-05-2024 04:30,51,154,136
27-05-2024 04:45,51,154,136
27-05-2024 05:00,51,154,136
27-05-2024 05:15,52,156,137
27-05-2024 05:30,51,156,137
27-05-2024 05:45,51,155,137
27-05-2024 06:00,52,157,138
27-05-2024 06:15,51,154,136
27-05-2024 06:30,53,163,142
27-05-2024 06:45,54,165,143
27-05-2024 07:00,53,163,142
27-05-2024 07:15,54,166,144
27-05-2024 07:30,48,140,127
27-05-2024 07:45,45,126,117
27-05-2024 08:00,45,127,118
27-05-2024 08:15,61,205,170
27-05-2024 08:30,68,220,180
27-05-2024 08:45,112,339,289
27-05-2024 09:00,98,314,264
27-05-2024 09:15,89,298,248
27-05-2024 09:30,85,291,241
27-05-2024 09:45,82,285,235
27-05-2024 10:00,81,282,232
27-05-2024 10:15,78,275,225
27-05-2024 10:30,76,265,215
27-05-2024 10:45,75,258,208
27-05-2024 11:00,73,252,202
27-05-2024 11:15,72,245,197
27-05-2024 11:30,69,233,189
27-05-2024 11:45,66,221,181
27-05-2024 12:00,62,204,169
27-05-2024 12:15,61,197,165
27-05-2024 12:30,58,187,158
27-05-2024 12:45,57,182,155
27-05-2024 13:00,55,172,148
27-05-2024 13:15,54,166,144
27-05-2024 13:30,53,160,140
27-05-2024 13:45,51,152,135
27-05-2024 14:00,47,136,124
27-05-2024 14:15,46,129,119
27-05-2024 14:30,46,131,121
27-05-2024 14:45,46,130,120
27-05-2024 15:00,44,120,113
27-05-2024 15:15,43,118,112
27-05-2024 15:30,43,116,111
27-05-2024 15:45,42,113,109
27-05-2024 16:00,40,104,103
27-05-2024 16:15,39,99,99
27-05-2024 16:30,39,98,98
27-05-2024 16:45,38,93,93
27-05-2024 17:00,38,92,92
27-05-2024 17:15,38,95,95
27-05-2024 17:30,38,95,95
27-05-2024 17:45,40,102,101
27-05-2024 18:00,41,109,106
27-05-2024 18:15,41,110,107
27-05-2024 18:30,40,106,104
27-05-2024 18:45,40,102,101
27-05-2024 19:00,39,100,100
27-05-2024 19:15,40,106,104
27-05-2024 19:30,41,110,107
27-05-2024 19:45,43,116,111
27-05-2024 20:00,43,118,112
27-05-2024 20:15,44,122,115
27-05-2024 20:30,45,123,115
27-05-2024 20:45,44,122,115
27-05-2024 21:00,46,129,119
27-05-2024 21:15,46,132,121
27-05-2024 21:30,46,129,119
27-05-2024 21:45,46,130,120
27-05-2024 22:00,46,128,119
27-05-2024 22:15,45,127,118
27-05-2024 22:30,47,136,124
27-05-2024 22:45,48,142,128
27-05-2024 23:00,49,143,129
27-05-2024 23:15,50,151,134
27-05-2024 23:30,51,153,135
27-05-2024 23:45,51,154,136
28-05-2024 00:00,52,160,140
28-05-2024 00:15,53,162,141
28-05-2024 00:30,53,164,143
28-05-2024 00:45,54,168,145
28-05-2024 01:00,55,171,147
28-05-2024 01:15,56,175,150
28-05-2024 01:30,57,179,153
28-05-2024 01:45,57,178,152
28-05-2024 02:00,57,181,154
28-05-2024 02:15,57,179,153
28-05-2024 02:30,56,177,151
28-05-2024 02:45,56,174,149
28-05-2024 03:00,56,176,151
28-05-2024 03:15,57,179,153
28-05-2024 03:30,56,176,151
28-05-2024 03:45,57,178,152
28-05-2024 04:00,56,174,149
28-05-2024 04:15,54,165,143
28-05-2024 04:30,52,156,137
28-05-2024 04:45,48,138,125
28-05-2024 05:00,48,139,126
28-05-2024 05:15,48,139,126
28-05-2024 05:30,46,130,120
28-05-2024 05:45,46,128,119
28-05-2024 06:00,45,127,118
28-05-2024 06:15,45,127,118
28-05-2024 06:30,46,131,121
28-05-2024 06:45,46,132,121
28-05-2024 07:00,46,130,120
28-05-2024 07:15,63,204,169
28-05-2024 07:30,84,288,238
28-05-2024 07:45,105,322,272
28-05-2024 08:00,87,295,245
28-05-2024 08:15,82,286,236
28-05-2024 08:30,77,268,218
28-05-2024 08:45,72,244,196
28-05-2024 09:00,73,250,200
28-05-2024 09:15,74,253,203
28-05-2024 09:30,74,254,204
28-05-2024 09:45,72,244,196
28-05-2024 10:00,70,238,192
28-05-2024 10:15,70,236,191
28-05-2024 10:30,68,229,186
28-05-2024 10:45,67,226,184
28-05-2024 11:00,66,222,181
28-05-2024 11:15,66,221,181
28-05-2024 11:30,65,216,177
28-05-2024 11:45,64,211,174
28-05-2024 12:00,64,209,173
28-05-2024 12:15,65,216,177
28-05-2024 12:30,63,207,171
28-05-2024 12:45,60,193,162
28-05-2024 13:00,58,187,158
28-05-2024 13:15,57,179,153
28-05-2024 13:30,56,176,151
28-05-2024 13:45,55,172,148
28-05-2024 14:00,54,164,143
28-05-2024 14:15,52,158,139
28-05-2024 14:30,51,154,136
28-05-2024 14:45,51,153,135
28-05-2024 15:00,49,145,130
28-05-2024 15:15,48,138,125
28-05-2024 15:30,47,134,123
28-05-2024 15:45,53,122,115
28-05-2024 16:00,60,116,111
28-05-2024 16:15,58,111,107
28-05-2024 16:30,57,108,105
28-05-2024 16:45,57,106,104
28-05-2024 17:00,56,102,101
28-05-2024 17:15,56,100,100
28-05-2024 17:30,54,94,94
28-05-2024 17:45,52,88,88
28-05-2024 18:00,52,85,87
28-05-2024 18:15,50,79,83
28-05-2024 18:30,49,78,82
28-05-2024 18:45,46,73,77
28-05-2024 19:00,47,75,78
28-05-2024 19:15,51,83,85
28-05-2024 19:30,52,87,87
28-05-2024 19:45,53,89,89
28-05-2024 20:00,52,89,89
28-05-2024 20:15,53,91,91
28-05-2024 20:30,52,90,90
28-05-2024 20:45,53,93,93
28-05-2024 21:00,56,101,101
28-05-2024 21:15,59,113,109
28-05-2024 21:30,58,110,107
28-05-2024 21:45,58,110,107
28-05-2024 22:00,57,105,103
28-05-2024 22:15,57,104,103
28-05-2024 22:30,56,103,102
28-05-2024 22:45,56,103,102
28-05-2024 23:00,56,104,103
28-05-2024 23:15,57,106,104
28-05-2024 23:30,57,106,104
28-05-2024 23:45,57,108,105
29-05-2024 00:00,58,109,106
29-05-2024 00:15,58,111,107
29-05-2024 00:30,59,114,109
29-05-2024 00:45,59,114,109
29-05-2024 01:00,59,112,108
29-05-2024 01:15,59,114,109
29-05-2024 01:30,58,112,108
29-05-2024 01:45,59,113,109
29-05-2024 02:00,59,113,109
29-05-2024 02:15,58,110,107
29-05-2024 02:30,59,113,109
29-05-2024 02:45,59,113,109
29-05-2024 03:00,58,111,107
29-05-2024 03:15,58,110,107
29-05-2024 03:30,58,111,107
29-05-2024 03:45,58,111,107
29-05-2024 04:00,58,110,107
29-05-2024 04:15,57,108,105
29-05-2024 04:30,57,107,105
29-05-2024 04:45,57,107,105
29-05-2024 05:00,57,106,104
29-05-2024 05:15,56,102,101
29-05-2024 05:30,55,97,97
29-05-2024 05:45,53,91,91
29-05-2024 06:00,52,85,87
29-05-2024 06:15,51,82,85
29-05-2024 06:30,49,79,82
29-05-2024 06:45,48,76,80
29-05-2024 07:00,48,76,80
29-05-2024 07:15,48,76,80
29-05-2024 07:30,48,77,80
29-05-2024 07:45,51,82,85
29-05-2024 08:00,51,85,85
29-05-2024 08:15,73,141,143
29-05-2024 08:30,116,303,287
29-05-2024 08:45,95,245,217
29-05-2024 09:00,72,165,143
29-05-2024 09:15,64,134,123
29-05-2024 09:30,60,117,111
29-05-2024 09:45,57,109,106
29-05-2024 10:00,57,107,105
29-05-2024 10:15,57,106,104
29-05-2024 10:30,57,107,105
29-05-2024 10:45,56,105,103
29-05-2024 11:00,56,103,102
29-05-2024 11:15,56,101,101
29-05-2024 11:30,55,100,100
29-05-2024 11:45,55,98,98
29-05-2024 12:00,55,99,99
29-05-2024 12:15,54,97,97
29-05-2024 12:30,54,95,95
29-05-2024 12:45,54,97,97
29-05-2024 13:00,53,94,94
29-05-2024 13:15,53,93,93
29-05-2024 13:30,53,92,92
29-05-2024 13:45,53,91,91
29-05-2024 14:00,53,91,91
29-05-2024 14:15,54,95,95
29-05-2024 14:30,54,96,96
29-05-2024 14:45,54,95,95
29-05-2024 15:00,54,94,94
29-05-2024 15:15,53,94,94
29-05-2024 15:30,53,92,92
29-05-2024 15:45,52,90,90
29-05-2024 16:00,52,90,90
29-05-2024 16:15,52,87,87
29-05-2024 16:30,52,86,87
29-05-2024 16:45,52,85,87
29-05-2024 17:00,51,85,85
29-05-2024 17:15,53,90,90
29-05-2024 17:30,56,106,104
29-05-2024 17:45,57,105,103
29-05-2024 18:00,55,99,99
29-05-2024 18:15,55,96,96
29-05-2024 18:30,54,93,93
29-05-2024 18:45,52,86,87
29-05-2024 19:00,46,73,77
29-05-2024 19:15,42,66,70
29-05-2024 19:30,39,61,65
29-05-2024 19:45,36,56,60
29-05-2024 20:00,62,127,118
29-05-2024 20:15,59,112,108
29-05-2024 20:30,56,100,100
29-05-2024 20:45,53,92,92
29-05-2024 21:00,52,88,88
29-05-2024 21:15,52,85,87
29-05-2024 21:30,51,84,85
29-05-2024 21:45,51,83,85
29-05-2024 22:00,52,85,87
29-05-2024 22:15,49,79,82
29-05-2024 22:30,49,78,82
29-05-2024 22:45,48,77,80
29-05-2024 23:00,47,74,78
29-05-2024 23:15,47,75,78
29-05-2024 23:30,45,70,75
29-05-2024 23:45,44,69,73
30-05-2024 00:00,44,70,73
30-05-2024 00:15,45,71,75
30-05-2024 00:30,48,76,80
30-05-2024 00:45,49,78,82
30-05-2024 01:00,49,78,82
30-05-2024 01:15,50,79,83
30-05-2024 01:30,47,75,78
30-05-2024 01:45,48,75,80
30-05-2024 02:00,46,73,77
30-05-2024 02:15,45,72,75
30-05-2024 02:30,42,67,70
30-05-2024 02:45,43,68,72
30-05-2024 03:00,42,66,70
30-05-2024 03:15,41,64,68
30-05-2024 03:30,41,65,68
30-05-2024 03:45,42,66,70
30-05-2024 04:00,41,65,68
30-05-2024 04:15,43,68,72
30-05-2024 04:30,45,72,75
30-05-2024 04:45,44,70,73
30-05-2024 05:00,49,78,82
30-05-2024 05:15,50,80,83
30-05-2024 05:30,51,83,85
30-05-2024 05:45,52,85,87
30-05-2024 06:00,52,87,87
30-05-2024 06:15,51,85,85
30-05-2024 06:30,51,84,85
30-05-2024 06:45,51,83,85
30-05-2024 07:00,51,82,85
30-05-2024 07:15,44,71,73
30-05-2024 07:30,40,65,67
30-05-2024 07:45,41,67,68
30-05-2024 08:00,42,71,71
30-05-2024 08:15,84,172,180
30-05-2024 08:30,111,290,270
30-05-2024 08:45,95,246,217
30-05-2024 09:00,79,190,163
30-05-2024 09:15,72,162,141
30-05-2024 09:30,67,144,129
30-05-2024 09:45,63,129,119
30-05-2024 10:00,61,121,114
30-05-2024 10:15,60,116,111
30-05-2024 10:30,59,114,109
30-05-2024 10:45,58,111,107
30-05-2024 11:00,57,107,105
30-05-2024 11:15,57,107,105
30-05-2024 11:30,57,105,103
30-05-2024 11:45,56,103,102
30-05-2024 12:00,56,101,101
30-05-2024 12:15,55,97,97
30-05-2024 12:30,54,95,95
30-05-2024 12:45,54,93,93
30-05-2024 13:00,53,90,90
30-05-2024 13:15,52,89,89
30-05-2024 13:30,52,86,87
30-05-2024 13:45,51,85,85
30-05-2024 14:00,42,76,76
30-05-2024 14:15,41,73,73
30-05-2024 14:30,41,73,73
30-05-2024 14:45,42,76,76
30-05-2024 15:00,42,77,77
30-05-2024 15:15,41,73,73
30-05-2024 15:30,40,70,70
30-05-2024 15:45,37,65,65
30-05-2024 16:00,36,63,63
30-05-2024 16:15,33,57,57
30-05-2024 16:30,31,54,54
30-05-2024 16:45,29,51,51
30-05-2024 17:00,30,51,51
30-05-2024 17:15,33,57,57
30-05-2024 17:30,35,61,61
30-05-2024 17:45,32,55,55
30-05-2024 18:00,30,52,52
30-05-2024 18:15,30,52,52
30-05-2024 18:30,30,51,51
30-05-2024 18:45,31,53,53
30-05-2024 19:00,30,51,51
30-05-2024 19:15,33,58,58
30-05-2024 19:30,33,56,56
30-05-2024 19:45,31,55,55
30-05-2024 20:00,34,59,59
30-05-2024 20:15,37,69,69
30-05-2024 20:30,38,66,66
30-05-2024 20:45,34,58,58
30-05-2024 21:00,32,56,56
30-05-2024 21:15,30,52,52
30-05-2024 21:30,28,48,48
30-05-2024 21:45,27,47,47
30-05-2024 22:00,27,46,46
30-05-2024 22:15,27,46,46
30-05-2024 22:30,24,42,42
30-05-2024 22:45,26,44,44
30-05-2024 23:00,24,40,40
30-05-2024 23:15,23,39,39
30-05-2024 23:30,23,39,39
30-05-2024 23:45,24,41,41
31-05-2024 00:00,24,42,42
31-05-2024 00:15,24,41,41
31-05-2024 00:30,24,41,41
31-05-2024 00:45,24,41,41
31-05-2024 01:00,23,38,38
31-05-2024 01:15,24,42,42
31-05-2024 01:30,24,40,40
31-05-2024 01:45,24,42,42
31-05-2024 02:00,24,41,41
31-05-2024 02:15,24,42,42
31-05-2024 02:30,24,41,41
31-05-2024 02:45,24,40,40
31-05-2024 03:00,23,39,39
31-05-2024 03:15,23,40,40
31-05-2024 03:30,23,40,40
31-05-2024 03:45,23,40,40
31-05-2024 04:00,22,37,37
31-05-2024 04:15,22,37,37
31-05-2024 04:30,23,38,38
31-05-2024 04:45,22,38,38
31-05-2024 05:00,22,38,38
31-05-2024 05:15,24,41,41
31-05-2024 05:30,23,39,39
31-05-2024 05:45,23,40,40
31-05-2024 06:00,24,41,41
31-05-2024 06:15,25,42,42
31-05-2024 06:30,27,46,46
31-05-2024 06:45,29,50,50
31-05-2024 07:00,32,55,55
31-05-2024 07:15,35,60,60
31-05-2024 07:30,35,61,61
31-05-2024 07:45,36,62,62
31-05-2024 08:00,33,56,56
31-05-2024 08:15,50,106,104
31-05-2024 08:30,146,341,320
31-05-2024 08:45,157,372,328
31-05-2024 09:00,129,326,307
31-05-2024 09:15,108,284,260
31-05-2024 09:30,85,214,183
31-05-2024 09:45,70,167,145
31-05-2024 10:00,63,144,129
31-05-2024 10:15,57,125,117
31-05-2024 10:30,52,110,107
31-05-2024 10:45,48,96,96
31-05-2024 11:00,46,88,88
31-05-2024 11:15,44,82,82
31-05-2024 11:30,42,75,75
31-05-2024 11:45,43,77,77
31-05-2024 12:00,42,77,77
31-05-2024 12:15,42,76,76
31-05-2024 12:30,42,79,79
31-05-2024 12:45,42,75,75
31-05-2024 13:00,39,69,69
31-05-2024 13:15,38,65,65
31-05-2024 13:30,39,67,67
31-05-2024 13:45,38,67,67
31-05-2024 14:00,41,78,78
31-05-2024 14:15,53,110,107
31-05-2024 14:30,52,109,106
31-05-2024 14:45,52,107,105
31-05-2024 15:00,50,102,101
31-05-2024 15:15,50,100,100
31-05-2024 15:30,48,94,94
31-05-2024 15:45,48,95,95
31-05-2024 16:00,46,88,88
31-05-2024 16:15,42,75,75
31-05-2024 16:30,41,72,72
31-05-2024 16:45,38,67,67
31-05-2024 17:00,36,63,63
31-05-2024 17:15,36,63,63
31-05-2024 17:30,35,60,60
31-05-2024 17:45,35,61,61
31-05-2024 18:00,34,59,59
31-05-2024 18:15,34,59,59
31-05-2024 18:30,37,65,65
31-05-2024 18:45,39,68,68
31-05-2024 19:00,41,73,73
31-05-2024 19:15,42,75,75
31-05-2024 19:30,42,79,79
31-05-2024 19:45,42,80,80
31-05-2024 20:00,43,83,83
31-05-2024 20:15,48,98,98
31-05-2024 20:30,49,100,100
31-05-2024 20:45,50,103,102
31-05-2024 21:00,51,104,103
31-05-2024 21:15,74,177,151
31-05-2024 21:30,71,167,145
31-05-2024 21:45,68,157,138
31-05-2024 22:00,64,145,130
31-05-2024 22:15,58,128,119
31-05-2024 22:30,56,121,114
31-05-2024 22:45,55,119,113
31-05-2024 23:00,56,120,113
31-05-2024 23:15,56,122,115
31-05-2024 23:30,56,121,114
31-05-2024 23:45,56,122,115
