CreatedDate,pm25_Mariyam_LR1,pm10_Mariyam_LR1,aqi_Mariyam_LR1
01-05-2024 00:15,32,87,87
01-05-2024 00:30,31,86,86
01-05-2024 00:45,31,85,85
01-05-2024 01:00,39,110,107
01-05-2024 01:15,42,114,109
01-05-2024 01:30,45,117,111
01-05-2024 01:45,63,158,139
01-05-2024 02:00,83,191,177
01-05-2024 02:15,69,169,146
01-05-2024 02:30,78,186,160
01-05-2024 02:45,85,198,183
01-05-2024 03:00,83,196,177
01-05-2024 03:15,81,192,170
01-05-2024 03:30,71,174,149
01-05-2024 03:45,62,156,137
01-05-2024 04:00,55,143,129
01-05-2024 04:15,43,112,108
01-05-2024 04:30,39,104,103
01-05-2024 04:45,36,98,98
01-05-2024 05:00,34,94,94
01-05-2024 05:15,33,91,91
01-05-2024 05:30,31,88,88
01-05-2024 05:45,31,87,87
01-05-2024 06:00,30,86,86
01-05-2024 06:15,30,85,85
01-05-2024 06:30,28,81,81
01-05-2024 06:45,27,78,78
01-05-2024 07:00,27,78,78
01-05-2024 07:15,28,80,80
01-05-2024 07:30,31,85,85
01-05-2024 07:45,35,95,95
01-05-2024 08:00,37,100,100
01-05-2024 08:15,40,107,105
01-05-2024 08:30,40,108,105
01-05-2024 08:45,51,137,125
01-05-2024 09:00,56,152,135
01-05-2024 09:15,58,155,137
01-05-2024 09:30,57,151,134
01-05-2024 09:45,46,120,113
01-05-2024 10:00,37,97,97
01-05-2024 10:15,30,82,82
01-05-2024 10:30,31,86,86
01-05-2024 10:45,27,78,78
01-05-2024 11:00,26,74,74
01-05-2024 11:15,23,66,66
01-05-2024 11:30,21,60,60
01-05-2024 11:45,20,59,59
01-05-2024 12:00,20,61,61
01-05-2024 12:15,20,60,60
01-05-2024 12:30,17,51,51
01-05-2024 12:45,15,47,47
01-05-2024 13:00,18,55,55
01-05-2024 13:15,17,52,52
01-05-2024 13:30,18,57,57
01-05-2024 13:45,17,56,56
01-05-2024 14:00,17,54,54
01-05-2024 14:15,20,59,59
01-05-2024 14:30,20,59,59
01-05-2024 14:45,20,58,58
01-05-2024 15:00,20,58,58
01-05-2024 15:15,21,62,62
01-05-2024 15:30,21,62,62
01-05-2024 15:45,22,65,65
01-05-2024 16:00,25,76,76
01-05-2024 16:15,23,69,69
01-05-2024 16:30,25,70,70
01-05-2024 16:45,25,71,71
01-05-2024 17:00,23,66,66
01-05-2024 17:15,22,63,63
01-05-2024 17:30,21,61,61
01-05-2024 17:45,21,60,60
01-05-2024 18:00,20,58,58
01-05-2024 18:15,20,58,58
01-05-2024 18:30,20,58,58
01-05-2024 18:45,20,59,59
01-05-2024 19:00,20,61,61
01-05-2024 19:15,20,61,61
01-05-2024 19:30,21,63,63
01-05-2024 19:45,22,65,65
01-05-2024 20:00,25,71,71
01-05-2024 20:15,25,72,72
01-05-2024 20:30,26,73,73
01-05-2024 20:45,26,74,74
01-05-2024 21:00,29,81,81
01-05-2024 21:15,33,88,88
01-05-2024 21:30,33,88,88
01-05-2024 21:45,31,84,84
01-05-2024 22:00,31,84,84
01-05-2024 22:15,30,82,82
01-05-2024 22:30,31,84,84
01-05-2024 22:45,32,87,87
01-05-2024 23:00,34,91,91
01-05-2024 23:15,35,93,93
01-05-2024 23:30,35,93,93
01-05-2024 23:45,37,97,97
02-05-2024 00:00,36,96,96
02-05-2024 00:15,37,97,97
02-05-2024 00:30,36,96,96
02-05-2024 00:45,40,103,102
02-05-2024 01:00,41,107,105
02-05-2024 01:15,41,107,105
02-05-2024 01:30,43,110,107
02-05-2024 01:45,42,109,106
02-05-2024 02:00,42,108,105
02-05-2024 02:15,44,114,109
02-05-2024 02:30,50,128,119
02-05-2024 02:45,51,130,120
02-05-2024 03:00,49,124,116
02-05-2024 03:15,47,119,113
02-05-2024 03:30,45,114,109
02-05-2024 03:45,46,117,111
02-05-2024 04:00,45,115,110
02-05-2024 04:15,44,113,109
02-05-2024 04:30,45,115,110
02-05-2024 04:45,44,112,108
02-05-2024 05:00,47,121,114
02-05-2024 05:15,59,153,135
02-05-2024 05:30,53,138,125
02-05-2024 05:45,55,140,127
02-05-2024 06:00,73,179,153
02-05-2024 06:15,80,192,167
02-05-2024 06:30,80,192,167
02-05-2024 06:45,86,201,187
02-05-2024 07:00,99,212,230
02-05-2024 07:15,113,221,277
02-05-2024 07:30,110,218,267
02-05-2024 07:45,90,204,200
02-05-2024 08:00,73,177,151
02-05-2024 08:15,68,166,144
02-05-2024 08:30,62,155,137
02-05-2024 08:45,51,129,119
02-05-2024 09:00,38,99,99
02-05-2024 09:15,36,96,96
02-05-2024 09:30,35,93,93
02-05-2024 09:45,33,90,90
02-05-2024 10:00,34,89,89
02-05-2024 10:15,35,94,94
02-05-2024 10:30,33,89,89
02-05-2024 10:45,74,163,147
02-05-2024 11:00,29,81,81
02-05-2024 11:15,27,75,75
02-05-2024 11:30,26,74,74
02-05-2024 11:45,27,75,75
02-05-2024 12:00,28,77,77
02-05-2024 12:15,28,77,77
02-05-2024 12:30,27,75,75
02-05-2024 12:45,26,73,73
02-05-2024 13:00,26,73,73
02-05-2024 13:15,26,71,71
02-05-2024 13:30,25,70,70
02-05-2024 13:45,28,78,78
02-05-2024 14:00,28,76,76
02-05-2024 14:15,24,68,68
02-05-2024 14:30,23,64,64
02-05-2024 14:45,24,67,67
02-05-2024 15:00,24,67,67
02-05-2024 15:15,25,69,69
02-05-2024 15:30,25,69,69
02-05-2024 15:45,25,69,69
02-05-2024 16:00,25,68,68
02-05-2024 16:15,25,70,70
02-05-2024 16:30,26,72,72
02-05-2024 16:45,25,70,70
02-05-2024 17:00,24,66,66
02-05-2024 17:15,23,65,65
02-05-2024 17:30,22,61,61
02-05-2024 17:45,21,57,57
02-05-2024 18:00,21,57,57
02-05-2024 18:15,21,56,56
02-05-2024 18:30,21,57,57
02-05-2024 18:45,21,59,59
02-05-2024 19:00,24,69,69
02-05-2024 19:15,27,75,75
02-05-2024 19:30,27,76,76
02-05-2024 19:45,29,81,81
02-05-2024 20:00,34,90,90
02-05-2024 20:15,38,99,99
02-05-2024 20:30,40,103,102
02-05-2024 20:45,41,106,104
02-05-2024 21:00,42,108,105
02-05-2024 21:15,41,107,105
02-05-2024 21:30,42,108,105
02-05-2024 21:45,47,117,111
02-05-2024 22:00,49,125,117
02-05-2024 22:15,53,134,123
02-05-2024 22:30,56,144,129
02-05-2024 22:45,62,155,137
02-05-2024 23:00,71,171,147
02-05-2024 23:15,73,175,150
02-05-2024 23:30,71,171,147
02-05-2024 23:45,78,184,160
03-05-2024 00:00,88,200,193
03-05-2024 00:15,95,208,217
03-05-2024 00:30,97,209,223
03-05-2024 00:45,97,209,223
03-05-2024 01:00,93,206,210
03-05-2024 01:15,89,203,197
03-05-2024 01:30,88,201,193
03-05-2024 01:45,89,203,197
03-05-2024 02:00,91,205,203
03-05-2024 02:15,94,207,213
03-05-2024 02:30,98,210,227
03-05-2024 02:45,99,210,230
03-05-2024 03:00,100,212,233
03-05-2024 03:15,103,213,243
03-05-2024 03:30,107,216,257
03-05-2024 03:45,109,217,263
03-05-2024 04:00,111,219,270
03-05-2024 04:15,117,223,290
03-05-2024 04:30,132,244,309
03-05-2024 04:45,137,252,313
03-05-2024 05:00,137,251,313
03-05-2024 05:15,138,252,314
03-05-2024 05:30,138,252,314
03-05-2024 05:45,139,253,315
03-05-2024 06:00,137,250,313
03-05-2024 06:15,137,249,313
03-05-2024 06:30,144,258,318
03-05-2024 06:45,147,264,321
03-05-2024 07:00,150,268,323
03-05-2024 07:15,153,273,325
03-05-2024 07:30,151,270,324
03-05-2024 07:45,157,278,328
03-05-2024 08:00,157,278,328
03-05-2024 08:15,141,255,316
03-05-2024 08:30,145,260,319
03-05-2024 08:45,140,252,315
03-05-2024 09:00,132,240,309
03-05-2024 09:15,131,238,308
03-05-2024 09:30,131,238,308
03-05-2024 09:45,118,222,293
03-05-2024 10:00,106,215,253
03-05-2024 10:15,88,200,193
03-05-2024 10:30,78,184,160
03-05-2024 10:45,68,165,143
03-05-2024 11:00,62,156,137
03-05-2024 11:15,62,156,137
03-05-2024 11:30,58,147,131
03-05-2024 11:45,52,131,121
03-05-2024 12:00,45,113,109
03-05-2024 12:15,36,94,94
03-05-2024 12:30,28,79,79
03-05-2024 12:45,29,82,82
03-05-2024 13:00,31,85,85
03-05-2024 13:15,31,85,85
03-05-2024 13:30,34,90,90
03-05-2024 13:45,32,86,86
03-05-2024 14:00,31,84,84
03-05-2024 14:15,29,80,80
03-05-2024 14:30,36,101,101
03-05-2024 14:45,36,101,101
03-05-2024 15:00,36,102,101
03-05-2024 15:15,38,104,103
03-05-2024 15:30,42,127,118
03-05-2024 15:45,41,117,111
03-05-2024 16:00,37,103,102
03-05-2024 16:15,37,102,101
03-05-2024 16:30,37,104,103
03-05-2024 16:45,37,108,105
03-05-2024 17:00,38,111,107
03-05-2024 17:15,38,109,106
03-05-2024 17:30,42,130,120
03-05-2024 17:45,41,121,114
03-05-2024 18:00,38,108,105
03-05-2024 18:15,45,144,129
03-05-2024 18:30,56,196,164
03-05-2024 18:45,56,195,163
03-05-2024 19:00,79,302,252
03-05-2024 19:15,56,190,160
03-05-2024 19:30,53,158,139
03-05-2024 19:45,59,175,150
03-05-2024 20:00,64,192,161
03-05-2024 20:15,67,202,168
03-05-2024 20:30,71,218,179
03-05-2024 20:45,77,244,196
03-05-2024 21:00,77,246,197
03-05-2024 21:15,78,247,198
03-05-2024 21:30,80,253,203
03-05-2024 21:45,84,261,211
03-05-2024 22:00,89,276,226
03-05-2024 22:15,97,300,250
03-05-2024 22:30,91,280,230
03-05-2024 22:45,89,276,226
03-05-2024 23:00,90,277,227
03-05-2024 23:15,88,273,223
03-05-2024 23:30,87,268,218
03-05-2024 23:45,86,267,217
04-05-2024 00:00,87,269,219
04-05-2024 00:15,88,272,222
04-05-2024 00:30,92,285,235
04-05-2024 00:45,91,281,231
04-05-2024 01:00,88,272,222
04-05-2024 01:15,86,265,215
04-05-2024 01:30,81,255,205
04-05-2024 01:45,79,251,201
04-05-2024 02:00,78,249,199
04-05-2024 02:15,78,248,199
04-05-2024 02:30,78,246,197
04-05-2024 02:45,79,250,200
04-05-2024 03:00,79,251,201
04-05-2024 03:15,79,251,201
04-05-2024 03:30,80,252,202
04-05-2024 03:45,80,252,202
04-05-2024 04:00,81,256,206
04-05-2024 04:15,81,254,204
04-05-2024 04:30,80,253,203
04-05-2024 04:45,80,252,202
04-05-2024 05:00,81,254,204
04-05-2024 05:15,84,261,211
04-05-2024 05:30,93,290,240
04-05-2024 05:45,112,340,290
04-05-2024 06:00,134,370,325
04-05-2024 06:15,178,411,376
04-05-2024 06:30,226,456,432
04-05-2024 06:45,244,474,455
04-05-2024 07:00,245,476,458
04-05-2024 07:15,254,483,466
04-05-2024 07:30,289,513,504
04-05-2024 07:45,298,518,510
04-05-2024 08:00,281,508,498
04-05-2024 08:15,283,509,499
04-05-2024 08:30,275,502,490
04-05-2024 08:45,212,443,416
04-05-2024 09:00,135,369,324
04-05-2024 09:15,107,331,281
04-05-2024 09:30,140,375,331
04-05-2024 09:45,157,388,348
04-05-2024 10:00,173,405,369
04-05-2024 10:15,183,416,382
04-05-2024 10:30,186,418,385
04-05-2024 10:45,175,406,370
04-05-2024 11:00,166,396,358
04-05-2024 11:15,154,385,344
04-05-2024 11:30,136,370,325
04-05-2024 11:45,102,315,265
04-05-2024 12:00,100,307,257
04-05-2024 12:15,91,283,233
04-05-2024 12:30,80,253,203
04-05-2024 12:45,82,256,206
04-05-2024 13:00,91,278,228
04-05-2024 13:15,94,290,240
04-05-2024 13:30,94,290,240
04-05-2024 13:45,83,259,209
04-05-2024 14:00,77,238,192
04-05-2024 14:15,65,188,159
04-05-2024 14:30,58,167,145
04-05-2024 14:45,56,161,141
04-05-2024 15:00,59,168,145
04-05-2024 15:15,69,203,169
04-05-2024 15:30,78,240,193
04-05-2024 15:45,77,243,195
04-05-2024 16:00,73,218,179
04-05-2024 16:15,72,213,175
04-05-2024 16:30,72,216,177
04-05-2024 16:45,69,202,168
04-05-2024 17:00,62,178,152
04-05-2024 17:15,57,163,142
04-05-2024 17:30,54,155,137
04-05-2024 17:45,51,144,129
04-05-2024 18:00,49,139,126
04-05-2024 18:15,48,135,123
04-05-2024 18:30,46,128,119
04-05-2024 18:45,50,143,129
04-05-2024 19:00,71,221,181
04-05-2024 19:15,77,242,195
04-05-2024 19:30,100,310,260
04-05-2024 19:45,92,289,239
04-05-2024 20:00,86,270,220
04-05-2024 20:15,84,262,212
04-05-2024 20:30,85,266,216
04-05-2024 20:45,93,290,240
04-05-2024 21:00,101,315,265
04-05-2024 21:15,108,338,288
04-05-2024 21:30,103,322,272
04-05-2024 21:45,108,336,286
04-05-2024 22:00,116,352,302
04-05-2024 22:15,129,366,320
04-05-2024 22:30,126,362,315
04-05-2024 22:45,118,353,304
04-05-2024 23:00,118,354,305
04-05-2024 23:15,116,352,302
04-05-2024 23:30,115,348,298
04-05-2024 23:45,124,361,314
05-05-2024 00:00,125,362,315
05-05-2024 00:15,120,356,308
05-05-2024 00:30,121,358,310
05-05-2024 00:45,130,366,320
05-05-2024 01:00,140,375,331
05-05-2024 01:15,132,368,322
05-05-2024 01:30,129,365,319
05-05-2024 01:45,123,358,310
05-05-2024 02:00,124,359,311
05-05-2024 02:15,128,363,316
05-05-2024 02:30,124,359,311
05-05-2024 02:45,120,355,306
05-05-2024 03:00,108,330,280
05-05-2024 03:15,104,318,268
05-05-2024 03:30,97,301,251
05-05-2024 03:45,94,289,239
05-05-2024 04:00,89,274,224
05-05-2024 04:15,78,247,198
05-05-2024 04:30,75,230,187
05-05-2024 04:45,76,237,191
05-05-2024 05:00,76,239,193
05-05-2024 05:15,78,244,196
05-05-2024 05:30,87,271,221
05-05-2024 05:45,104,320,270
05-05-2024 06:00,131,367,321
05-05-2024 06:15,163,396,358
05-05-2024 06:30,191,426,395
05-05-2024 06:45,216,449,424
05-05-2024 07:00,235,466,445
05-05-2024 07:15,244,472,452
05-05-2024 07:30,245,473,454
05-05-2024 07:45,244,471,451
05-05-2024 08:00,227,456,432
05-05-2024 08:15,199,430,400
05-05-2024 08:30,207,438,410
05-05-2024 08:45,206,437,409
05-05-2024 09:00,174,405,369
05-05-2024 09:15,171,402,365
05-05-2024 09:30,171,402,365
05-05-2024 09:45,163,393,354
05-05-2024 10:00,155,385,344
05-05-2024 10:15,150,382,340
05-05-2024 10:30,155,385,344
05-05-2024 10:45,137,372,328
05-05-2024 11:00,115,348,298
05-05-2024 11:15,129,365,319
05-05-2024 11:30,138,373,329
05-05-2024 11:45,134,359,311
05-05-2024 12:00,183,415,381
05-05-2024 12:15,143,368,322
05-05-2024 12:30,83,259,209
05-05-2024 12:45,85,265,215
05-05-2024 13:00,88,272,222
05-05-2024 13:15,81,252,202
05-05-2024 13:30,61,176,151
05-05-2024 13:45,52,146,131
05-05-2024 14:00,50,140,127
05-05-2024 14:15,49,139,126
05-05-2024 14:30,47,130,120
05-05-2024 14:45,45,126,117
05-05-2024 15:00,43,121,114
05-05-2024 15:15,42,117,111
05-05-2024 15:30,41,115,110
05-05-2024 15:45,40,109,106
05-05-2024 16:00,41,111,107
05-05-2024 16:15,43,120,113
05-05-2024 16:30,44,122,115
05-05-2024 16:45,42,116,111
05-05-2024 17:00,40,108,105
05-05-2024 17:15,37,102,101
05-05-2024 17:30,37,100,100
05-05-2024 17:45,37,102,101
05-05-2024 18:00,40,110,107
05-05-2024 18:15,40,110,107
05-05-2024 18:30,40,110,107
05-05-2024 18:45,39,107,105
05-05-2024 19:00,41,111,107
05-05-2024 19:15,44,123,115
05-05-2024 19:30,47,131,121
05-05-2024 19:45,50,142,128
05-05-2024 20:00,54,156,137
05-05-2024 20:15,58,166,144
05-05-2024 20:30,62,179,153
05-05-2024 20:45,69,201,167
05-05-2024 21:00,76,233,189
05-05-2024 21:15,81,253,203
05-05-2024 21:30,88,272,222
05-05-2024 21:45,94,290,240
05-05-2024 22:00,94,290,240
05-05-2024 22:15,96,296,246
05-05-2024 22:30,98,301,251
05-05-2024 22:45,95,293,243
05-05-2024 23:00,94,291,241
05-05-2024 23:15,94,290,240
05-05-2024 23:30,93,288,238
05-05-2024 23:45,95,293,243
06-05-2024 00:00,97,298,248
06-05-2024 00:15,97,299,249
06-05-2024 00:30,99,304,254
06-05-2024 00:45,94,290,240
06-05-2024 01:00,91,282,232
06-05-2024 01:15,93,287,237
06-05-2024 01:30,94,292,242
06-05-2024 01:45,96,294,244
06-05-2024 02:00,94,289,239
06-05-2024 02:15,93,286,236
06-05-2024 02:30,90,279,229
06-05-2024 02:45,85,262,212
06-05-2024 03:00,80,252,202
06-05-2024 03:15,81,254,204
06-05-2024 03:30,84,260,210
06-05-2024 03:45,84,262,212
06-05-2024 04:00,83,258,208
06-05-2024 04:15,82,256,206
06-05-2024 04:30,81,253,203
06-05-2024 04:45,78,248,199
06-05-2024 05:00,77,243,195
06-05-2024 05:15,77,240,193
06-05-2024 05:30,78,245,197
06-05-2024 05:45,76,235,190
06-05-2024 06:00,76,231,187
06-05-2024 06:15,77,239,193
06-05-2024 06:30,85,264,214
06-05-2024 06:45,99,307,257
06-05-2024 07:00,122,357,309
06-05-2024 07:15,141,375,331
06-05-2024 07:30,154,385,344
06-05-2024 07:45,162,391,351
06-05-2024 08:00,173,403,366
06-05-2024 08:15,174,405,369
06-05-2024 08:30,178,409,374
06-05-2024 08:45,166,396,358
06-05-2024 09:00,147,381,339
06-05-2024 09:15,136,371,326
06-05-2024 09:30,116,348,298
06-05-2024 09:45,108,329,279
06-05-2024 10:00,99,304,254
06-05-2024 10:15,111,322,272
06-05-2024 10:30,133,366,320
06-05-2024 10:45,93,286,236
06-05-2024 11:00,77,239,193
06-05-2024 11:15,71,212,175
06-05-2024 11:30,62,178,152
06-05-2024 11:45,57,164,143
06-05-2024 12:00,63,180,153
06-05-2024 12:15,67,197,165
06-05-2024 12:30,73,223,182
06-05-2024 12:45,77,232,188
06-05-2024 13:00,66,191,161
06-05-2024 13:15,53,152,135
06-05-2024 13:30,44,123,115
06-05-2024 13:45,41,114,109
06-05-2024 14:00,42,115,110
06-05-2024 14:15,50,143,129
06-05-2024 14:30,42,118,112
06-05-2024 14:45,39,107,105
06-05-2024 15:00,39,105,103
06-05-2024 15:15,40,108,105
06-05-2024 15:30,40,110,107
06-05-2024 15:45,40,117,111
06-05-2024 16:00,36,97,97
06-05-2024 16:15,33,89,89
06-05-2024 16:30,33,86,86
06-05-2024 16:45,33,87,87
06-05-2024 17:00,34,91,91
06-05-2024 17:15,34,93,93
06-05-2024 17:30,34,93,93
06-05-2024 17:45,35,95,95
06-05-2024 18:00,35,95,95
06-05-2024 18:15,33,90,90
06-05-2024 18:30,33,86,86
06-05-2024 18:45,33,87,87
06-05-2024 19:00,39,107,105
06-05-2024 19:15,47,132,121
06-05-2024 19:30,54,157,138
06-05-2024 19:45,72,217,178
06-05-2024 20:00,90,277,227
06-05-2024 20:15,77,242,195
06-05-2024 20:30,69,203,169
06-05-2024 20:45,62,180,153
06-05-2024 21:00,62,178,152
06-05-2024 21:15,70,207,171
06-05-2024 21:30,78,242,195
06-05-2024 21:45,86,265,215
06-05-2024 22:00,87,269,219
06-05-2024 22:15,87,268,218
06-05-2024 22:30,90,278,228
06-05-2024 22:45,89,275,225
06-05-2024 23:00,90,277,227
06-05-2024 23:15,85,263,213
06-05-2024 23:30,82,256,206
06-05-2024 23:45,80,252,202
07-05-2024 00:00,83,257,207
07-05-2024 00:15,86,265,215
07-05-2024 00:30,91,280,230
07-05-2024 00:45,99,305,255
07-05-2024 01:00,105,320,270
07-05-2024 01:15,111,338,288
07-05-2024 01:30,118,353,304
07-05-2024 01:45,125,360,312
07-05-2024 02:00,136,371,326
07-05-2024 02:15,139,374,330
07-05-2024 02:30,145,380,338
07-05-2024 02:45,144,379,336
07-05-2024 03:00,141,376,332
07-05-2024 03:15,139,374,330
07-05-2024 03:30,136,371,326
07-05-2024 03:45,136,371,326
07-05-2024 04:00,139,374,330
07-05-2024 04:15,143,378,335
07-05-2024 04:30,143,377,334
07-05-2024 04:45,149,381,339
07-05-2024 05:00,147,381,339
07-05-2024 05:15,152,383,341
07-05-2024 05:30,150,382,340
07-05-2024 05:45,147,381,339
07-05-2024 06:00,144,379,336
07-05-2024 06:15,143,377,334
07-05-2024 06:30,144,379,336
07-05-2024 06:45,148,381,339
07-05-2024 07:00,154,384,342
07-05-2024 07:15,159,389,349
07-05-2024 07:30,175,405,369
07-05-2024 07:45,182,413,379
07-05-2024 08:00,180,411,376
07-05-2024 08:15,176,407,371
07-05-2024 08:30,169,399,361
07-05-2024 08:45,178,409,374
07-05-2024 09:00,196,427,396
07-05-2024 09:15,209,439,411
07-05-2024 09:30,215,445,419
07-05-2024 09:45,220,450,425
07-05-2024 10:00,229,458,435
07-05-2024 10:15,234,462,440
07-05-2024 10:30,230,459,436
07-05-2024 10:45,212,443,416
07-05-2024 11:00,415,705,744
07-05-2024 11:15,788,1110,1250
07-05-2024 11:30,190,422,390
07-05-2024 11:45,86,263,213
07-05-2024 12:00,70,207,171
07-05-2024 12:15,64,184,156
07-05-2024 12:30,66,195,163
07-05-2024 12:45,66,194,163
07-05-2024 13:00,68,199,166
07-05-2024 13:15,77,239,193
07-05-2024 13:30,82,260,210
07-05-2024 13:45,76,234,189
07-05-2024 14:00,73,219,179
07-05-2024 14:15,65,188,159
07-05-2024 14:30,65,187,158
07-05-2024 14:45,68,198,165
07-05-2024 15:00,69,203,169
07-05-2024 15:15,68,201,167
07-05-2024 15:30,67,197,165
07-05-2024 15:45,71,218,179
07-05-2024 16:00,72,219,179
07-05-2024 16:15,63,181,154
07-05-2024 16:30,60,173,149
07-05-2024 16:45,59,168,145
07-05-2024 17:00,58,166,144
07-05-2024 17:15,58,168,145
07-05-2024 17:30,59,168,145
07-05-2024 17:45,60,172,148
07-05-2024 18:00,62,178,152
07-05-2024 18:15,61,175,150
07-05-2024 18:30,59,168,145
07-05-2024 18:45,61,176,151
07-05-2024 19:00,68,199,166
07-05-2024 19:15,74,226,184
07-05-2024 19:30,76,236,191
07-05-2024 19:45,78,247,198
07-05-2024 20:00,80,251,201
07-05-2024 20:15,91,282,232
07-05-2024 20:30,87,269,219
07-05-2024 20:45,80,253,203
07-05-2024 21:00,78,248,199
07-05-2024 21:15,77,243,195
07-05-2024 21:30,77,240,193
07-05-2024 21:45,78,245,197
07-05-2024 22:00,79,249,199
07-05-2024 22:15,79,249,199
07-05-2024 22:30,79,249,199
07-05-2024 22:45,79,251,201
07-05-2024 23:00,81,253,203
07-05-2024 23:15,83,257,207
07-05-2024 23:30,85,262,212
07-05-2024 23:45,88,272,222
08-05-2024 00:00,87,267,217
08-05-2024 00:15,87,267,217
08-05-2024 00:30,88,271,221
08-05-2024 00:45,90,278,228
08-05-2024 01:00,92,283,233
08-05-2024 01:15,95,292,242
08-05-2024 01:30,95,293,243
08-05-2024 01:45,92,286,236
08-05-2024 02:00,91,280,230
08-05-2024 02:15,88,270,220
08-05-2024 02:30,88,271,221
08-05-2024 02:45,90,277,227
08-05-2024 03:00,90,277,227
08-05-2024 03:15,90,277,227
08-05-2024 03:30,89,274,224
08-05-2024 03:45,86,267,217
08-05-2024 04:00,84,262,212
08-05-2024 04:15,82,256,206
08-05-2024 04:30,81,254,204
08-05-2024 04:45,80,252,202
08-05-2024 05:00,79,249,199
08-05-2024 05:15,78,248,199
08-05-2024 05:30,78,247,198
08-05-2024 05:45,78,246,197
08-05-2024 06:00,77,238,192
08-05-2024 06:15,76,234,189
08-05-2024 06:30,74,225,183
08-05-2024 06:45,73,218,179
08-05-2024 07:00,72,213,175
08-05-2024 07:15,69,204,169
08-05-2024 07:30,70,206,171
08-05-2024 07:45,70,208,172
08-05-2024 08:00,71,211,174
08-05-2024 08:15,71,210,173
08-05-2024 08:30,76,236,191
08-05-2024 08:45,76,238,192
08-05-2024 09:00,77,239,193
08-05-2024 09:15,76,235,190
08-05-2024 09:30,78,245,197
08-05-2024 09:45,79,251,201
08-05-2024 10:00,79,251,201
08-05-2024 10:15,80,252,202
08-05-2024 10:30,80,252,202
08-05-2024 10:45,88,276,226
08-05-2024 11:00,148,382,340
08-05-2024 11:15,138,372,328
08-05-2024 11:30,99,301,251
08-05-2024 11:45,78,247,198
08-05-2024 12:00,75,226,184
08-05-2024 12:15,74,221,181
08-05-2024 12:30,72,216,177
08-05-2024 12:45,71,210,173
08-05-2024 13:00,75,232,188
08-05-2024 13:15,80,250,200
08-05-2024 13:30,80,249,199
08-05-2024 13:45,78,241,194
08-05-2024 14:00,72,215,177
08-05-2024 14:15,72,217,178
08-05-2024 14:30,71,210,173
08-05-2024 14:45,70,207,171
08-05-2024 15:00,70,206,171
08-05-2024 15:15,69,202,168
08-05-2024 15:30,67,193,162
08-05-2024 15:45,70,210,173
08-05-2024 16:00,72,217,178
08-05-2024 16:15,67,193,162
08-05-2024 16:30,59,171,147
08-05-2024 16:45,55,158,139
08-05-2024 17:00,52,146,131
08-05-2024 17:15,48,137,125
08-05-2024 17:30,46,130,120
08-05-2024 17:45,45,126,117
08-05-2024 18:00,45,125,117
08-05-2024 18:15,52,146,131
08-05-2024 18:30,59,170,147
08-05-2024 18:45,64,183,155
08-05-2024 19:00,68,197,165
08-05-2024 19:15,72,215,177
08-05-2024 19:30,75,229,186
08-05-2024 19:45,77,240,193
08-05-2024 20:00,77,238,192
08-05-2024 20:15,81,253,203
08-05-2024 20:30,83,259,209
08-05-2024 20:45,78,245,197
08-05-2024 21:00,75,231,187
08-05-2024 21:15,73,221,181
08-05-2024 21:30,75,232,188
08-05-2024 21:45,71,212,175
08-05-2024 22:00,64,184,156
08-05-2024 22:15,58,165,143
08-05-2024 22:30,56,160,140
08-05-2024 22:45,56,160,140
08-05-2024 23:00,56,160,140
08-05-2024 23:15,56,162,141
08-05-2024 23:30,59,169,146
08-05-2024 23:45,57,164,143
09-05-2024 00:00,53,152,135
09-05-2024 00:15,52,146,131
09-05-2024 00:30,51,142,128
09-05-2024 00:45,58,165,143
09-05-2024 01:00,60,171,147
09-05-2024 01:15,60,172,148
09-05-2024 01:30,57,164,143
09-05-2024 01:45,56,161,141
09-05-2024 02:00,55,158,139
09-05-2024 02:15,54,155,137
09-05-2024 02:30,54,155,137
09-05-2024 02:45,53,152,135
09-05-2024 03:00,52,149,133
09-05-2024 03:15,52,149,133
09-05-2024 03:30,51,145,130
09-05-2024 03:45,51,144,129
09-05-2024 04:00,51,142,128
09-05-2024 04:15,50,141,127
09-05-2024 04:30,49,140,127
09-05-2024 04:45,49,139,126
09-05-2024 05:00,50,140,127
09-05-2024 05:15,50,141,127
09-05-2024 05:30,54,154,136
09-05-2024 05:45,55,158,139
09-05-2024 06:00,56,162,141
09-05-2024 06:15,58,168,145
09-05-2024 06:30,56,161,141
09-05-2024 06:45,53,151,134
09-05-2024 07:00,52,146,131
09-05-2024 07:15,53,151,134
09-05-2024 07:30,54,153,135
09-05-2024 07:45,54,153,135
09-05-2024 08:00,54,155,137
09-05-2024 08:15,54,153,135
09-05-2024 08:30,56,162,141
09-05-2024 08:45,54,155,137
09-05-2024 09:00,52,149,133
09-05-2024 09:15,52,148,132
09-05-2024 09:30,53,149,133
09-05-2024 09:45,53,152,135
09-05-2024 10:00,55,157,138
09-05-2024 10:15,56,159,139
09-05-2024 10:30,57,165,143
09-05-2024 10:45,59,170,147
09-05-2024 11:00,59,170,147
09-05-2024 11:15,61,176,151
09-05-2024 11:30,61,177,151
09-05-2024 11:45,62,178,152
09-05-2024 12:00,62,178,152
09-05-2024 12:15,61,175,150
09-05-2024 12:30,61,175,150
09-05-2024 12:45,70,209,173
09-05-2024 13:00,63,183,155
09-05-2024 13:15,60,173,149
09-05-2024 13:30,102,290,240
09-05-2024 13:45,179,408,372
09-05-2024 14:00,123,338,302
09-05-2024 14:15,120,339,300
09-05-2024 14:30,82,254,204
09-05-2024 14:45,69,203,169
09-05-2024 15:00,60,172,148
09-05-2024 15:15,55,159,139
09-05-2024 15:30,69,207,171
09-05-2024 15:45,74,225,183
09-05-2024 16:00,67,195,163
09-05-2024 16:15,61,174,149
09-05-2024 16:30,57,163,142
09-05-2024 16:45,57,162,141
09-05-2024 17:00,60,172,148
09-05-2024 17:15,60,173,149
09-05-2024 17:30,60,171,147
09-05-2024 17:45,59,168,145
09-05-2024 18:00,57,164,143
09-05-2024 18:15,56,160,140
09-05-2024 18:30,56,160,140
09-05-2024 18:45,56,162,141
09-05-2024 19:00,64,184,156
09-05-2024 19:15,64,186,157
09-05-2024 19:30,64,184,156
09-05-2024 19:45,72,214,176
09-05-2024 20:00,64,185,157
09-05-2024 20:15,67,195,163
09-05-2024 20:30,66,190,160
09-05-2024 20:45,67,195,163
09-05-2024 21:00,66,193,162
09-05-2024 21:15,65,189,159
09-05-2024 21:30,66,190,160
09-05-2024 21:45,68,200,167
09-05-2024 22:00,69,202,168
09-05-2024 22:15,70,207,171
09-05-2024 22:30,69,202,168
09-05-2024 22:45,67,194,163
09-05-2024 23:00,67,195,163
09-05-2024 23:15,67,196,164
09-05-2024 23:30,67,195,163
09-05-2024 23:45,67,197,165
10-05-2024 00:00,73,218,179
10-05-2024 00:15,73,221,181
10-05-2024 00:30,78,245,197
10-05-2024 00:45,78,246,197
10-05-2024 01:00,77,239,193
10-05-2024 01:15,73,220,180
10-05-2024 01:30,72,213,175
10-05-2024 01:45,72,216,177
10-05-2024 02:00,73,220,180
10-05-2024 02:15,74,226,184
10-05-2024 02:30,77,239,193
10-05-2024 02:45,78,245,197
10-05-2024 03:00,78,247,198
10-05-2024 03:15,77,242,195
10-05-2024 03:30,76,235,190
10-05-2024 03:45,76,236,191
10-05-2024 04:00,78,244,196
10-05-2024 04:15,78,243,195
10-05-2024 04:30,79,251,201
10-05-2024 04:45,80,252,202
10-05-2024 05:00,82,256,206
10-05-2024 05:15,84,259,209
10-05-2024 05:30,83,258,208
10-05-2024 05:45,84,261,211
10-05-2024 06:00,82,255,205
10-05-2024 06:15,80,253,203
10-05-2024 06:30,82,255,205
10-05-2024 06:45,85,262,212
10-05-2024 07:00,85,263,213
10-05-2024 07:15,83,259,209
10-05-2024 07:30,83,258,208
10-05-2024 07:45,83,258,208
10-05-2024 08:00,82,257,207
10-05-2024 08:15,80,252,202
10-05-2024 08:30,78,245,197
10-05-2024 08:45,75,226,184
10-05-2024 09:00,75,228,185
10-05-2024 09:15,74,225,183
10-05-2024 09:30,73,219,179
10-05-2024 09:45,72,216,177
10-05-2024 10:00,73,221,181
10-05-2024 10:15,74,223,182
10-05-2024 10:30,75,226,184
10-05-2024 10:45,76,232,188
10-05-2024 11:00,75,228,185
10-05-2024 11:15,167,348,336
10-05-2024 11:30,251,470,450
10-05-2024 11:45,100,305,255
10-05-2024 12:00,79,251,201
10-05-2024 12:15,77,239,193
10-05-2024 12:30,75,227,185
10-05-2024 12:45,77,240,193
10-05-2024 13:00,78,243,195
10-05-2024 13:15,78,245,197
10-05-2024 13:30,77,239,193
10-05-2024 13:45,173,360,341
10-05-2024 14:00,158,392,352
10-05-2024 14:15,90,276,226
10-05-2024 14:30,79,252,202
10-05-2024 14:45,77,239,193
10-05-2024 15:00,74,223,182
10-05-2024 15:15,70,206,171
10-05-2024 15:30,69,202,168
10-05-2024 15:45,72,215,177
10-05-2024 16:00,71,210,173
10-05-2024 16:15,68,201,167
10-05-2024 16:30,69,205,170
10-05-2024 16:45,69,203,169
10-05-2024 17:00,70,207,171
10-05-2024 17:15,70,206,171
10-05-2024 17:30,69,204,169
10-05-2024 17:45,69,204,169
10-05-2024 18:00,70,205,170
10-05-2024 18:15,151,360,324
10-05-2024 18:30,286,503,491
10-05-2024 18:45,112,331,281
10-05-2024 19:00,86,267,217
10-05-2024 19:15,80,252,202
10-05-2024 19:30,78,248,199
10-05-2024 19:45,77,239,193
10-05-2024 20:00,89,276,226
10-05-2024 20:15,122,356,308
10-05-2024 20:30,96,295,245
10-05-2024 20:45,86,265,215
10-05-2024 21:00,84,260,210
10-05-2024 21:15,82,256,206
10-05-2024 21:30,79,251,201
10-05-2024 21:45,81,254,204
10-05-2024 22:00,83,257,207
10-05-2024 22:15,133,387,346
10-05-2024 22:30,120,402,365
10-05-2024 22:45,77,306,256
10-05-2024 23:00,48,177,151
10-05-2024 23:15,36,112,108
10-05-2024 23:30,30,88,88
10-05-2024 23:45,28,74,74
11-05-2024 00:00,23,54,54
11-05-2024 00:15,21,46,46
11-05-2024 00:30,20,42,42
11-05-2024 00:45,20,43,43
11-05-2024 01:00,17,36,36
11-05-2024 01:15,16,35,35
11-05-2024 01:30,20,44,44
11-05-2024 01:45,24,53,53
11-05-2024 02:00,27,62,62
11-05-2024 02:15,28,68,68
11-05-2024 02:30,29,73,73
11-05-2024 02:45,31,81,81
11-05-2024 03:00,33,88,88
11-05-2024 03:15,26,59,59
11-05-2024 03:30,27,65,65
11-05-2024 03:45,28,70,70
11-05-2024 04:00,32,86,86
11-05-2024 04:15,42,118,112
11-05-2024 04:30,48,137,125
11-05-2024 04:45,52,148,132
11-05-2024 05:00,55,158,139
11-05-2024 05:15,56,160,140
11-05-2024 05:30,62,179,153
11-05-2024 05:45,57,165,143
11-05-2024 06:00,62,182,155
11-05-2024 06:15,62,182,155
11-05-2024 06:30,54,156,137
11-05-2024 06:45,54,154,136
11-05-2024 07:00,52,146,131
11-05-2024 07:15,53,151,134
11-05-2024 07:30,52,151,134
11-05-2024 07:45,57,167,145
11-05-2024 08:00,59,171,147
11-05-2024 08:15,63,184,156
11-05-2024 08:30,65,197,165
11-05-2024 08:45,66,205,170
11-05-2024 09:00,70,220,180
11-05-2024 09:15,66,202,168
11-05-2024 09:30,65,198,165
11-05-2024 09:45,65,198,165
11-05-2024 10:00,72,223,182
11-05-2024 10:15,69,208,172
11-05-2024 10:30,67,196,164
11-05-2024 10:45,65,187,158
11-05-2024 11:00,143,332,318
11-05-2024 11:15,320,531,526
11-05-2024 11:30,149,385,344
11-05-2024 11:45,78,242,195
11-05-2024 12:00,61,176,151
11-05-2024 12:15,53,151,134
11-05-2024 12:30,39,110,107
11-05-2024 12:45,36,99,99
11-05-2024 13:00,37,103,102
11-05-2024 13:15,38,105,103
11-05-2024 13:30,39,105,103
11-05-2024 13:45,41,114,109
11-05-2024 14:00,47,133,122
11-05-2024 14:15,51,143,129
11-05-2024 14:30,49,138,125
11-05-2024 14:45,47,130,120
11-05-2024 15:00,45,127,118
11-05-2024 15:15,43,122,115
11-05-2024 15:30,45,126,117
11-05-2024 15:45,47,131,121
11-05-2024 16:00,45,125,117
11-05-2024 16:15,45,127,118
11-05-2024 16:30,47,137,125
11-05-2024 16:45,44,124,116
11-05-2024 17:00,43,123,115
11-05-2024 17:15,42,118,112
11-05-2024 17:30,41,114,109
11-05-2024 17:45,41,112,108
11-05-2024 18:00,39,107,105
11-05-2024 18:15,39,107,105
11-05-2024 18:30,40,111,107
11-05-2024 18:45,42,118,112
11-05-2024 19:00,42,119,113
11-05-2024 19:15,42,116,111
11-05-2024 19:30,43,120,113
11-05-2024 19:45,45,126,117
11-05-2024 20:00,59,172,148
11-05-2024 20:15,64,185,157
11-05-2024 20:30,63,181,154
11-05-2024 20:45,66,191,161
11-05-2024 21:00,66,192,161
11-05-2024 21:15,69,202,168
11-05-2024 21:30,68,198,165
11-05-2024 21:45,68,201,167
11-05-2024 22:00,73,217,178
11-05-2024 22:15,76,233,189
11-05-2024 22:30,80,252,202
11-05-2024 22:45,86,267,217
11-05-2024 23:00,86,265,215
11-05-2024 23:15,83,257,207
11-05-2024 23:30,79,251,201
11-05-2024 23:45,77,241,194
12-05-2024 00:00,74,225,183
12-05-2024 00:15,75,230,187
12-05-2024 00:30,76,234,189
12-05-2024 00:45,77,242,195
12-05-2024 01:00,78,245,197
12-05-2024 01:15,80,251,201
12-05-2024 01:30,86,265,215
12-05-2024 01:45,94,291,241
12-05-2024 02:00,87,267,217
12-05-2024 02:15,85,264,214
12-05-2024 02:30,85,263,213
12-05-2024 02:45,87,270,220
12-05-2024 03:00,88,273,223
12-05-2024 03:15,98,302,252
12-05-2024 03:30,102,314,264
12-05-2024 03:45,106,327,277
12-05-2024 04:00,101,312,262
12-05-2024 04:15,95,294,244
12-05-2024 04:30,94,292,242
12-05-2024 04:45,90,278,228
12-05-2024 05:00,88,274,224
12-05-2024 05:15,88,271,221
12-05-2024 05:30,87,268,218
12-05-2024 05:45,87,269,219
12-05-2024 06:00,87,268,218
12-05-2024 06:15,87,270,220
12-05-2024 06:30,87,269,219
12-05-2024 06:45,86,266,216
12-05-2024 07:00,84,263,213
12-05-2024 07:15,82,258,208
12-05-2024 07:30,80,252,202
12-05-2024 07:45,74,228,185
12-05-2024 08:00,71,216,177
12-05-2024 08:15,77,246,197
12-05-2024 08:30,82,260,210
12-05-2024 08:45,78,245,197
12-05-2024 09:00,63,185,157
12-05-2024 09:15,61,178,152
12-05-2024 09:30,60,175,150
12-05-2024 09:45,58,167,145
12-05-2024 10:00,57,165,143
12-05-2024 10:15,58,168,145
12-05-2024 10:30,59,170,147
12-05-2024 10:45,60,173,149
12-05-2024 11:00,60,172,148
12-05-2024 11:15,64,183,155
12-05-2024 11:30,68,202,168
12-05-2024 11:45,68,199,166
12-05-2024 12:00,74,225,183
12-05-2024 12:15,72,216,177
12-05-2024 12:30,69,205,170
12-05-2024 12:45,66,193,162
12-05-2024 13:00,62,177,151
12-05-2024 13:15,61,173,149
12-05-2024 13:30,59,169,146
12-05-2024 13:45,57,162,141
12-05-2024 14:00,56,160,140
12-05-2024 14:15,55,158,139
12-05-2024 14:30,56,160,140
12-05-2024 14:45,53,150,133
12-05-2024 15:00,52,148,132
12-05-2024 15:15,51,145,130
12-05-2024 15:30,51,143,129
12-05-2024 15:45,51,143,129
12-05-2024 16:00,51,143,129
12-05-2024 16:15,49,140,127
12-05-2024 16:30,54,161,141
12-05-2024 16:45,52,146,131
12-05-2024 17:00,52,149,133
12-05-2024 17:15,52,146,131
12-05-2024 17:30,50,142,128
12-05-2024 17:45,50,142,128
12-05-2024 18:00,52,146,131
12-05-2024 18:15,59,171,147
12-05-2024 18:30,61,174,149
12-05-2024 18:45,64,184,156
12-05-2024 19:00,66,189,159
12-05-2024 19:15,66,192,161
12-05-2024 19:30,66,192,161
12-05-2024 19:45,69,204,169
12-05-2024 20:00,74,226,184
12-05-2024 20:15,78,245,197
12-05-2024 20:30,76,234,189
12-05-2024 20:45,74,223,182
12-05-2024 21:00,77,239,193
12-05-2024 21:15,86,266,216
12-05-2024 21:30,90,279,229
12-05-2024 21:45,90,277,227
12-05-2024 22:00,88,272,222
12-05-2024 22:15,92,282,232
12-05-2024 22:30,92,285,235
12-05-2024 22:45,94,291,241
12-05-2024 23:00,96,295,245
12-05-2024 23:15,94,289,239
12-05-2024 23:30,89,274,224
12-05-2024 23:45,85,264,214
13-05-2024 00:00,84,259,209
13-05-2024 00:15,81,255,205
13-05-2024 00:30,81,253,203
13-05-2024 00:45,82,257,207
13-05-2024 01:00,90,278,228
13-05-2024 01:15,87,270,220
13-05-2024 01:30,86,266,216
13-05-2024 01:45,86,265,215
13-05-2024 02:00,88,271,221
13-05-2024 02:15,93,286,236
13-05-2024 02:30,111,333,283
13-05-2024 02:45,128,363,316
13-05-2024 03:00,126,361,314
13-05-2024 03:15,120,355,306
13-05-2024 03:30,112,342,292
13-05-2024 03:45,111,338,288
13-05-2024 04:00,109,332,282
13-05-2024 04:15,110,334,284
13-05-2024 04:30,109,333,283
13-05-2024 04:45,109,332,282
13-05-2024 05:00,106,324,274
13-05-2024 05:15,105,322,272
13-05-2024 05:30,103,315,265
13-05-2024 05:45,101,310,260
13-05-2024 06:00,95,294,244
13-05-2024 06:15,93,286,236
13-05-2024 06:30,92,284,234
13-05-2024 06:45,88,274,224
13-05-2024 07:00,99,304,254
13-05-2024 07:15,97,299,249
13-05-2024 07:30,94,290,240
13-05-2024 07:45,88,272,222
13-05-2024 08:00,85,263,213
13-05-2024 08:15,87,268,218
13-05-2024 08:30,83,258,208
13-05-2024 08:45,90,278,228
13-05-2024 09:00,91,281,231
13-05-2024 09:15,89,275,225
13-05-2024 09:30,86,267,217
13-05-2024 09:45,85,262,212
13-05-2024 10:00,81,253,203
13-05-2024 10:15,76,234,189
13-05-2024 10:30,77,239,193
13-05-2024 10:45,75,228,185
13-05-2024 11:00,75,232,188
13-05-2024 11:15,77,238,192
13-05-2024 11:30,78,245,197
13-05-2024 11:45,82,256,206
13-05-2024 12:00,87,269,219
13-05-2024 12:15,98,302,252
13-05-2024 12:30,97,299,249
13-05-2024 12:45,103,309,259
13-05-2024 13:00,131,361,314
13-05-2024 13:15,102,312,262
13-05-2024 13:30,94,292,242
13-05-2024 13:45,92,283,233
13-05-2024 14:00,94,290,240
13-05-2024 14:15,91,280,230
13-05-2024 14:30,83,257,207
13-05-2024 14:45,75,231,187
13-05-2024 15:00,69,203,169
13-05-2024 15:15,58,166,144
13-05-2024 15:30,57,163,142
13-05-2024 15:45,54,155,137
13-05-2024 16:00,50,140,127
13-05-2024 16:15,56,160,140
13-05-2024 16:30,71,211,174
13-05-2024 16:45,76,232,188
13-05-2024 17:00,81,255,205
13-05-2024 17:15,87,270,220
13-05-2024 17:30,90,277,227
13-05-2024 17:45,90,277,227
13-05-2024 18:00,88,271,221
13-05-2024 18:15,86,267,217
13-05-2024 18:30,76,236,191
13-05-2024 18:45,64,184,156
13-05-2024 19:00,55,169,146
13-05-2024 19:15,55,176,151
13-05-2024 19:30,60,190,160
13-05-2024 19:45,65,209,173
13-05-2024 20:00,85,280,230
13-05-2024 20:15,80,269,219
13-05-2024 20:30,69,225,183
13-05-2024 20:45,71,233,189
13-05-2024 21:00,76,257,207
13-05-2024 21:15,83,280,230
13-05-2024 21:30,91,305,255
13-05-2024 21:45,99,335,285
13-05-2024 22:00,99,334,284
13-05-2024 22:15,97,320,270
13-05-2024 22:30,103,336,286
13-05-2024 22:45,99,324,274
13-05-2024 23:00,89,295,245
13-05-2024 23:15,84,280,230
13-05-2024 23:30,79,271,221
13-05-2024 23:45,76,251,201
14-05-2024 00:00,74,244,196
14-05-2024 00:15,82,277,227
14-05-2024 00:30,87,288,238
14-05-2024 00:45,84,278,228
14-05-2024 01:00,81,274,224
14-05-2024 01:15,81,274,224
14-05-2024 01:30,84,280,230
14-05-2024 01:45,89,293,243
14-05-2024 02:00,91,299,249
14-05-2024 02:15,95,310,260
14-05-2024 02:30,93,305,255
14-05-2024 02:45,90,295,245
14-05-2024 03:00,85,282,232
14-05-2024 03:15,89,292,242
14-05-2024 03:30,92,300,250
14-05-2024 03:45,88,289,239
14-05-2024 04:00,88,290,240
14-05-2024 04:15,89,292,242
14-05-2024 04:30,89,293,243
14-05-2024 04:45,90,296,246
14-05-2024 05:00,93,303,253
14-05-2024 05:15,96,312,262
14-05-2024 05:30,97,315,265
14-05-2024 05:45,102,328,278
14-05-2024 06:00,107,342,292
14-05-2024 06:15,114,357,309
14-05-2024 06:30,142,388,348
14-05-2024 06:45,120,363,316
14-05-2024 07:00,111,351,301
14-05-2024 07:15,119,366,320
14-05-2024 07:30,124,371,326
14-05-2024 07:45,132,379,336
14-05-2024 08:00,141,388,348
14-05-2024 08:15,149,393,354
14-05-2024 08:30,136,383,341
14-05-2024 08:45,129,376,332
14-05-2024 09:00,136,383,341
14-05-2024 09:15,123,371,326
14-05-2024 09:30,154,396,358
14-05-2024 09:45,139,385,344
14-05-2024 10:00,99,319,269
14-05-2024 10:15,88,291,241
14-05-2024 10:30,92,301,251
14-05-2024 10:45,92,300,250
14-05-2024 11:00,88,291,241
14-05-2024 11:15,89,292,242
14-05-2024 11:30,86,284,234
14-05-2024 11:45,83,278,228
14-05-2024 12:00,84,278,228
14-05-2024 12:15,86,284,234
14-05-2024 12:30,90,295,245
14-05-2024 12:45,92,299,249
14-05-2024 13:00,94,308,258
14-05-2024 13:15,71,233,189
14-05-2024 13:30,48,151,134
14-05-2024 13:45,67,216,177
14-05-2024 14:00,76,258,208
14-05-2024 14:15,83,277,227
14-05-2024 14:30,73,241,194
14-05-2024 14:45,67,213,175
14-05-2024 15:00,60,189,159
14-05-2024 15:15,64,208,172
14-05-2024 15:30,63,201,167
14-05-2024 15:45,54,174,149
14-05-2024 16:00,51,161,141
14-05-2024 16:15,48,152,135
14-05-2024 16:30,44,142,128
14-05-2024 16:45,42,136,124
14-05-2024 17:00,41,129,119
14-05-2024 17:15,38,121,114
14-05-2024 17:30,36,114,109
14-05-2024 17:45,37,118,112
14-05-2024 18:00,38,120,113
14-05-2024 18:15,37,118,112
14-05-2024 18:30,36,117,111
14-05-2024 18:45,43,135,123
14-05-2024 19:00,54,167,145
14-05-2024 19:15,58,171,147
14-05-2024 19:30,59,176,151
14-05-2024 19:45,65,198,165
14-05-2024 20:00,67,205,170
14-05-2024 20:15,67,204,169
14-05-2024 20:30,66,202,168
14-05-2024 20:45,66,198,165
14-05-2024 21:00,64,192,161
14-05-2024 21:15,64,191,161
14-05-2024 21:30,72,220,180
14-05-2024 21:45,72,219,179
14-05-2024 22:00,72,220,180
14-05-2024 22:15,74,228,185
14-05-2024 22:30,78,248,199
14-05-2024 22:45,82,276,226
14-05-2024 23:00,87,295,245
14-05-2024 23:15,88,299,249
14-05-2024 23:30,86,289,239
14-05-2024 23:45,86,289,239
15-05-2024 00:00,89,298,248
15-05-2024 00:15,90,302,252
15-05-2024 00:30,88,296,246
15-05-2024 00:45,94,318,268
15-05-2024 01:00,90,302,252
15-05-2024 01:15,86,290,240
15-05-2024 01:30,85,285,235
15-05-2024 01:45,85,286,236
15-05-2024 02:00,85,287,237
15-05-2024 02:15,88,298,248
15-05-2024 02:30,93,315,265
15-05-2024 02:45,93,318,268
15-05-2024 03:00,92,310,260
15-05-2024 03:15,89,300,250
15-05-2024 03:30,88,293,243
15-05-2024 03:45,87,293,243
15-05-2024 04:00,88,295,245
15-05-2024 04:15,89,297,247
15-05-2024 04:30,94,318,268
15-05-2024 04:45,101,343,293
15-05-2024 05:00,105,350,300
15-05-2024 05:15,98,338,288
15-05-2024 05:30,96,329,279
15-05-2024 05:45,95,323,273
15-05-2024 06:00,97,330,280
15-05-2024 06:15,112,359,311
15-05-2024 06:30,126,370,325
15-05-2024 06:45,134,375,331
15-05-2024 07:00,127,370,325
15-05-2024 07:15,149,393,354
15-05-2024 07:30,172,424,392
15-05-2024 07:45,166,415,381
15-05-2024 08:00,140,382,340
15-05-2024 08:15,127,370,325
15-05-2024 08:30,133,375,331
15-05-2024 08:45,131,374,330
15-05-2024 09:00,137,378,335
15-05-2024 09:15,135,377,334
15-05-2024 09:30,126,369,324
15-05-2024 09:45,115,362,315
15-05-2024 10:00,111,359,311
15-05-2024 10:15,113,360,312
15-05-2024 10:30,106,350,300
15-05-2024 10:45,99,335,285
15-05-2024 11:00,92,309,259
15-05-2024 11:15,89,300,250
15-05-2024 11:30,83,274,224
15-05-2024 11:45,81,267,217
15-05-2024 12:00,74,230,187
15-05-2024 12:15,74,228,185
15-05-2024 12:30,78,250,200
15-05-2024 12:45,81,265,215
15-05-2024 13:00,87,288,238
15-05-2024 13:15,80,263,213
15-05-2024 13:30,80,258,208
15-05-2024 13:45,78,249,199
15-05-2024 14:00,75,235,190
15-05-2024 14:15,73,224,183
15-05-2024 14:30,72,222,181
15-05-2024 14:45,73,226,184
15-05-2024 15:00,73,226,184
15-05-2024 15:15,76,241,194
15-05-2024 15:30,81,268,218
15-05-2024 15:45,86,289,239
15-05-2024 16:00,82,278,228
15-05-2024 16:15,80,262,212
15-05-2024 16:30,77,246,197
15-05-2024 16:45,74,229,186
15-05-2024 17:00,71,215,177
15-05-2024 17:15,66,198,165
15-05-2024 17:30,64,193,162
15-05-2024 17:45,65,196,164
15-05-2024 18:00,61,183,155
15-05-2024 18:15,58,170,147
15-05-2024 18:30,56,166,144
15-05-2024 18:45,57,167,145
15-05-2024 19:00,57,169,146
15-05-2024 19:15,56,164,143
15-05-2024 19:30,66,199,166
15-05-2024 19:45,83,271,221
15-05-2024 20:00,73,227,185
15-05-2024 20:15,75,236,191
15-05-2024 20:30,71,217,178
15-05-2024 20:45,71,217,178
15-05-2024 21:00,79,258,208
15-05-2024 21:15,85,286,236
15-05-2024 21:30,92,312,262
15-05-2024 21:45,106,351,301
15-05-2024 22:00,113,361,314
15-05-2024 22:15,115,361,314
15-05-2024 22:30,148,392,352
15-05-2024 22:45,147,389,349
15-05-2024 23:00,127,370,325
15-05-2024 23:15,123,367,321
15-05-2024 23:30,117,363,316
15-05-2024 23:45,109,356,308
16-05-2024 00:00,102,344,294
16-05-2024 00:15,99,336,286
16-05-2024 00:30,96,327,277
16-05-2024 00:45,94,318,268
16-05-2024 01:00,90,304,254
16-05-2024 01:15,86,289,239
16-05-2024 01:30,83,280,230
16-05-2024 01:45,80,258,208
16-05-2024 02:00,76,241,194
16-05-2024 02:15,72,220,180
16-05-2024 02:30,67,204,169
16-05-2024 02:45,65,197,165
16-05-2024 03:00,64,192,161
16-05-2024 03:15,63,189,159
16-05-2024 03:30,63,189,159
16-05-2024 03:45,63,188,159
16-05-2024 04:00,63,189,159
16-05-2024 04:15,62,186,157
16-05-2024 04:30,62,187,158
16-05-2024 04:45,62,186,157
16-05-2024 05:00,62,186,157
16-05-2024 05:15,60,180,153
16-05-2024 05:30,59,176,151
16-05-2024 05:45,58,172,148
16-05-2024 06:00,58,173,149
16-05-2024 06:15,58,172,148
16-05-2024 06:30,58,172,148
16-05-2024 06:45,59,174,149
16-05-2024 07:00,58,172,148
16-05-2024 07:15,58,171,147
16-05-2024 07:30,58,171,147
16-05-2024 07:45,58,172,148
16-05-2024 08:00,61,181,154
16-05-2024 08:15,65,197,165
16-05-2024 08:30,85,284,234
16-05-2024 08:45,95,322,272
16-05-2024 09:00,98,334,284
16-05-2024 09:15,98,336,286
16-05-2024 09:30,98,333,283
16-05-2024 09:45,98,332,282
16-05-2024 10:00,102,343,293
16-05-2024 10:15,103,344,294
16-05-2024 10:30,100,339,289
16-05-2024 10:45,95,324,274
16-05-2024 11:00,93,314,264
16-05-2024 11:15,93,311,261
16-05-2024 11:30,93,312,262
16-05-2024 11:45,93,314,264
16-05-2024 12:00,94,319,269
16-05-2024 12:15,94,318,268
16-05-2024 12:30,92,309,259
16-05-2024 12:45,90,302,252
16-05-2024 13:00,95,319,269
16-05-2024 13:15,96,324,274
16-05-2024 13:30,90,304,254
16-05-2024 13:45,88,297,247
16-05-2024 14:00,84,284,234
16-05-2024 14:15,80,260,210
16-05-2024 14:30,76,238,192
16-05-2024 14:45,71,216,177
16-05-2024 15:00,67,203,169
16-05-2024 15:15,66,199,166
16-05-2024 15:30,67,203,169
16-05-2024 15:45,78,253,203
16-05-2024 16:00,80,264,214
16-05-2024 16:15,74,231,187
16-05-2024 16:30,68,208,172
16-05-2024 16:45,64,193,162
16-05-2024 17:00,92,307,257
16-05-2024 17:15,84,284,234
16-05-2024 17:30,81,267,217
16-05-2024 17:45,81,268,218
16-05-2024 18:00,80,260,210
16-05-2024 18:15,75,235,190
16-05-2024 18:30,76,242,195
16-05-2024 18:45,81,264,214
16-05-2024 19:00,82,273,223
16-05-2024 19:15,82,272,222
16-05-2024 19:30,80,261,211
16-05-2024 19:45,79,254,204
16-05-2024 20:00,81,271,221
16-05-2024 20:15,89,301,251
16-05-2024 20:30,96,324,274
16-05-2024 20:45,91,306,256
16-05-2024 21:00,96,325,275
16-05-2024 21:15,98,332,282
16-05-2024 21:30,103,345,295
16-05-2024 21:45,115,361,314
16-05-2024 22:00,118,363,316
16-05-2024 22:15,117,363,316
16-05-2024 22:30,110,356,308
16-05-2024 22:45,102,343,293
16-05-2024 23:00,98,334,284
16-05-2024 23:15,100,339,289
16-05-2024 23:30,108,354,305
16-05-2024 23:45,107,351,301
17-05-2024 00:00,97,330,280
17-05-2024 00:15,94,319,269
17-05-2024 00:30,95,322,272
17-05-2024 00:45,96,324,274
17-05-2024 01:00,98,335,285
17-05-2024 01:15,103,345,295
17-05-2024 01:30,104,348,298
17-05-2024 01:45,100,338,288
17-05-2024 02:00,94,316,266
17-05-2024 02:15,89,300,250
17-05-2024 02:30,87,292,242
17-05-2024 02:45,86,289,239
17-05-2024 03:00,87,291,241
17-05-2024 03:15,88,295,245
17-05-2024 03:30,89,299,249
17-05-2024 03:45,90,304,254
17-05-2024 04:00,92,311,261
17-05-2024 04:15,93,315,265
17-05-2024 04:30,93,312,262
17-05-2024 04:45,91,307,257
17-05-2024 05:00,90,301,251
17-05-2024 05:15,89,301,251
17-05-2024 05:30,95,321,271
17-05-2024 05:45,104,345,295
17-05-2024 06:00,88,294,244
17-05-2024 06:15,82,274,224
17-05-2024 06:30,80,257,207
17-05-2024 06:45,81,264,214
17-05-2024 07:00,82,274,224
17-05-2024 07:15,80,257,207
17-05-2024 07:30,80,257,207
17-05-2024 07:45,79,253,203
17-05-2024 08:00,80,259,209
17-05-2024 08:15,79,256,206
17-05-2024 08:30,80,260,210
17-05-2024 08:45,80,263,213
17-05-2024 09:00,76,239,193
17-05-2024 09:15,78,255,205
17-05-2024 09:30,81,268,218
17-05-2024 09:45,77,242,195
17-05-2024 10:00,75,237,191
17-05-2024 10:15,78,251,201
17-05-2024 10:30,78,251,201
17-05-2024 10:45,77,244,196
17-05-2024 11:00,77,246,197
17-05-2024 11:15,79,251,201
17-05-2024 11:30,77,245,197
17-05-2024 11:45,77,244,196
17-05-2024 12:00,76,238,192
17-05-2024 12:15,76,239,193
17-05-2024 12:30,76,238,192
17-05-2024 12:45,60,180,153
17-05-2024 13:00,43,116,111
17-05-2024 13:15,52,149,133
17-05-2024 13:30,62,187,158
17-05-2024 13:45,67,203,169
17-05-2024 14:00,74,230,187
17-05-2024 14:15,83,275,225
17-05-2024 14:30,89,299,249
17-05-2024 14:45,84,282,232
17-05-2024 15:00,75,237,191
17-05-2024 15:15,73,228,185
17-05-2024 15:30,70,219,179
17-05-2024 15:45,67,205,170
17-05-2024 16:00,66,200,167
17-05-2024 16:15,66,201,167
17-05-2024 16:30,66,198,165
17-05-2024 16:45,60,179,153
17-05-2024 17:00,55,160,140
17-05-2024 17:15,52,151,134
17-05-2024 17:30,50,147,131
17-05-2024 17:45,49,138,125
17-05-2024 18:00,47,133,122
17-05-2024 18:15,47,132,121
17-05-2024 18:30,47,130,120
17-05-2024 18:45,46,129,119
17-05-2024 19:00,63,190,160
17-05-2024 19:15,69,221,181
17-05-2024 19:30,73,235,190
17-05-2024 19:45,77,260,210
17-05-2024 20:00,78,271,221
17-05-2024 20:15,83,292,242
17-05-2024 20:30,90,314,264
17-05-2024 20:45,98,343,293
17-05-2024 21:00,101,348,298
17-05-2024 21:15,97,336,286
17-05-2024 21:30,94,323,273
17-05-2024 21:45,92,314,264
17-05-2024 22:00,93,316,266
17-05-2024 22:15,97,330,280
17-05-2024 22:30,99,339,289
17-05-2024 22:45,101,342,292
17-05-2024 23:00,102,343,293
17-05-2024 23:15,98,334,284
17-05-2024 23:30,95,321,271
17-05-2024 23:45,92,311,261
18-05-2024 00:00,91,307,257
18-05-2024 00:15,90,302,252
18-05-2024 00:30,89,298,248
18-05-2024 00:45,89,298,248
18-05-2024 01:00,89,300,250
18-05-2024 01:15,88,295,245
18-05-2024 01:30,90,302,252
18-05-2024 01:45,89,298,248
18-05-2024 02:00,89,299,249
18-05-2024 02:15,91,305,255
18-05-2024 02:30,89,300,250
18-05-2024 02:45,89,300,250
18-05-2024 03:00,91,305,255
18-05-2024 03:15,91,305,255
18-05-2024 03:30,89,301,251
18-05-2024 03:45,90,302,252
18-05-2024 04:00,90,302,252
18-05-2024 04:15,89,298,248
18-05-2024 04:30,89,299,249
18-05-2024 04:45,89,297,247
18-05-2024 05:00,89,299,249
18-05-2024 05:15,90,304,254
18-05-2024 05:30,93,314,264
18-05-2024 05:45,94,320,270
18-05-2024 06:00,99,336,286
18-05-2024 06:15,103,347,297
18-05-2024 06:30,108,356,308
18-05-2024 06:45,109,358,310
18-05-2024 07:00,110,359,311
18-05-2024 07:15,113,361,314
18-05-2024 07:30,110,358,310
18-05-2024 07:45,105,351,301
18-05-2024 08:00,103,348,298
18-05-2024 08:15,98,337,287
18-05-2024 08:30,95,324,274
18-05-2024 08:45,93,316,266
18-05-2024 09:00,89,301,251
18-05-2024 09:15,88,297,247
18-05-2024 09:30,89,298,248
18-05-2024 09:45,89,301,251
18-05-2024 10:00,90,301,251
18-05-2024 10:15,99,327,277
18-05-2024 10:30,92,309,259
18-05-2024 10:45,92,311,261
18-05-2024 11:00,91,304,254
18-05-2024 11:15,91,305,255
18-05-2024 11:30,89,299,249
18-05-2024 11:45,90,301,251
18-05-2024 12:00,87,290,240
18-05-2024 12:15,84,281,231
18-05-2024 12:30,84,285,235
18-05-2024 12:45,89,297,247
18-05-2024 13:00,91,300,250
18-05-2024 13:15,71,218,179
18-05-2024 13:30,72,221,181
18-05-2024 13:45,64,191,161
18-05-2024 14:00,56,164,143
18-05-2024 14:15,52,151,134
18-05-2024 14:30,54,157,138
18-05-2024 14:45,52,149,133
18-05-2024 15:00,54,155,137
18-05-2024 15:15,55,161,141
18-05-2024 15:30,53,151,134
18-05-2024 15:45,53,153,135
18-05-2024 16:00,54,156,137
18-05-2024 16:15,55,160,140
18-05-2024 16:30,54,157,138
18-05-2024 16:45,53,152,135
18-05-2024 17:00,54,154,136
18-05-2024 17:15,54,154,136
18-05-2024 17:30,52,151,134
18-05-2024 17:45,50,144,129
18-05-2024 18:00,50,146,131
18-05-2024 18:15,50,146,131
18-05-2024 18:30,48,136,124
18-05-2024 18:45,48,138,125
18-05-2024 19:00,50,144,129
18-05-2024 19:15,51,151,134
18-05-2024 19:30,54,157,138
18-05-2024 19:45,54,162,141
18-05-2024 20:00,55,166,144
18-05-2024 20:15,55,166,144
18-05-2024 20:30,56,169,146
18-05-2024 20:45,58,175,150
18-05-2024 21:00,59,178,152
18-05-2024 21:15,60,182,155
18-05-2024 21:30,62,188,159
18-05-2024 21:45,66,204,169
18-05-2024 22:00,68,210,173
18-05-2024 22:15,69,213,175
18-05-2024 22:30,72,224,183
18-05-2024 22:45,71,223,182
18-05-2024 23:00,72,223,182
18-05-2024 23:15,75,238,192
18-05-2024 23:30,74,238,192
18-05-2024 23:45,76,253,203
19-05-2024 00:00,79,259,209
19-05-2024 00:15,81,272,222
19-05-2024 00:30,81,271,221
19-05-2024 00:45,81,266,216
19-05-2024 01:00,82,278,228
19-05-2024 01:15,81,268,218
19-05-2024 01:30,80,256,206
19-05-2024 01:45,78,249,199
19-05-2024 02:00,77,244,196
19-05-2024 02:15,78,249,199
19-05-2024 02:30,78,251,201
19-05-2024 02:45,80,260,210
19-05-2024 03:00,81,272,222
19-05-2024 03:15,82,277,227
19-05-2024 03:30,82,278,228
19-05-2024 03:45,82,277,227
19-05-2024 04:00,82,272,222
19-05-2024 04:15,82,274,224
19-05-2024 04:30,82,276,226
19-05-2024 04:45,82,277,227
19-05-2024 05:00,81,264,214
19-05-2024 05:15,81,268,218
19-05-2024 05:30,83,279,229
19-05-2024 05:45,85,286,236
19-05-2024 06:00,86,289,239
19-05-2024 06:15,89,300,250
19-05-2024 06:30,97,332,282
19-05-2024 06:45,100,340,290
19-05-2024 07:00,103,347,297
19-05-2024 07:15,103,348,298
19-05-2024 07:30,108,356,308
19-05-2024 07:45,108,356,308
19-05-2024 08:00,106,353,304
19-05-2024 08:15,110,357,309
19-05-2024 08:30,109,356,308
19-05-2024 08:45,113,360,312
19-05-2024 09:00,114,360,312
19-05-2024 09:15,108,353,304
19-05-2024 09:30,102,343,293
19-05-2024 09:45,100,337,287
19-05-2024 10:00,95,322,272
19-05-2024 10:15,91,305,255
19-05-2024 10:30,90,302,252
19-05-2024 10:45,94,316,266
19-05-2024 11:00,88,296,246
19-05-2024 11:15,83,277,227
19-05-2024 11:30,77,243,195
19-05-2024 11:45,72,222,181
19-05-2024 12:00,66,198,165
19-05-2024 12:15,60,181,154
19-05-2024 12:30,57,169,146
19-05-2024 12:45,54,156,137
19-05-2024 13:00,50,146,131
19-05-2024 13:15,49,141,127
19-05-2024 13:30,48,137,125
19-05-2024 13:45,48,137,125
19-05-2024 14:00,57,167,145
19-05-2024 14:15,61,183,155
19-05-2024 14:30,55,162,141
19-05-2024 14:45,47,133,122
19-05-2024 15:00,41,109,106
19-05-2024 15:15,39,98,98
19-05-2024 15:30,37,91,91
19-05-2024 15:45,37,88,88
19-05-2024 16:00,36,83,83
19-05-2024 16:15,33,75,75
19-05-2024 16:30,35,85,85
19-05-2024 16:45,34,81,81
19-05-2024 17:00,30,69,69
19-05-2024 17:15,28,64,64
19-05-2024 17:30,28,65,65
19-05-2024 17:45,28,63,63
19-05-2024 18:00,28,63,63
19-05-2024 18:15,29,65,65
19-05-2024 18:30,30,68,68
19-05-2024 18:45,33,76,76
19-05-2024 19:00,35,81,81
19-05-2024 19:15,35,81,81
19-05-2024 19:30,36,83,83
19-05-2024 19:45,36,85,85
19-05-2024 20:00,37,90,90
19-05-2024 20:15,37,89,89
19-05-2024 20:30,37,89,89
19-05-2024 20:45,38,92,92
19-05-2024 21:00,38,94,94
19-05-2024 21:15,39,101,101
19-05-2024 21:30,44,123,115
19-05-2024 21:45,48,138,125
19-05-2024 22:00,48,138,125
19-05-2024 22:15,48,136,124
19-05-2024 22:30,48,136,124
19-05-2024 22:45,48,136,124
19-05-2024 23:00,48,136,124
19-05-2024 23:15,47,134,123
19-05-2024 23:30,47,134,123
19-05-2024 23:45,47,137,125
20-05-2024 00:00,47,135,123
20-05-2024 00:15,45,127,118
