CreatedDate,pm25_Surender: Living room,pm10_Surender: Living room,aqi_Surender: Living room
01-05-2024 00:15,60,152,135
01-05-2024 00:30,62,154,136
01-05-2024 00:45,60,153,135
01-05-2024 01:00,57,148,132
01-05-2024 01:15,54,139,126
01-05-2024 01:30,53,136,124
01-05-2024 01:45,55,139,126
01-05-2024 02:00,76,171,153
01-05-2024 02:15,88,183,193
01-05-2024 02:30,96,191,220
01-05-2024 02:45,97,192,223
01-05-2024 03:00,94,190,213
01-05-2024 03:15,93,188,210
01-05-2024 03:30,80,175,167
01-05-2024 03:45,67,162,141
01-05-2024 04:00,54,138,125
01-05-2024 04:15,39,104,103
01-05-2024 04:30,37,100,100
01-05-2024 04:45,35,99,99
01-05-2024 05:00,34,95,95
01-05-2024 05:15,31,88,88
01-05-2024 05:30,27,76,76
01-05-2024 05:45,28,79,79
01-05-2024 06:00,29,82,82
01-05-2024 06:15,30,84,84
01-05-2024 06:30,44,119,113
01-05-2024 06:45,39,104,103
01-05-2024 07:00,40,107,105
01-05-2024 07:15,47,124,116
01-05-2024 07:30,48,128,119
01-05-2024 07:45,46,124,116
01-05-2024 08:00,47,123,115
01-05-2024 08:15,47,127,118
01-05-2024 08:30,51,133,122
01-05-2024 08:45,52,134,123
01-05-2024 09:00,71,163,142
01-05-2024 09:15,98,192,227
01-05-2024 09:30,120,212,300
01-05-2024 09:45,96,189,220
01-05-2024 10:00,59,145,130
01-05-2024 10:15,34,93,93
01-05-2024 10:30,31,87,87
01-05-2024 10:45,30,84,84
01-05-2024 11:00,25,71,71
01-05-2024 11:15,21,59,59
01-05-2024 11:30,20,54,54
01-05-2024 11:45,20,56,56
01-05-2024 12:00,20,56,56
01-05-2024 12:15,20,56,56
01-05-2024 12:30,21,58,58
01-05-2024 12:45,18,49,49
01-05-2024 13:00,18,51,51
01-05-2024 13:15,19,52,52
01-05-2024 13:30,25,69,69
01-05-2024 13:45,24,67,67
01-05-2024 14:00,20,55,55
01-05-2024 14:15,22,61,61
01-05-2024 14:30,23,64,64
01-05-2024 14:45,23,64,64
01-05-2024 15:00,25,70,70
01-05-2024 15:15,24,65,65
01-05-2024 15:30,29,80,80
01-05-2024 15:45,27,74,74
01-05-2024 16:00,25,70,70
01-05-2024 16:15,23,64,64
01-05-2024 16:30,22,61,61
01-05-2024 16:45,21,59,59
01-05-2024 17:00,21,61,61
01-05-2024 17:15,22,61,61
01-05-2024 17:30,23,64,64
01-05-2024 17:45,21,57,57
01-05-2024 18:00,38,99,99
01-05-2024 18:15,44,115,110
01-05-2024 18:30,29,81,81
01-05-2024 18:45,26,72,72
01-05-2024 19:00,26,71,71
01-05-2024 19:15,26,72,72
01-05-2024 19:30,24,67,67
01-05-2024 19:45,30,83,83
01-05-2024 20:00,65,149,133
01-05-2024 20:15,49,120,113
01-05-2024 20:30,48,120,113
01-05-2024 20:45,68,161,141
01-05-2024 21:00,54,137,125
01-05-2024 21:15,41,107,105
01-05-2024 21:30,35,95,95
01-05-2024 21:45,34,93,93
01-05-2024 22:00,33,89,89
01-05-2024 22:15,32,88,88
01-05-2024 22:30,32,87,87
01-05-2024 22:45,31,85,85
01-05-2024 23:00,32,88,88
01-05-2024 23:15,32,87,87
01-05-2024 23:30,34,94,94
01-05-2024 23:45,35,95,95
02-05-2024 00:00,40,106,104
02-05-2024 00:15,42,111,107
02-05-2024 00:30,43,113,109
02-05-2024 00:45,47,122,115
02-05-2024 01:00,53,136,124
02-05-2024 01:15,56,146,131
02-05-2024 01:30,59,151,134
02-05-2024 01:45,59,151,134
02-05-2024 02:00,60,152,135
02-05-2024 02:15,60,152,135
02-05-2024 02:30,61,153,135
02-05-2024 02:45,61,153,135
02-05-2024 03:00,61,154,136
02-05-2024 03:15,61,153,135
02-05-2024 03:30,59,151,134
02-05-2024 03:45,59,151,134
02-05-2024 04:00,64,156,137
02-05-2024 04:15,72,167,145
02-05-2024 04:30,78,173,160
02-05-2024 04:45,72,167,145
02-05-2024 05:00,70,164,143
02-05-2024 05:15,69,163,142
02-05-2024 05:30,69,164,143
02-05-2024 05:45,73,167,145
02-05-2024 06:00,80,174,167
02-05-2024 06:15,90,184,200
02-05-2024 06:30,102,196,240
02-05-2024 06:45,107,200,257
02-05-2024 07:00,97,191,223
02-05-2024 07:15,87,182,190
02-05-2024 07:30,86,181,187
02-05-2024 07:45,84,179,180
02-05-2024 08:00,79,173,163
02-05-2024 08:15,72,166,144
02-05-2024 08:30,85,180,183
02-05-2024 08:45,116,208,287
02-05-2024 09:00,81,175,170
02-05-2024 09:15,65,158,139
02-05-2024 09:30,129,224,307
02-05-2024 09:45,203,318,364
02-05-2024 10:00,154,249,326
02-05-2024 10:15,133,224,310
02-05-2024 10:30,139,231,315
02-05-2024 10:45,91,183,203
02-05-2024 11:00,37,100,100
02-05-2024 11:15,33,88,88
02-05-2024 11:30,31,84,84
02-05-2024 11:45,28,79,79
02-05-2024 12:00,27,76,76
02-05-2024 12:15,27,75,75
02-05-2024 12:30,27,75,75
02-05-2024 12:45,31,84,84
02-05-2024 13:00,30,83,83
02-05-2024 13:15,33,89,89
02-05-2024 13:30,32,86,86
02-05-2024 13:45,31,84,84
02-05-2024 14:00,28,79,79
02-05-2024 14:15,30,82,82
02-05-2024 14:30,26,73,73
02-05-2024 14:45,26,70,70
02-05-2024 15:00,27,74,74
02-05-2024 15:15,26,70,70
02-05-2024 15:30,27,75,75
02-05-2024 15:45,27,73,73
02-05-2024 16:00,27,74,74
02-05-2024 16:15,26,71,71
02-05-2024 16:30,23,65,65
02-05-2024 16:45,23,65,65
02-05-2024 17:00,24,65,65
02-05-2024 17:15,25,69,69
02-05-2024 17:30,27,75,75
02-05-2024 17:45,37,99,99
02-05-2024 18:00,59,146,131
02-05-2024 18:15,44,115,110
02-05-2024 18:30,35,95,95
02-05-2024 18:45,35,94,94
02-05-2024 19:00,35,94,94
02-05-2024 19:15,37,98,98
02-05-2024 19:30,77,171,157
02-05-2024 19:45,62,154,136
02-05-2024 20:00,55,141,127
02-05-2024 20:15,57,148,132
02-05-2024 20:30,60,152,135
02-05-2024 20:45,60,152,135
02-05-2024 21:00,57,147,131
02-05-2024 21:15,58,150,133
02-05-2024 21:30,58,150,133
02-05-2024 21:45,58,150,133
02-05-2024 22:00,58,149,133
02-05-2024 22:15,59,151,134
02-05-2024 22:30,58,150,133
02-05-2024 22:45,61,153,135
02-05-2024 23:00,65,157,138
02-05-2024 23:15,66,159,139
02-05-2024 23:30,70,165,143
02-05-2024 23:45,71,165,143
03-05-2024 00:00,72,167,145
03-05-2024 00:15,73,167,145
03-05-2024 00:30,76,170,153
03-05-2024 00:45,82,176,173
03-05-2024 01:00,86,180,187
03-05-2024 01:15,87,182,190
03-05-2024 01:30,95,189,217
03-05-2024 01:45,105,198,250
03-05-2024 02:00,116,207,287
03-05-2024 02:15,136,227,312
03-05-2024 02:30,144,235,318
03-05-2024 02:45,163,259,333
03-05-2024 03:00,178,280,345
03-05-2024 03:15,194,304,357
03-05-2024 03:30,204,321,365
03-05-2024 03:45,207,324,367
03-05-2024 04:00,201,316,362
03-05-2024 04:15,194,303,357
03-05-2024 04:30,192,300,355
03-05-2024 04:45,193,303,356
03-05-2024 05:00,193,303,356
03-05-2024 05:15,186,292,351
03-05-2024 05:30,162,257,332
03-05-2024 05:45,157,250,328
03-05-2024 06:00,156,248,328
03-05-2024 06:15,151,243,324
03-05-2024 06:30,152,244,325
03-05-2024 06:45,172,272,340
03-05-2024 07:00,152,243,325
03-05-2024 07:15,162,256,332
03-05-2024 07:30,172,272,340
03-05-2024 07:45,171,271,339
03-05-2024 08:00,159,254,330
03-05-2024 08:15,140,231,315
03-05-2024 08:30,113,205,277
03-05-2024 08:45,101,195,237
03-05-2024 09:00,111,205,270
03-05-2024 09:15,153,250,325
03-05-2024 09:30,182,288,348
03-05-2024 09:45,101,194,237
03-05-2024 10:00,74,168,147
03-05-2024 10:15,64,156,137
03-05-2024 10:30,62,154,136
03-05-2024 10:45,56,144,129
03-05-2024 11:00,58,150,133
03-05-2024 11:15,53,135,123
03-05-2024 11:30,49,125,117
03-05-2024 11:45,46,119,113
03-05-2024 12:00,44,114,109
03-05-2024 12:15,44,115,110
03-05-2024 12:30,59,149,133
03-05-2024 12:45,43,112,108
03-05-2024 13:00,45,117,111
03-05-2024 13:15,33,90,90
03-05-2024 13:30,32,86,86
03-05-2024 13:45,31,86,86
03-05-2024 14:00,43,124,116
03-05-2024 14:15,46,134,123
03-05-2024 14:30,45,131,121
03-05-2024 14:45,46,135,123
03-05-2024 15:00,47,135,123
03-05-2024 15:15,48,139,126
03-05-2024 15:30,54,160,140
03-05-2024 15:45,45,129,119
03-05-2024 16:00,44,127,118
03-05-2024 16:15,47,135,123
03-05-2024 16:30,48,141,127
03-05-2024 16:45,53,154,136
03-05-2024 17:00,53,157,138
03-05-2024 17:15,53,154,136
03-05-2024 17:30,61,182,155
03-05-2024 17:45,111,305,270
03-05-2024 18:00,97,278,228
03-05-2024 18:15,70,211,174
03-05-2024 18:30,64,191,161
03-05-2024 18:45,62,186,157
03-05-2024 19:00,63,189,159
03-05-2024 19:15,71,215,177
03-05-2024 19:30,80,247,198
03-05-2024 19:45,85,261,211
03-05-2024 20:00,89,270,220
03-05-2024 20:15,91,275,225
03-05-2024 20:30,88,268,218
03-05-2024 20:45,89,270,220
03-05-2024 21:00,89,270,220
03-05-2024 21:15,88,268,218
03-05-2024 21:30,89,271,221
03-05-2024 21:45,92,275,225
03-05-2024 22:00,99,286,236
03-05-2024 22:15,112,309,273
03-05-2024 22:30,112,310,273
03-05-2024 22:45,112,309,273
03-05-2024 23:00,119,320,297
03-05-2024 23:15,117,319,290
03-05-2024 23:30,114,313,280
03-05-2024 23:45,105,297,250
04-05-2024 00:00,94,279,229
04-05-2024 00:15,90,273,223
04-05-2024 00:30,88,268,218
04-05-2024 00:45,89,270,220
04-05-2024 01:00,88,269,219
04-05-2024 01:15,85,261,211
04-05-2024 01:30,82,256,206
04-05-2024 01:45,81,253,203
04-05-2024 02:00,84,260,210
04-05-2024 02:15,87,266,216
04-05-2024 02:30,96,282,232
04-05-2024 02:45,98,285,235
04-05-2024 03:00,96,281,231
04-05-2024 03:15,92,277,227
04-05-2024 03:30,99,287,237
04-05-2024 03:45,96,282,232
04-05-2024 04:00,89,271,221
04-05-2024 04:15,88,267,217
04-05-2024 04:30,93,277,227
04-05-2024 04:45,104,295,247
04-05-2024 05:00,123,327,302
04-05-2024 05:15,136,345,312
04-05-2024 05:30,142,352,317
04-05-2024 05:45,152,368,325
04-05-2024 06:00,166,383,341
04-05-2024 06:15,189,400,362
04-05-2024 06:30,203,414,380
04-05-2024 06:45,185,398,360
04-05-2024 07:00,170,386,345
04-05-2024 07:15,195,406,370
04-05-2024 07:30,210,421,389
04-05-2024 07:45,208,419,386
04-05-2024 08:00,211,421,389
04-05-2024 08:15,206,416,382
04-05-2024 08:30,204,415,381
04-05-2024 08:45,190,401,364
04-05-2024 09:00,166,384,342
04-05-2024 09:15,185,398,360
04-05-2024 09:30,224,435,406
04-05-2024 09:45,192,402,365
04-05-2024 10:00,189,400,362
04-05-2024 10:15,172,388,348
04-05-2024 10:30,163,381,339
04-05-2024 10:45,151,365,324
04-05-2024 11:00,128,333,306
04-05-2024 11:15,106,299,253
04-05-2024 11:30,95,281,231
04-05-2024 11:45,89,271,221
04-05-2024 12:00,88,268,218
04-05-2024 12:15,88,268,218
04-05-2024 12:30,87,266,216
04-05-2024 12:45,149,362,322
04-05-2024 13:00,95,281,231
04-05-2024 13:15,73,222,181
04-05-2024 13:30,54,158,139
04-05-2024 13:45,47,138,125
04-05-2024 14:00,48,141,127
04-05-2024 14:15,48,141,127
04-05-2024 14:30,51,151,134
04-05-2024 14:45,54,158,139
04-05-2024 15:00,81,250,200
04-05-2024 15:15,78,237,191
04-05-2024 15:30,55,161,141
04-05-2024 15:45,50,146,131
04-05-2024 16:00,50,145,130
04-05-2024 16:15,45,131,121
04-05-2024 16:30,39,111,107
04-05-2024 16:45,40,115,110
04-05-2024 17:00,41,118,112
04-05-2024 17:15,40,113,109
04-05-2024 17:30,53,156,137
04-05-2024 17:45,86,264,214
04-05-2024 18:00,139,348,315
04-05-2024 18:15,103,294,244
04-05-2024 18:30,88,269,219
04-05-2024 18:45,87,266,216
04-05-2024 19:00,87,266,216
04-05-2024 19:15,89,271,221
04-05-2024 19:30,91,273,223
04-05-2024 19:45,121,322,301
04-05-2024 20:00,134,343,311
04-05-2024 20:15,119,321,297
04-05-2024 20:30,118,319,293
04-05-2024 20:45,133,341,310
04-05-2024 21:00,147,361,321
04-05-2024 21:15,139,348,315
04-05-2024 21:30,137,345,313
04-05-2024 21:45,127,332,305
04-05-2024 22:00,110,304,267
04-05-2024 22:15,105,297,250
04-05-2024 22:30,99,287,237
04-05-2024 22:45,99,287,237
04-05-2024 23:00,95,280,230
04-05-2024 23:15,92,275,225
04-05-2024 23:30,90,272,222
04-05-2024 23:45,97,283,233
05-05-2024 00:00,99,287,237
05-05-2024 00:15,95,280,230
05-05-2024 00:30,98,285,235
05-05-2024 00:45,93,277,227
05-05-2024 01:00,89,270,220
05-05-2024 01:15,93,277,227
05-05-2024 01:30,89,270,220
05-05-2024 01:45,89,269,219
05-05-2024 02:00,88,266,216
05-05-2024 02:15,87,266,216
05-05-2024 02:30,98,286,236
05-05-2024 02:45,89,270,220
05-05-2024 03:00,83,257,207
05-05-2024 03:15,78,248,199
05-05-2024 03:30,76,241,194
05-05-2024 03:45,73,224,183
05-05-2024 04:00,71,215,177
05-05-2024 04:15,64,192,161
05-05-2024 04:30,59,176,151
05-05-2024 04:45,63,188,159
05-05-2024 05:00,71,218,179
05-05-2024 05:15,86,264,214
05-05-2024 05:30,96,282,232
05-05-2024 05:45,101,290,240
05-05-2024 06:00,122,325,302
05-05-2024 06:15,147,360,321
05-05-2024 06:30,152,367,325
05-05-2024 06:45,147,361,321
05-05-2024 07:00,138,347,314
05-05-2024 07:15,125,329,304
05-05-2024 07:30,108,303,260
05-05-2024 07:45,90,272,222
05-05-2024 08:00,83,256,206
05-05-2024 08:15,87,264,214
05-05-2024 08:30,88,269,219
05-05-2024 08:45,87,264,214
05-05-2024 09:00,120,304,300
05-05-2024 09:15,204,416,382
05-05-2024 09:30,223,433,404
05-05-2024 09:45,149,352,322
05-05-2024 10:00,134,338,311
05-05-2024 10:15,91,273,223
05-05-2024 10:30,88,267,217
05-05-2024 10:45,97,284,234
05-05-2024 11:00,112,309,273
05-05-2024 11:15,110,306,267
05-05-2024 11:30,109,304,263
05-05-2024 11:45,96,282,232
05-05-2024 12:00,81,253,203
05-05-2024 12:15,78,245,197
05-05-2024 12:30,54,159,139
05-05-2024 12:45,51,149,133
05-05-2024 13:00,62,186,157
05-05-2024 13:15,65,196,164
05-05-2024 13:30,56,167,145
05-05-2024 13:45,61,181,154
05-05-2024 14:00,61,183,155
05-05-2024 14:15,60,180,153
05-05-2024 14:30,58,171,147
05-05-2024 14:45,51,150,133
05-05-2024 15:00,47,136,124
05-05-2024 15:15,45,129,119
05-05-2024 15:30,46,134,123
05-05-2024 15:45,48,141,127
05-05-2024 16:00,48,141,127
05-05-2024 16:15,51,151,134
05-05-2024 16:30,53,155,137
05-05-2024 16:45,50,147,131
05-05-2024 17:00,48,142,128
05-05-2024 17:15,52,155,137
05-05-2024 17:30,84,254,204
05-05-2024 17:45,103,294,244
05-05-2024 18:00,84,259,209
05-05-2024 18:15,70,214,176
05-05-2024 18:30,53,155,137
05-05-2024 18:45,44,127,118
05-05-2024 19:00,55,163,142
05-05-2024 19:15,63,189,159
05-05-2024 19:30,61,182,155
05-05-2024 19:45,66,198,165
05-05-2024 20:00,71,214,176
05-05-2024 20:15,76,238,192
05-05-2024 20:30,77,243,195
05-05-2024 20:45,75,234,189
05-05-2024 21:00,78,245,197
05-05-2024 21:15,82,256,206
05-05-2024 21:30,86,262,212
05-05-2024 21:45,86,261,211
05-05-2024 22:00,87,265,215
05-05-2024 22:15,87,266,216
05-05-2024 22:30,88,267,217
05-05-2024 22:45,94,279,229
05-05-2024 23:00,92,276,226
05-05-2024 23:15,90,272,222
05-05-2024 23:30,92,276,226
05-05-2024 23:45,93,277,227
06-05-2024 00:00,94,279,229
06-05-2024 00:15,100,288,238
06-05-2024 00:30,110,305,267
06-05-2024 00:45,110,306,267
06-05-2024 01:00,100,288,238
06-05-2024 01:15,93,277,227
06-05-2024 01:30,88,266,216
06-05-2024 01:45,83,257,207
06-05-2024 02:00,77,244,196
06-05-2024 02:15,73,223,182
06-05-2024 02:30,70,210,173
06-05-2024 02:45,70,213,175
06-05-2024 03:00,77,243,195
06-05-2024 03:15,78,249,199
06-05-2024 03:30,78,248,199
06-05-2024 03:45,78,248,199
06-05-2024 04:00,77,243,195
06-05-2024 04:15,77,245,197
06-05-2024 04:30,79,250,200
06-05-2024 04:45,82,255,205
06-05-2024 05:00,82,256,206
06-05-2024 05:15,86,264,214
06-05-2024 05:30,86,263,213
06-05-2024 05:45,83,257,207
06-05-2024 06:00,82,256,206
06-05-2024 06:15,92,274,224
06-05-2024 06:30,141,350,316
06-05-2024 06:45,136,343,312
06-05-2024 07:00,118,320,293
06-05-2024 07:15,129,334,307
06-05-2024 07:30,148,362,322
06-05-2024 07:45,161,380,338
06-05-2024 08:00,144,354,318
06-05-2024 08:15,126,331,305
06-05-2024 08:30,116,315,287
06-05-2024 08:45,110,306,267
06-05-2024 09:00,104,295,247
06-05-2024 09:15,99,286,236
06-05-2024 09:30,90,271,221
06-05-2024 09:45,74,228,185
06-05-2024 10:00,60,179,153
06-05-2024 10:15,65,196,164
06-05-2024 10:30,115,313,283
06-05-2024 10:45,68,207,171
06-05-2024 11:00,52,153,135
06-05-2024 11:15,52,153,135
06-05-2024 11:30,44,129,119
06-05-2024 11:45,39,109,106
06-05-2024 12:00,37,102,101
06-05-2024 12:15,62,184,156
06-05-2024 12:30,73,223,182
06-05-2024 12:45,53,156,137
06-05-2024 13:00,46,134,123
06-05-2024 13:15,44,127,118
06-05-2024 13:30,46,132,121
06-05-2024 13:45,45,128,119
06-05-2024 14:00,46,131,121
06-05-2024 14:15,43,122,115
06-05-2024 14:30,41,116,111
06-05-2024 14:45,40,112,108
06-05-2024 15:00,40,112,108
06-05-2024 15:15,40,113,109
06-05-2024 15:30,37,104,103
06-05-2024 15:45,39,112,108
06-05-2024 16:00,41,119,113
06-05-2024 16:15,42,121,114
06-05-2024 16:30,42,122,115
06-05-2024 16:45,41,117,111
06-05-2024 17:00,39,111,107
06-05-2024 17:15,37,101,101
06-05-2024 17:30,84,253,203
06-05-2024 17:45,50,148,132
06-05-2024 18:00,40,113,109
06-05-2024 18:15,39,111,107
06-05-2024 18:30,40,112,108
06-05-2024 18:45,40,114,109
06-05-2024 19:00,46,133,122
06-05-2024 19:15,59,174,149
06-05-2024 19:30,76,238,192
06-05-2024 19:45,80,252,202
06-05-2024 20:00,85,262,212
06-05-2024 20:15,91,275,225
06-05-2024 20:30,87,266,216
06-05-2024 20:45,82,256,206
06-05-2024 21:00,85,262,212
06-05-2024 21:15,85,263,213
06-05-2024 21:30,81,255,205
06-05-2024 21:45,88,267,217
06-05-2024 22:00,88,267,217
06-05-2024 22:15,90,272,222
06-05-2024 22:30,97,283,233
06-05-2024 22:45,92,276,226
06-05-2024 23:00,94,280,230
06-05-2024 23:15,103,293,243
06-05-2024 23:30,103,293,243
06-05-2024 23:45,110,305,267
07-05-2024 00:00,110,306,267
07-05-2024 00:15,115,313,283
07-05-2024 00:30,124,327,303
07-05-2024 00:45,130,335,308
07-05-2024 01:00,134,342,311
07-05-2024 01:15,141,352,316
07-05-2024 01:30,147,361,321
07-05-2024 01:45,142,353,317
07-05-2024 02:00,135,344,312
07-05-2024 02:15,156,373,329
07-05-2024 02:30,157,373,329
07-05-2024 02:45,157,375,331
07-05-2024 03:00,148,362,322
07-05-2024 03:15,147,361,321
07-05-2024 03:30,149,363,322
07-05-2024 03:45,152,367,325
07-05-2024 04:00,150,364,323
07-05-2024 04:15,144,356,318
07-05-2024 04:30,143,354,318
07-05-2024 04:45,162,378,335
07-05-2024 05:00,175,390,350
07-05-2024 05:15,175,389,349
07-05-2024 05:30,167,384,342
07-05-2024 05:45,164,382,340
07-05-2024 06:00,161,379,336
07-05-2024 06:15,156,372,328
07-05-2024 06:30,154,369,326
07-05-2024 06:45,189,402,365
07-05-2024 07:00,186,399,361
07-05-2024 07:15,168,385,344
07-05-2024 07:30,179,393,354
07-05-2024 07:45,217,427,396
07-05-2024 08:00,229,438,410
07-05-2024 08:15,255,466,445
07-05-2024 08:30,262,472,452
07-05-2024 08:45,267,477,459
07-05-2024 09:00,262,472,452
07-05-2024 09:15,252,462,440
07-05-2024 09:30,251,460,438
07-05-2024 09:45,269,478,460
07-05-2024 10:00,323,516,508
07-05-2024 10:15,305,504,492
07-05-2024 10:30,224,435,406
07-05-2024 10:45,134,342,311
07-05-2024 11:00,106,298,253
07-05-2024 11:15,85,262,212
07-05-2024 11:30,75,235,190
07-05-2024 11:45,77,243,195
07-05-2024 12:00,83,258,208
07-05-2024 12:15,80,252,202
07-05-2024 12:30,73,225,183
07-05-2024 12:45,78,247,198
07-05-2024 13:00,74,228,185
07-05-2024 13:15,72,219,179
07-05-2024 13:30,68,205,170
07-05-2024 13:45,68,206,171
07-05-2024 14:00,76,237,191
07-05-2024 14:15,73,222,181
07-05-2024 14:30,68,206,171
07-05-2024 14:45,64,194,163
07-05-2024 15:00,67,202,168
07-05-2024 15:15,71,215,177
07-05-2024 15:30,71,217,178
07-05-2024 15:45,74,228,185
07-05-2024 16:00,74,230,187
07-05-2024 16:15,75,234,189
07-05-2024 16:30,91,272,222
07-05-2024 16:45,80,251,201
07-05-2024 17:00,76,238,192
07-05-2024 17:15,75,232,188
07-05-2024 17:30,74,229,186
07-05-2024 17:45,74,229,186
07-05-2024 18:00,73,223,182
07-05-2024 18:15,73,222,181
07-05-2024 18:30,75,235,190
07-05-2024 18:45,77,243,195
07-05-2024 19:00,81,254,204
07-05-2024 19:15,82,256,206
07-05-2024 19:30,87,265,215
07-05-2024 19:45,92,276,226
07-05-2024 20:00,94,279,229
07-05-2024 20:15,92,276,226
07-05-2024 20:30,90,274,224
07-05-2024 20:45,91,275,225
07-05-2024 21:00,91,274,224
07-05-2024 21:15,89,271,221
07-05-2024 21:30,90,272,222
07-05-2024 21:45,89,270,220
07-05-2024 22:00,93,277,227
07-05-2024 22:15,93,277,227
07-05-2024 22:30,96,282,232
07-05-2024 22:45,97,283,233
07-05-2024 23:00,95,281,231
07-05-2024 23:15,93,278,228
07-05-2024 23:30,92,276,226
07-05-2024 23:45,96,282,232
08-05-2024 00:00,97,284,234
08-05-2024 00:15,100,289,239
08-05-2024 00:30,94,279,229
08-05-2024 00:45,89,271,221
08-05-2024 01:00,87,263,213
08-05-2024 01:15,84,260,210
08-05-2024 01:30,83,258,208
08-05-2024 01:45,87,264,214
08-05-2024 02:00,92,276,226
08-05-2024 02:15,95,280,230
08-05-2024 02:30,91,274,224
08-05-2024 02:45,88,268,218
08-05-2024 03:00,87,265,215
08-05-2024 03:15,87,265,215
08-05-2024 03:30,87,264,214
08-05-2024 03:45,87,264,214
08-05-2024 04:00,86,263,213
08-05-2024 04:15,85,261,211
08-05-2024 04:30,83,258,208
08-05-2024 04:45,81,255,205
08-05-2024 05:00,81,253,203
08-05-2024 05:15,79,250,200
08-05-2024 05:30,78,249,199
08-05-2024 05:45,76,242,195
08-05-2024 06:00,76,238,192
08-05-2024 06:15,76,239,193
08-05-2024 06:30,77,244,196
08-05-2024 06:45,79,249,199
08-05-2024 07:00,80,252,202
08-05-2024 07:15,79,249,199
08-05-2024 07:30,78,246,197
08-05-2024 07:45,78,247,198
08-05-2024 08:00,75,233,189
08-05-2024 08:15,73,223,182
08-05-2024 08:30,74,228,185
08-05-2024 08:45,77,239,193
08-05-2024 09:00,82,256,206
08-05-2024 09:15,331,513,504
08-05-2024 09:30,238,442,415
08-05-2024 09:45,92,275,225
08-05-2024 10:00,90,273,223
08-05-2024 10:15,85,262,212
08-05-2024 10:30,82,255,205
08-05-2024 10:45,82,257,207
08-05-2024 11:00,81,254,204
08-05-2024 11:15,80,251,201
08-05-2024 11:30,77,247,198
08-05-2024 11:45,77,243,195
08-05-2024 12:00,78,245,197
08-05-2024 12:15,79,251,201
08-05-2024 12:30,82,256,206
08-05-2024 12:45,80,252,202
08-05-2024 13:00,80,252,202
08-05-2024 13:15,79,251,201
08-05-2024 13:30,76,239,193
08-05-2024 13:45,74,230,187
08-05-2024 14:00,74,231,187
08-05-2024 14:15,73,224,183
08-05-2024 14:30,75,233,189
08-05-2024 14:45,72,219,179
08-05-2024 15:00,71,214,176
08-05-2024 15:15,71,214,176
08-05-2024 15:30,70,213,175
08-05-2024 15:45,70,213,175
08-05-2024 16:00,69,208,172
08-05-2024 16:15,65,194,163
08-05-2024 16:30,61,182,155
08-05-2024 16:45,67,200,167
08-05-2024 17:00,67,201,167
08-05-2024 17:15,67,202,168
08-05-2024 17:30,68,204,169
08-05-2024 17:45,72,224,183
08-05-2024 18:00,82,255,205
08-05-2024 18:15,72,219,179
08-05-2024 18:30,68,205,170
08-05-2024 18:45,68,207,171
08-05-2024 19:00,70,213,175
08-05-2024 19:15,72,222,181
08-05-2024 19:30,73,225,183
08-05-2024 19:45,81,253,203
08-05-2024 20:00,80,253,203
08-05-2024 20:15,80,252,202
08-05-2024 20:30,82,256,206
08-05-2024 20:45,84,260,210
08-05-2024 21:00,85,261,211
08-05-2024 21:15,87,265,215
08-05-2024 21:30,83,259,209
08-05-2024 21:45,79,249,199
08-05-2024 22:00,75,233,189
08-05-2024 22:15,77,244,196
08-05-2024 22:30,80,251,201
08-05-2024 22:45,81,253,203
08-05-2024 23:00,79,250,200
08-05-2024 23:15,75,233,189
08-05-2024 23:30,73,223,182
08-05-2024 23:45,75,234,189
09-05-2024 00:00,73,226,184
09-05-2024 00:15,71,217,178
09-05-2024 00:30,72,219,179
09-05-2024 00:45,75,234,189
09-05-2024 01:00,76,237,191
09-05-2024 01:15,74,228,185
09-05-2024 01:30,73,225,183
09-05-2024 01:45,70,213,175
09-05-2024 02:00,66,199,166
09-05-2024 02:15,61,182,155
09-05-2024 02:30,57,169,146
09-05-2024 02:45,55,164,143
09-05-2024 03:00,55,162,141
09-05-2024 03:15,55,162,141
09-05-2024 03:30,54,158,139
09-05-2024 03:45,52,153,135
09-05-2024 04:00,51,149,133
09-05-2024 04:15,49,144,129
09-05-2024 04:30,49,145,130
09-05-2024 04:45,48,142,128
09-05-2024 05:00,51,149,133
09-05-2024 05:15,52,151,134
09-05-2024 05:30,52,152,135
09-05-2024 05:45,53,156,137
09-05-2024 06:00,59,175,150
09-05-2024 06:15,57,170,147
09-05-2024 06:30,54,161,141
09-05-2024 06:45,53,155,137
09-05-2024 07:00,53,157,138
09-05-2024 07:15,53,157,138
09-05-2024 07:30,53,158,139
09-05-2024 07:45,53,155,137
09-05-2024 08:00,54,161,141
09-05-2024 08:15,61,184,156
09-05-2024 08:30,73,222,181
09-05-2024 08:45,101,289,239
09-05-2024 09:00,75,228,185
09-05-2024 09:15,65,195,163
09-05-2024 09:30,67,203,169
09-05-2024 09:45,66,199,166
09-05-2024 10:00,62,183,155
09-05-2024 10:15,62,185,157
09-05-2024 10:30,65,196,164
09-05-2024 10:45,66,200,167
09-05-2024 11:00,67,200,167
09-05-2024 11:15,66,198,165
09-05-2024 11:30,70,213,175
09-05-2024 11:45,68,205,170
09-05-2024 12:00,67,202,168
09-05-2024 12:15,65,194,163
09-05-2024 12:30,63,190,160
09-05-2024 12:45,65,197,165
09-05-2024 13:00,65,195,163
09-05-2024 13:15,63,189,159
09-05-2024 13:30,62,185,157
09-05-2024 13:45,71,219,179
09-05-2024 14:00,70,214,176
09-05-2024 14:15,68,205,170
09-05-2024 14:30,68,204,169
09-05-2024 14:45,67,203,169
09-05-2024 15:00,74,225,183
09-05-2024 15:15,78,242,195
09-05-2024 15:30,65,196,164
09-05-2024 15:45,63,191,161
09-05-2024 16:00,65,196,164
09-05-2024 16:15,65,195,163
09-05-2024 16:30,64,193,162
09-05-2024 16:45,64,192,161
09-05-2024 17:00,64,193,162
09-05-2024 17:15,68,205,170
09-05-2024 17:30,89,271,221
09-05-2024 17:45,77,239,193
09-05-2024 18:00,64,194,163
09-05-2024 18:15,62,187,158
09-05-2024 18:30,64,192,161
09-05-2024 18:45,63,191,161
09-05-2024 19:00,64,193,162
09-05-2024 19:15,70,212,175
09-05-2024 19:30,75,234,189
09-05-2024 19:45,86,264,214
09-05-2024 20:00,82,256,206
09-05-2024 20:15,81,253,203
09-05-2024 20:30,94,278,228
09-05-2024 20:45,80,252,202
09-05-2024 21:00,74,228,185
09-05-2024 21:15,74,229,186
09-05-2024 21:30,79,248,199
09-05-2024 21:45,82,256,206
09-05-2024 22:00,82,255,205
09-05-2024 22:15,78,248,199
09-05-2024 22:30,78,247,198
09-05-2024 22:45,78,247,198
09-05-2024 23:00,93,275,225
09-05-2024 23:15,81,254,204
09-05-2024 23:30,80,252,202
09-05-2024 23:45,81,254,204
10-05-2024 00:00,83,259,209
10-05-2024 00:15,88,267,217
10-05-2024 00:30,87,266,216
10-05-2024 00:45,87,264,214
10-05-2024 01:00,87,264,214
10-05-2024 01:15,87,264,214
10-05-2024 01:30,87,265,215
10-05-2024 01:45,87,264,214
10-05-2024 02:00,86,263,213
10-05-2024 02:15,81,253,203
10-05-2024 02:30,76,236,191
10-05-2024 02:45,74,227,185
10-05-2024 03:00,75,233,189
10-05-2024 03:15,76,236,191
10-05-2024 03:30,78,247,198
10-05-2024 03:45,79,251,201
10-05-2024 04:00,79,250,200
10-05-2024 04:15,81,253,203
10-05-2024 04:30,82,255,205
10-05-2024 04:45,83,257,207
10-05-2024 05:00,84,258,208
10-05-2024 05:15,86,262,212
10-05-2024 05:30,87,264,214
10-05-2024 05:45,89,270,220
10-05-2024 06:00,90,274,224
10-05-2024 06:15,89,270,220
10-05-2024 06:30,87,263,213
10-05-2024 06:45,86,263,213
10-05-2024 07:00,86,262,212
10-05-2024 07:15,87,263,213
10-05-2024 07:30,86,263,213
10-05-2024 07:45,87,264,214
10-05-2024 08:00,86,262,212
10-05-2024 08:15,86,263,213
10-05-2024 08:30,89,269,219
10-05-2024 08:45,84,259,209
10-05-2024 09:00,89,268,218
10-05-2024 09:15,107,299,257
10-05-2024 09:30,92,276,226
10-05-2024 09:45,87,266,216
10-05-2024 10:00,83,257,207
10-05-2024 10:15,78,249,199
10-05-2024 10:30,80,251,201
10-05-2024 10:45,81,254,204
10-05-2024 11:00,81,254,204
10-05-2024 11:15,84,259,209
10-05-2024 11:30,84,258,208
10-05-2024 11:45,82,256,206
10-05-2024 12:00,82,256,206
10-05-2024 12:15,88,268,218
10-05-2024 12:30,87,264,214
10-05-2024 12:45,85,260,210
10-05-2024 13:00,78,248,199
10-05-2024 13:15,77,243,195
10-05-2024 13:30,78,247,198
10-05-2024 13:45,80,252,202
10-05-2024 14:00,82,255,205
10-05-2024 14:15,82,255,205
10-05-2024 14:30,82,255,205
10-05-2024 14:45,82,256,206
10-05-2024 15:00,81,254,204
10-05-2024 15:15,81,255,205
10-05-2024 15:30,82,255,205
10-05-2024 15:45,81,255,205
10-05-2024 16:00,81,254,204
10-05-2024 16:15,81,254,204
10-05-2024 16:30,79,251,201
10-05-2024 16:45,80,253,203
10-05-2024 17:00,82,256,206
10-05-2024 17:15,81,255,205
10-05-2024 17:30,81,254,204
10-05-2024 17:45,102,293,243
10-05-2024 18:00,88,268,218
10-05-2024 18:15,82,256,206
10-05-2024 18:30,81,254,204
10-05-2024 18:45,81,253,203
10-05-2024 19:00,83,257,207
10-05-2024 19:15,83,258,208
10-05-2024 19:30,82,255,205
10-05-2024 19:45,82,256,206
10-05-2024 20:00,84,260,210
10-05-2024 20:15,83,258,208
10-05-2024 20:30,86,264,214
10-05-2024 20:45,87,266,216
10-05-2024 21:00,77,238,192
10-05-2024 21:15,66,200,167
10-05-2024 21:30,65,196,164
10-05-2024 21:45,74,232,188
10-05-2024 22:00,87,266,216
10-05-2024 22:15,96,297,247
10-05-2024 22:30,96,326,276
10-05-2024 22:45,68,241,194
10-05-2024 23:00,42,128,119
10-05-2024 23:15,31,79,79
10-05-2024 23:30,29,72,72
10-05-2024 23:45,30,75,75
11-05-2024 00:00,31,79,79
11-05-2024 00:15,27,63,63
11-05-2024 00:30,27,62,62
11-05-2024 00:45,25,55,55
11-05-2024 01:00,22,48,48
11-05-2024 01:15,21,45,45
11-05-2024 01:30,21,47,47
11-05-2024 01:45,21,47,47
11-05-2024 02:00,20,45,45
11-05-2024 02:15,19,42,42
11-05-2024 02:30,19,42,42
11-05-2024 02:45,18,41,41
11-05-2024 03:00,22,50,50
11-05-2024 03:15,25,56,56
11-05-2024 03:30,29,73,73
11-05-2024 03:45,36,99,99
11-05-2024 04:00,39,112,108
11-05-2024 04:15,46,133,122
11-05-2024 04:30,47,135,123
11-05-2024 04:45,46,131,121
11-05-2024 05:00,45,130,120
11-05-2024 05:15,44,126,117
11-05-2024 05:30,46,134,123
11-05-2024 05:45,47,139,126
11-05-2024 06:00,49,144,129
11-05-2024 06:15,50,146,131
11-05-2024 06:30,50,147,131
11-05-2024 06:45,52,153,135
11-05-2024 07:00,51,149,133
11-05-2024 07:15,54,159,139
11-05-2024 07:30,62,184,156
11-05-2024 07:45,66,199,166
11-05-2024 08:00,64,194,163
11-05-2024 08:15,66,200,167
11-05-2024 08:30,75,242,195
11-05-2024 08:45,72,226,184
11-05-2024 09:00,71,221,181
11-05-2024 09:15,77,238,192
11-05-2024 09:30,99,287,237
11-05-2024 09:45,85,259,209
11-05-2024 10:00,67,203,169
11-05-2024 10:15,61,183,155
11-05-2024 10:30,61,181,154
11-05-2024 10:45,82,254,204
11-05-2024 11:00,77,243,195
11-05-2024 11:15,61,184,156
11-05-2024 11:30,65,198,165
11-05-2024 11:45,56,165,143
11-05-2024 12:00,53,155,137
11-05-2024 12:15,51,148,132
11-05-2024 12:30,53,155,137
11-05-2024 12:45,58,170,147
11-05-2024 13:00,57,172,148
11-05-2024 13:15,59,176,151
11-05-2024 13:30,63,187,158
11-05-2024 13:45,57,169,146
11-05-2024 14:00,51,150,133
11-05-2024 14:15,47,135,123
11-05-2024 14:30,58,172,148
11-05-2024 14:45,47,135,123
11-05-2024 15:00,47,138,125
11-05-2024 15:15,46,134,123
11-05-2024 15:30,47,138,125
11-05-2024 15:45,50,148,132
11-05-2024 16:00,53,154,136
11-05-2024 16:15,54,160,140
11-05-2024 16:30,56,166,144
11-05-2024 16:45,102,292,242
11-05-2024 17:00,111,307,270
11-05-2024 17:15,73,223,182
11-05-2024 17:30,55,163,142
11-05-2024 17:45,51,149,133
11-05-2024 18:00,52,152,135
11-05-2024 18:15,49,144,129
11-05-2024 18:30,47,135,123
11-05-2024 18:45,55,163,142
11-05-2024 19:00,48,142,128
11-05-2024 19:15,48,141,127
11-05-2024 19:30,54,160,140
11-05-2024 19:45,67,203,169
11-05-2024 20:00,77,243,195
11-05-2024 20:15,85,260,210
11-05-2024 20:30,76,237,191
11-05-2024 20:45,76,234,189
11-05-2024 21:00,74,230,187
11-05-2024 21:15,67,202,168
11-05-2024 21:30,68,206,171
11-05-2024 21:45,74,226,184
11-05-2024 22:00,93,276,226
11-05-2024 22:15,76,235,190
11-05-2024 22:30,64,192,161
11-05-2024 22:45,60,179,153
11-05-2024 23:00,57,169,146
11-05-2024 23:15,56,168,145
11-05-2024 23:30,62,186,157
11-05-2024 23:45,67,203,169
12-05-2024 00:00,61,183,155
12-05-2024 00:15,72,220,180
12-05-2024 00:30,74,228,185
12-05-2024 00:45,85,261,211
12-05-2024 01:00,80,251,201
12-05-2024 01:15,81,254,204
12-05-2024 01:30,78,248,199
12-05-2024 01:45,76,238,192
12-05-2024 02:00,76,241,194
12-05-2024 02:15,80,252,202
12-05-2024 02:30,82,255,205
12-05-2024 02:45,82,256,206
12-05-2024 03:00,86,262,212
12-05-2024 03:15,85,261,211
12-05-2024 03:30,84,258,208
12-05-2024 03:45,83,258,208
12-05-2024 04:00,87,264,214
12-05-2024 04:15,87,265,215
12-05-2024 04:30,83,258,208
12-05-2024 04:45,81,253,203
12-05-2024 05:00,82,256,206
12-05-2024 05:15,86,263,213
12-05-2024 05:30,86,263,213
12-05-2024 05:45,81,253,203
12-05-2024 06:00,77,243,195
12-05-2024 06:15,74,231,187
12-05-2024 06:30,73,224,183
12-05-2024 06:45,74,230,187
12-05-2024 07:00,74,229,186
12-05-2024 07:15,69,209,173
12-05-2024 07:30,64,191,161
12-05-2024 07:45,56,166,144
12-05-2024 08:00,60,178,152
12-05-2024 08:15,68,202,168
12-05-2024 08:30,94,277,227
12-05-2024 08:45,70,216,177
12-05-2024 09:00,70,203,169
12-05-2024 09:15,155,356,327
12-05-2024 09:30,89,269,219
12-05-2024 09:45,88,269,219
12-05-2024 10:00,72,221,181
12-05-2024 10:15,64,193,162
12-05-2024 10:30,69,209,173
12-05-2024 10:45,70,212,175
12-05-2024 11:00,68,205,170
12-05-2024 11:15,70,213,175
12-05-2024 11:30,70,212,175
12-05-2024 11:45,72,219,179
12-05-2024 12:00,69,210,173
12-05-2024 12:15,71,217,178
12-05-2024 12:30,69,208,172
12-05-2024 12:45,70,212,175
12-05-2024 13:00,69,207,171
12-05-2024 13:15,67,202,168
12-05-2024 13:30,65,194,163
12-05-2024 13:45,66,198,165
12-05-2024 14:00,63,188,159
12-05-2024 14:15,62,187,158
12-05-2024 14:30,59,173,149
12-05-2024 14:45,52,154,136
12-05-2024 15:00,61,182,155
12-05-2024 15:15,58,173,149
12-05-2024 15:30,57,169,146
12-05-2024 15:45,53,155,137
12-05-2024 16:00,51,149,133
12-05-2024 16:15,56,167,145
12-05-2024 16:30,63,190,160
12-05-2024 16:45,68,205,170
12-05-2024 17:00,70,212,175
12-05-2024 17:15,71,217,178
12-05-2024 17:30,71,216,177
12-05-2024 17:45,77,236,191
12-05-2024 18:00,108,301,260
12-05-2024 18:15,98,285,235
12-05-2024 18:30,84,260,210
12-05-2024 18:45,81,254,204
12-05-2024 19:00,83,257,207
12-05-2024 19:15,85,260,210
12-05-2024 19:30,92,275,225
12-05-2024 19:45,120,321,300
12-05-2024 20:00,113,310,277
12-05-2024 20:15,97,284,234
12-05-2024 20:30,101,291,241
12-05-2024 20:45,103,293,243
12-05-2024 21:00,95,281,231
12-05-2024 21:15,93,277,227
12-05-2024 21:30,97,283,233
12-05-2024 21:45,101,291,241
12-05-2024 22:00,96,282,232
12-05-2024 22:15,96,282,232
12-05-2024 22:30,99,287,237
12-05-2024 22:45,106,298,253
12-05-2024 23:00,110,305,267
12-05-2024 23:15,111,307,270
12-05-2024 23:30,113,310,277
12-05-2024 23:45,113,310,277
13-05-2024 00:00,118,319,293
13-05-2024 00:15,116,317,287
13-05-2024 00:30,109,304,263
13-05-2024 00:45,106,298,253
13-05-2024 01:00,97,284,234
13-05-2024 01:15,93,278,228
13-05-2024 01:30,97,284,234
13-05-2024 01:45,102,292,242
13-05-2024 02:00,104,295,247
13-05-2024 02:15,106,297,253
13-05-2024 02:30,107,299,257
13-05-2024 02:45,102,292,242
13-05-2024 03:00,99,287,237
13-05-2024 03:15,105,296,250
13-05-2024 03:30,104,295,247
13-05-2024 03:45,101,290,240
13-05-2024 04:00,100,289,239
13-05-2024 04:15,97,284,234
13-05-2024 04:30,97,284,234
13-05-2024 04:45,97,284,234
13-05-2024 05:00,99,286,236
13-05-2024 05:15,97,284,234
13-05-2024 05:30,98,286,236
13-05-2024 05:45,99,287,237
13-05-2024 06:00,112,309,273
13-05-2024 06:15,98,286,236
13-05-2024 06:30,100,288,238
13-05-2024 06:45,101,290,240
13-05-2024 07:00,96,282,232
13-05-2024 07:15,93,277,227
13-05-2024 07:30,99,288,238
13-05-2024 07:45,98,285,235
13-05-2024 08:00,89,270,220
13-05-2024 08:15,86,263,213
13-05-2024 08:30,87,264,214
13-05-2024 08:45,87,264,214
13-05-2024 09:00,87,264,214
13-05-2024 09:15,90,273,223
13-05-2024 09:30,80,250,200
13-05-2024 09:45,76,240,193
13-05-2024 10:00,77,243,195
13-05-2024 10:15,78,247,198
13-05-2024 10:30,82,256,206
13-05-2024 10:45,81,254,204
13-05-2024 11:00,83,258,208
13-05-2024 11:15,81,253,203
13-05-2024 11:30,80,252,202
13-05-2024 11:45,77,244,196
13-05-2024 12:00,71,214,176
13-05-2024 12:15,76,238,192
13-05-2024 12:30,80,253,203
13-05-2024 12:45,82,255,205
13-05-2024 13:00,81,254,204
13-05-2024 13:15,79,251,201
13-05-2024 13:30,82,257,207
13-05-2024 13:45,86,263,213
13-05-2024 14:00,89,270,220
13-05-2024 14:15,88,269,219
13-05-2024 14:30,83,255,205
13-05-2024 14:45,64,193,162
13-05-2024 15:00,63,191,161
13-05-2024 15:15,60,179,153
13-05-2024 15:30,56,167,145
13-05-2024 15:45,57,170,147
13-05-2024 16:00,61,181,154
13-05-2024 16:15,58,172,148
13-05-2024 16:30,47,136,124
13-05-2024 16:45,42,120,113
13-05-2024 17:00,77,235,190
13-05-2024 17:15,90,272,222
13-05-2024 17:30,93,278,228
13-05-2024 17:45,88,268,218
13-05-2024 18:00,89,269,219
13-05-2024 18:15,89,270,220
13-05-2024 18:30,88,269,219
13-05-2024 18:45,89,271,221
13-05-2024 19:00,75,232,188
13-05-2024 19:15,64,191,161
13-05-2024 19:30,87,244,196
13-05-2024 19:45,156,372,328
13-05-2024 20:00,185,401,364
13-05-2024 20:15,109,317,267
13-05-2024 20:30,108,318,268
13-05-2024 20:45,102,309,259
13-05-2024 21:00,102,308,258
13-05-2024 21:15,102,308,258
13-05-2024 21:30,97,301,251
13-05-2024 21:45,96,300,250
13-05-2024 22:00,114,329,280
13-05-2024 22:15,117,332,290
13-05-2024 22:30,112,324,274
13-05-2024 22:45,106,315,265
13-05-2024 23:00,101,306,256
13-05-2024 23:15,108,316,266
13-05-2024 23:30,116,329,287
13-05-2024 23:45,90,291,241
14-05-2024 00:00,88,287,237
14-05-2024 00:15,88,285,235
14-05-2024 00:30,89,288,238
14-05-2024 00:45,117,331,290
14-05-2024 01:00,98,302,252
14-05-2024 01:15,88,287,237
14-05-2024 01:30,87,284,234
14-05-2024 01:45,88,287,237
14-05-2024 02:00,90,290,240
14-05-2024 02:15,94,296,246
14-05-2024 02:30,94,297,247
14-05-2024 02:45,89,288,238
14-05-2024 03:00,94,297,247
14-05-2024 03:15,99,304,254
14-05-2024 03:30,101,307,257
14-05-2024 03:45,103,310,260
14-05-2024 04:00,102,309,259
14-05-2024 04:15,103,310,260
14-05-2024 04:30,104,311,261
14-05-2024 04:45,103,309,259
14-05-2024 05:00,103,310,260
14-05-2024 05:15,103,309,259
14-05-2024 05:30,105,313,263
14-05-2024 05:45,108,318,268
14-05-2024 06:00,110,321,271
14-05-2024 06:15,102,309,259
14-05-2024 06:30,101,307,257
14-05-2024 06:45,110,321,271
14-05-2024 07:00,111,323,273
14-05-2024 07:15,108,318,268
14-05-2024 07:30,113,325,277
14-05-2024 07:45,122,339,302
14-05-2024 08:00,126,344,305
14-05-2024 08:15,123,340,302
14-05-2024 08:30,131,351,308
14-05-2024 08:45,120,336,300
14-05-2024 09:00,111,322,272
14-05-2024 09:15,106,314,264
14-05-2024 09:30,94,297,247
14-05-2024 09:45,90,291,241
14-05-2024 10:00,95,299,249
14-05-2024 10:15,91,292,242
14-05-2024 10:30,87,285,235
14-05-2024 10:45,98,301,251
14-05-2024 11:00,135,356,312
14-05-2024 11:15,102,308,258
14-05-2024 11:30,92,294,244
14-05-2024 11:45,97,301,251
14-05-2024 12:00,92,294,244
14-05-2024 12:15,87,283,233
14-05-2024 12:30,76,256,206
14-05-2024 12:45,59,194,163
14-05-2024 13:00,60,198,165
14-05-2024 13:15,59,196,164
14-05-2024 13:30,60,198,165
14-05-2024 13:45,72,238,192
14-05-2024 14:00,74,249,199
14-05-2024 14:15,75,253,203
14-05-2024 14:30,76,259,209
14-05-2024 14:45,79,269,219
14-05-2024 15:00,76,258,208
14-05-2024 15:15,68,224,183
14-05-2024 15:30,67,221,181
14-05-2024 15:45,62,206,171
14-05-2024 16:00,51,168,145
14-05-2024 16:15,46,151,134
14-05-2024 16:30,56,182,155
14-05-2024 16:45,80,266,216
14-05-2024 17:00,75,253,203
14-05-2024 17:15,66,220,180
14-05-2024 17:30,53,175,150
14-05-2024 17:45,44,145,130
14-05-2024 18:00,44,143,129
14-05-2024 18:15,45,146,131
14-05-2024 18:30,46,152,135
14-05-2024 18:45,45,148,132
14-05-2024 19:00,51,168,145
14-05-2024 19:15,53,174,149
14-05-2024 19:30,74,249,199
14-05-2024 19:45,83,269,219
14-05-2024 20:00,79,268,218
14-05-2024 20:15,75,243,195
14-05-2024 20:30,76,245,197
14-05-2024 20:45,79,259,209
14-05-2024 21:00,80,263,213
14-05-2024 21:15,79,259,209
14-05-2024 21:30,87,289,239
14-05-2024 21:45,92,303,253
14-05-2024 22:00,90,299,249
14-05-2024 22:15,86,287,237
14-05-2024 22:30,85,286,236
14-05-2024 22:45,86,287,237
14-05-2024 23:00,88,291,241
14-05-2024 23:15,88,292,242
14-05-2024 23:30,89,296,246
14-05-2024 23:45,91,300,250
15-05-2024 00:00,90,298,248
15-05-2024 00:15,93,304,254
15-05-2024 00:30,94,308,258
15-05-2024 00:45,93,305,255
15-05-2024 01:00,101,320,270
15-05-2024 01:15,104,327,277
15-05-2024 01:30,104,326,276
15-05-2024 01:45,115,345,295
15-05-2024 02:00,111,341,291
15-05-2024 02:15,104,326,276
15-05-2024 02:30,99,317,267
15-05-2024 02:45,102,323,273
15-05-2024 03:00,101,322,272
15-05-2024 03:15,99,316,266
15-05-2024 03:30,96,311,261
15-05-2024 03:45,95,308,258
15-05-2024 04:00,96,311,261
15-05-2024 04:15,97,313,263
15-05-2024 04:30,98,314,264
15-05-2024 04:45,95,308,258
15-05-2024 05:00,92,303,253
15-05-2024 05:15,90,299,249
15-05-2024 05:30,97,313,263
15-05-2024 05:45,105,330,280
15-05-2024 06:00,97,312,262
15-05-2024 06:15,100,318,268
15-05-2024 06:30,145,373,329
15-05-2024 06:45,125,354,305
15-05-2024 07:00,128,357,309
15-05-2024 07:15,132,361,314
15-05-2024 07:30,121,351,301
15-05-2024 07:45,111,341,291
15-05-2024 08:00,106,331,281
15-05-2024 08:15,98,315,265
15-05-2024 08:30,94,308,258
15-05-2024 08:45,92,303,253
15-05-2024 09:00,90,298,248
15-05-2024 09:15,90,300,250
15-05-2024 09:30,90,298,248
15-05-2024 09:45,91,300,250
15-05-2024 10:00,112,339,289
15-05-2024 10:15,119,349,299
15-05-2024 10:30,108,334,284
15-05-2024 10:45,93,303,253
15-05-2024 11:00,87,289,239
15-05-2024 11:15,85,285,235
15-05-2024 11:30,84,284,234
15-05-2024 11:45,84,284,234
15-05-2024 12:00,83,277,227
15-05-2024 12:15,78,253,203
15-05-2024 12:30,62,193,162
15-05-2024 12:45,65,204,169
15-05-2024 13:00,59,179,153
15-05-2024 13:15,65,202,168
15-05-2024 13:30,71,224,183
15-05-2024 13:45,68,214,176
15-05-2024 14:00,69,219,179
15-05-2024 14:15,73,233,189
15-05-2024 14:30,78,256,206
15-05-2024 14:45,80,263,213
15-05-2024 15:00,79,260,210
15-05-2024 15:15,79,258,208
15-05-2024 15:30,76,243,195
15-05-2024 15:45,77,251,201
15-05-2024 16:00,70,223,182
15-05-2024 16:15,68,213,175
15-05-2024 16:30,65,203,169
15-05-2024 16:45,67,209,173
15-05-2024 17:00,77,250,200
15-05-2024 17:15,79,259,209
15-05-2024 17:30,95,306,256
15-05-2024 17:45,106,329,279
15-05-2024 18:00,87,291,241
15-05-2024 18:15,82,276,226
15-05-2024 18:30,79,259,209
15-05-2024 18:45,78,257,207
15-05-2024 19:00,77,251,201
15-05-2024 19:15,79,259,209
15-05-2024 19:30,82,273,223
15-05-2024 19:45,92,301,251
15-05-2024 20:00,101,321,271
15-05-2024 20:15,104,327,277
15-05-2024 20:30,103,324,274
15-05-2024 20:45,104,326,276
15-05-2024 21:00,97,312,262
15-05-2024 21:15,90,298,248
15-05-2024 21:30,88,291,241
15-05-2024 21:45,89,296,246
15-05-2024 22:00,89,296,246
15-05-2024 22:15,98,314,264
15-05-2024 22:30,104,326,276
15-05-2024 22:45,103,323,273
15-05-2024 23:00,104,326,276
15-05-2024 23:15,108,334,284
15-05-2024 23:30,115,345,295
15-05-2024 23:45,101,321,271
16-05-2024 00:00,97,312,262
16-05-2024 00:15,99,317,267
16-05-2024 00:30,104,327,277
16-05-2024 00:45,107,335,285
16-05-2024 01:00,108,337,287
16-05-2024 01:15,107,334,284
16-05-2024 01:30,106,332,282
16-05-2024 01:45,107,335,285
16-05-2024 02:00,104,326,276
16-05-2024 02:15,101,320,270
16-05-2024 02:30,99,315,265
16-05-2024 02:45,97,312,262
16-05-2024 03:00,98,314,264
16-05-2024 03:15,97,313,263
16-05-2024 03:30,100,318,268
16-05-2024 03:45,100,319,269
16-05-2024 04:00,98,314,264
16-05-2024 04:15,96,311,261
16-05-2024 04:30,95,308,258
16-05-2024 04:45,91,302,252
16-05-2024 05:00,93,304,254
16-05-2024 05:15,92,303,253
16-05-2024 05:30,88,293,243
16-05-2024 05:45,89,296,246
16-05-2024 06:00,103,325,275
16-05-2024 06:15,99,318,268
16-05-2024 06:30,99,316,266
16-05-2024 06:45,99,318,268
16-05-2024 07:00,103,325,275
16-05-2024 07:15,102,323,273
16-05-2024 07:30,110,339,289
16-05-2024 07:45,109,338,288
16-05-2024 08:00,101,321,271
16-05-2024 08:15,95,308,258
16-05-2024 08:30,90,299,249
16-05-2024 08:45,102,324,274
16-05-2024 09:00,97,313,263
16-05-2024 09:15,104,328,278
16-05-2024 09:30,95,308,258
16-05-2024 09:45,94,307,257
16-05-2024 10:00,101,322,272
16-05-2024 10:15,101,320,270
16-05-2024 10:30,118,345,295
16-05-2024 10:45,115,345,295
16-05-2024 11:00,112,342,292
16-05-2024 11:15,109,337,287
16-05-2024 11:30,111,341,291
16-05-2024 11:45,109,338,288
16-05-2024 12:00,105,330,280
16-05-2024 12:15,107,334,284
16-05-2024 12:30,111,340,290
16-05-2024 12:45,106,331,281
16-05-2024 13:00,103,324,274
16-05-2024 13:15,98,315,265
16-05-2024 13:30,95,310,260
16-05-2024 13:45,95,309,259
16-05-2024 14:00,94,307,257
16-05-2024 14:15,94,307,257
16-05-2024 14:30,94,306,256
16-05-2024 14:45,92,301,251
16-05-2024 15:00,88,291,241
16-05-2024 15:15,87,289,239
16-05-2024 15:30,87,290,240
16-05-2024 15:45,87,290,240
16-05-2024 16:00,88,292,242
16-05-2024 16:15,88,292,242
16-05-2024 16:30,88,293,243
16-05-2024 16:45,89,295,245
16-05-2024 17:00,89,294,244
16-05-2024 17:15,91,299,249
16-05-2024 17:30,95,308,258
16-05-2024 17:45,102,324,274
16-05-2024 18:00,90,298,248
16-05-2024 18:15,87,290,240
16-05-2024 18:30,87,288,238
16-05-2024 18:45,85,286,236
16-05-2024 19:00,85,286,236
16-05-2024 19:15,89,296,246
16-05-2024 19:30,96,310,260
16-05-2024 19:45,99,316,266
16-05-2024 20:00,99,317,267
16-05-2024 20:15,100,318,268
16-05-2024 20:30,99,316,266
16-05-2024 20:45,97,313,263
16-05-2024 21:00,95,309,259
16-05-2024 21:15,97,313,263
16-05-2024 21:30,99,317,267
16-05-2024 21:45,99,317,267
16-05-2024 22:00,99,316,266
16-05-2024 22:15,108,335,285
16-05-2024 22:30,98,315,265
16-05-2024 22:45,95,309,259
16-05-2024 23:00,95,308,258
16-05-2024 23:15,93,305,255
16-05-2024 23:30,94,307,257
16-05-2024 23:45,100,319,269
17-05-2024 00:00,99,318,268
17-05-2024 00:15,102,322,272
17-05-2024 00:30,103,325,275
17-05-2024 00:45,103,323,273
17-05-2024 01:00,105,330,280
17-05-2024 01:15,101,320,270
17-05-2024 01:30,94,307,257
17-05-2024 01:45,97,312,262
17-05-2024 02:00,101,321,271
17-05-2024 02:15,101,322,272
17-05-2024 02:30,97,313,263
17-05-2024 02:45,95,309,259
17-05-2024 03:00,93,305,255
17-05-2024 03:15,91,302,252
17-05-2024 03:30,89,295,245
17-05-2024 03:45,88,294,244
17-05-2024 04:00,89,294,244
17-05-2024 04:15,88,294,244
17-05-2024 04:30,88,291,241
17-05-2024 04:45,86,289,239
17-05-2024 05:00,84,283,233
17-05-2024 05:15,83,282,232
17-05-2024 05:30,84,283,233
17-05-2024 05:45,84,283,233
17-05-2024 06:00,82,278,228
17-05-2024 06:15,80,266,216
17-05-2024 06:30,86,288,238
17-05-2024 06:45,90,299,249
17-05-2024 07:00,90,298,248
17-05-2024 07:15,89,297,247
17-05-2024 07:30,90,297,247
17-05-2024 07:45,91,302,252
17-05-2024 08:00,95,309,259
17-05-2024 08:15,94,308,258
17-05-2024 08:30,93,306,256
17-05-2024 08:45,99,318,268
17-05-2024 09:00,122,348,302
17-05-2024 09:15,171,398,360
17-05-2024 09:30,134,363,316
17-05-2024 09:45,100,318,268
17-05-2024 10:00,88,294,244
17-05-2024 10:15,85,283,233
17-05-2024 10:30,81,269,219
17-05-2024 10:45,80,264,214
17-05-2024 11:00,82,275,225
17-05-2024 11:15,83,279,229
17-05-2024 11:30,79,256,206
17-05-2024 11:45,73,231,187
17-05-2024 12:00,64,198,165
17-05-2024 12:15,64,199,166
17-05-2024 12:30,52,154,136
17-05-2024 12:45,51,152,135
17-05-2024 13:00,52,155,137
17-05-2024 13:15,58,176,151
17-05-2024 13:30,59,181,154
17-05-2024 13:45,64,197,165
17-05-2024 14:00,71,223,182
17-05-2024 14:15,71,226,184
17-05-2024 14:30,65,202,168
17-05-2024 14:45,65,202,168
17-05-2024 15:00,74,239,193
17-05-2024 15:15,88,292,242
17-05-2024 15:30,82,279,229
17-05-2024 15:45,79,261,211
17-05-2024 16:00,77,251,201
17-05-2024 16:15,79,259,209
17-05-2024 16:30,85,285,235
17-05-2024 16:45,77,252,202
17-05-2024 17:00,73,233,189
17-05-2024 17:15,70,222,181
17-05-2024 17:30,67,211,174
17-05-2024 17:45,55,165,143
17-05-2024 18:00,102,313,263
17-05-2024 18:15,77,250,200
17-05-2024 18:30,60,184,156
17-05-2024 18:45,55,165,143
17-05-2024 19:00,60,185,157
17-05-2024 19:15,79,257,207
17-05-2024 19:30,78,256,206
17-05-2024 19:45,86,287,237
17-05-2024 20:00,85,286,236
17-05-2024 20:15,88,293,243
17-05-2024 20:30,88,292,242
17-05-2024 20:45,90,298,248
17-05-2024 21:00,91,302,252
17-05-2024 21:15,90,297,247
17-05-2024 21:30,83,280,230
17-05-2024 21:45,89,295,245
17-05-2024 22:00,102,323,273
17-05-2024 22:15,106,331,281
17-05-2024 22:30,98,316,266
17-05-2024 22:45,87,289,239
17-05-2024 23:00,88,293,243
17-05-2024 23:15,91,299,249
17-05-2024 23:30,90,300,250
17-05-2024 23:45,94,306,256
18-05-2024 00:00,96,311,261
18-05-2024 00:15,96,311,261
18-05-2024 00:30,99,317,267
18-05-2024 00:45,100,319,269
18-05-2024 01:00,102,323,273
18-05-2024 01:15,103,324,274
18-05-2024 01:30,105,329,279
18-05-2024 01:45,106,332,282
18-05-2024 02:00,107,335,285
18-05-2024 02:15,107,335,285
18-05-2024 02:30,104,327,277
18-05-2024 02:45,104,326,276
18-05-2024 03:00,103,325,275
18-05-2024 03:15,104,327,277
18-05-2024 03:30,101,322,272
18-05-2024 03:45,100,319,269
18-05-2024 04:00,98,316,266
18-05-2024 04:15,99,316,266
18-05-2024 04:30,101,320,270
18-05-2024 04:45,100,319,269
18-05-2024 05:00,103,325,275
18-05-2024 05:15,105,330,280
18-05-2024 05:30,105,328,278
18-05-2024 05:45,107,336,286
18-05-2024 06:00,103,325,275
18-05-2024 06:15,106,331,281
18-05-2024 06:30,110,340,290
18-05-2024 06:45,119,349,299
18-05-2024 07:00,124,354,305
18-05-2024 07:15,118,348,298
18-05-2024 07:30,120,350,300
18-05-2024 07:45,115,345,295
18-05-2024 08:00,104,328,278
18-05-2024 08:15,99,317,267
18-05-2024 08:30,90,299,249
18-05-2024 08:45,88,291,241
18-05-2024 09:00,87,289,239
18-05-2024 09:15,87,292,242
18-05-2024 09:30,88,293,243
18-05-2024 09:45,94,306,256
18-05-2024 10:00,99,317,267
18-05-2024 10:15,92,305,255
18-05-2024 10:30,91,301,251
18-05-2024 10:45,96,310,260
18-05-2024 11:00,97,312,262
18-05-2024 11:15,95,309,259
18-05-2024 11:30,100,320,270
18-05-2024 11:45,97,312,262
18-05-2024 12:00,88,293,243
18-05-2024 12:15,89,295,245
18-05-2024 12:30,88,291,241
18-05-2024 12:45,83,279,229
18-05-2024 13:00,82,275,225
18-05-2024 13:15,85,286,236
18-05-2024 13:30,83,279,229
18-05-2024 13:45,71,227,185
18-05-2024 14:00,66,206,171
18-05-2024 14:15,83,274,224
18-05-2024 14:30,66,207,171
18-05-2024 14:45,61,187,158
18-05-2024 15:00,60,184,156
18-05-2024 15:15,62,191,161
18-05-2024 15:30,61,186,157
18-05-2024 15:45,64,198,165
18-05-2024 16:00,64,198,165
18-05-2024 16:15,59,178,152
18-05-2024 16:30,63,195,163
18-05-2024 16:45,63,195,163
18-05-2024 17:00,58,178,152
18-05-2024 17:15,59,180,153
18-05-2024 17:30,74,238,192
18-05-2024 17:45,79,265,215
18-05-2024 18:00,57,172,148
18-05-2024 18:15,50,146,131
18-05-2024 18:30,56,170,147
18-05-2024 18:45,65,202,168
18-05-2024 19:00,65,202,168
18-05-2024 19:15,65,203,169
18-05-2024 19:30,64,200,167
18-05-2024 19:45,75,241,194
18-05-2024 20:00,73,230,187
18-05-2024 20:15,76,244,196
18-05-2024 20:30,75,239,193
18-05-2024 20:45,88,292,242
18-05-2024 21:00,80,263,213
18-05-2024 21:15,75,240,193
18-05-2024 21:30,73,232,188
18-05-2024 21:45,86,285,235
18-05-2024 22:00,82,275,225
18-05-2024 22:15,82,276,226
18-05-2024 22:30,80,268,218
18-05-2024 22:45,84,282,232
18-05-2024 23:00,84,282,232
18-05-2024 23:15,84,283,233
18-05-2024 23:30,82,275,225
18-05-2024 23:45,82,276,226
19-05-2024 00:00,81,274,224
19-05-2024 00:15,82,278,228
19-05-2024 00:30,83,280,230
19-05-2024 00:45,81,272,222
19-05-2024 01:00,79,257,207
19-05-2024 01:15,78,254,204
19-05-2024 01:30,78,253,203
19-05-2024 01:45,76,247,198
19-05-2024 02:00,75,241,194
19-05-2024 02:15,76,247,198
19-05-2024 02:30,77,250,200
19-05-2024 02:45,78,252,202
19-05-2024 03:00,79,256,206
19-05-2024 03:15,79,261,211
19-05-2024 03:30,81,273,223
19-05-2024 03:45,83,282,232
19-05-2024 04:00,85,285,235
19-05-2024 04:15,89,296,246
19-05-2024 04:30,90,298,248
19-05-2024 04:45,88,293,243
19-05-2024 05:00,89,296,246
19-05-2024 05:15,96,310,260
19-05-2024 05:30,97,313,263
19-05-2024 05:45,96,311,261
19-05-2024 06:00,96,311,261
19-05-2024 06:15,103,323,273
19-05-2024 06:30,153,384,342
19-05-2024 06:45,126,356,308
19-05-2024 07:00,110,340,290
19-05-2024 07:15,106,337,287
19-05-2024 07:30,107,339,289
19-05-2024 07:45,108,340,290
19-05-2024 08:00,109,343,293
19-05-2024 08:15,107,338,288
19-05-2024 08:30,107,337,287
19-05-2024 08:45,105,330,280
19-05-2024 09:00,101,322,272
19-05-2024 09:15,112,342,292
19-05-2024 09:30,127,357,309
19-05-2024 09:45,143,371,326
19-05-2024 10:00,710,926,1020
19-05-2024 10:15,504,679,711
19-05-2024 10:30,652,977,1084
19-05-2024 10:45,128,357,309
19-05-2024 11:00,100,319,269
19-05-2024 11:15,88,294,244
19-05-2024 11:30,93,304,254
19-05-2024 11:45,84,280,230
19-05-2024 12:00,65,201,167
19-05-2024 12:15,74,238,192
19-05-2024 12:30,77,248,199
19-05-2024 12:45,72,228,185
19-05-2024 13:00,67,211,174
19-05-2024 13:15,67,209,173
19-05-2024 13:30,53,159,139
19-05-2024 13:45,48,139,126
19-05-2024 14:00,46,131,121
19-05-2024 14:15,47,134,123
19-05-2024 14:30,42,114,109
19-05-2024 14:45,44,122,115
19-05-2024 15:00,37,91,91
19-05-2024 15:15,37,92,92
19-05-2024 15:30,37,91,91
19-05-2024 15:45,38,96,96
19-05-2024 16:00,37,88,88
19-05-2024 16:15,37,90,90
19-05-2024 16:30,37,88,88
19-05-2024 16:45,37,89,89
19-05-2024 17:00,36,85,85
19-05-2024 17:15,38,96,96
19-05-2024 17:30,67,211,174
19-05-2024 17:45,77,249,199
19-05-2024 18:00,69,216,177
19-05-2024 18:15,60,183,155
19-05-2024 18:30,51,152,135
19-05-2024 18:45,48,140,127
19-05-2024 19:00,46,131,121
19-05-2024 19:15,45,126,117
19-05-2024 19:30,45,126,117
19-05-2024 19:45,51,152,135
19-05-2024 20:00,58,178,152
19-05-2024 20:15,69,218,179
19-05-2024 20:30,61,189,159
19-05-2024 20:45,59,182,155
19-05-2024 21:00,62,190,160
19-05-2024 21:15,70,224,183
19-05-2024 21:30,55,163,142
19-05-2024 21:45,53,157,138
19-05-2024 22:00,56,169,146
19-05-2024 22:15,55,166,144
19-05-2024 22:30,59,179,153
19-05-2024 22:45,57,176,151
19-05-2024 23:00,56,171,147
19-05-2024 23:15,55,167,145
19-05-2024 23:30,55,167,145
19-05-2024 23:45,60,185,157
20-05-2024 00:00,65,204,169
20-05-2024 00:15,59,182,155
