CreatedDate,pm25_1201240072,pm10_1201240072,co2_1201240072,voc_1201240072
01-04-2024 01:00,30,82.5,426,128.5
01-04-2024 02:00,27,73.5,462.5,178.5
01-04-2024 03:00,30.5,84,464,181
01-04-2024 04:00,38.5,104.5,473.5,239
01-04-2024 05:00,66.5,163,484,262
01-04-2024 06:00,64,161,489.5,249.5
01-04-2024 07:00,90.5,191,469.5,250.5
01-04-2024 08:00,111.5,215,451.5,218.5
01-04-2024 09:00,79,176.5,459.5,197
01-04-2024 10:00,63.5,159,447.5,115
01-04-2024 11:00,39,107.5,421,68.5
01-04-2024 12:00,31.5,85.5,417.5,28
01-04-2024 13:00,21,58.5,446,28.5
01-04-2024 14:00,20.5,56,438,8.5
01-04-2024 15:00,21,57.5,428.5,6.5
01-04-2024 16:00,19,51,424,0
01-04-2024 17:00,20,53,429.5,14
01-04-2024 18:00,20,54,429.5,1
01-04-2024 19:00,21.5,60.5,429.5,44.5
01-04-2024 20:00,26,73,473,138
01-04-2024 21:00,33,92,611.5,300
01-04-2024 22:00,36.5,103,481,200.5
01-04-2024 23:00,41,114.5,458,139.5
02-04-2024 00:00,39,108.5,447,118
02-04-2024 01:00,59,154,460.5,115.5
02-04-2024 02:00,63.5,161.5,508.5,235.5
02-04-2024 03:00,66,163.5,503.5,263
02-04-2024 04:00,79,179,498,203
02-04-2024 05:00,85.5,186,495.5,308
02-04-2024 06:00,124.5,240,536,485.5
02-04-2024 07:00,173.5,334.5,553,442.5
02-04-2024 08:00,173.5,334,516.5,385.5
02-04-2024 09:00,147,283,502.5,385.5
02-04-2024 10:00,72.5,169.5,429.5,60
02-04-2024 11:00,51,140,412.5,4
02-04-2024 12:00,24,66.5,413,0.5
02-04-2024 13:00,22.5,63.5,418,0
02-04-2024 14:00,20,55,420,0
02-04-2024 15:00,19,52.5,410.5,0
02-04-2024 16:00,19,52.5,413.5,0
02-04-2024 17:00,20,53.5,426,0
02-04-2024 18:00,21,59.5,436,29
02-04-2024 19:00,22,63.5,430,55.5
02-04-2024 20:00,33,90.5,456,164
02-04-2024 21:00,49,132,485,1220
02-04-2024 22:00,47.5,131.5,493.5,622.5
02-04-2024 23:00,47.5,133,548.5,743
03-04-2024 00:00,56.5,152,476.5,393.5
03-04-2024 01:00,42,116,533,491
03-04-2024 02:00,35,95.5,584,551
03-04-2024 03:00,37,101.5,573,570
03-04-2024 04:00,41,111.5,538.5,670.5
03-04-2024 05:00,45,124.5,511.5,484.5
03-04-2024 06:00,70,166.5,490,593
03-04-2024 07:00,71,167.5,478,506
03-04-2024 08:00,73.5,170,475.5,543
03-04-2024 09:00,66.5,162.5,481,420
03-04-2024 10:00,69,164.5,456,246.5
03-04-2024 11:00,73.5,168,454.5,194.5
03-04-2024 12:00,64,161,507.5,137.5
03-04-2024 13:00,53.5,145,448,31
03-04-2024 14:00,30,82,441,45.5
03-04-2024 15:00,23.5,64.5,421,26.5
03-04-2024 16:00,21.5,60.5,407,0
03-04-2024 17:00,31.5,86.5,407,6.5
03-04-2024 18:00,27.5,76.5,423,122.5
03-04-2024 19:00,32,88.5,435,265.5
03-04-2024 20:00,49,137,536,968.5
03-04-2024 21:00,50,139.5,569.5,1208.5
03-04-2024 22:00,54.5,149,555,1161.5
03-04-2024 23:00,56.5,153.5,538.5,968.5
04-04-2024 00:00,58.5,156,521,1011.5
04-04-2024 01:00,53.5,147.5,581,1121.5
04-04-2024 02:00,46.5,128,620.5,960.5
04-04-2024 03:00,38,104.5,468.5,286.5
04-04-2024 04:00,23.5,64.5,468,185
04-04-2024 05:00,23.5,63.5,500.5,326
04-04-2024 06:00,25.5,71,469.5,362
04-04-2024 07:00,45,124,471.5,498.5
04-04-2024 08:00,67,163.5,469.5,468
04-04-2024 09:00,67.5,164,514,563
04-04-2024 10:00,34,95.5,456,341.5
04-04-2024 11:00,41,113.5,430,174.5
04-04-2024 12:00,34,93.5,420.5,60
04-04-2024 13:00,26.5,73,437,26
04-04-2024 14:00,29.5,81.5,411,0
04-04-2024 15:00,23.5,64.5,414,0
04-04-2024 16:00,21,57.5,416.5,0
04-04-2024 17:00,21,57.5,420.5,0
04-04-2024 18:00,22,60.5,434.5,6.5
04-04-2024 19:00,24.5,68,422,107.5
04-04-2024 20:00,42.5,110,499,472
04-04-2024 21:00,56.5,153.5,603,1144
04-04-2024 22:00,65,162,578.5,1134.5
04-04-2024 23:00,62,160,541,1022
05-04-2024 00:00,66.5,162.5,463,363
05-04-2024 01:00,49.5,138.5,477.5,281.5
05-04-2024 02:00,48.5,132.5,469.5,246.5
05-04-2024 03:00,45.5,126.5,462,181
05-04-2024 04:00,34.5,94.5,477,227.5
05-04-2024 05:00,37,102.5,487,301
05-04-2024 06:00,52,139.5,492.5,441
05-04-2024 07:00,91.5,195,454,293
05-04-2024 08:00,65.5,163.5,469.5,347
05-04-2024 09:00,55.5,151.5,453.5,302.5
05-04-2024 10:00,76.5,175,448,188.5
05-04-2024 11:00,41,112.5,436,127
05-04-2024 12:00,21.5,60.5,468.5,75
05-04-2024 13:00,21.5,62.5,441,46
05-04-2024 14:00,19.5,57,423.5,67
05-04-2024 15:00,20,55.5,414,46.5
05-04-2024 16:00,32,85.5,443.5,80
05-04-2024 17:00,23,64.5,444,123.5
05-04-2024 18:00,24.5,67,461,189.5
05-04-2024 19:00,31.5,87.5,443,199.5
05-04-2024 20:00,45,124.5,506.5,589.5
05-04-2024 21:00,43.5,121,482,488
05-04-2024 22:00,56,153,443.5,297
05-04-2024 23:00,52.5,145,450,381.5
06-04-2024 00:00,48.5,134.5,450.5,334.5
06-04-2024 01:00,53.5,148,458,249.5
06-04-2024 02:00,49.5,136.5,477,286
06-04-2024 03:00,47,131.5,477.5,284
06-04-2024 04:00,63.5,154.5,487.5,344.5
06-04-2024 05:00,68.5,166,492.5,373.5
06-04-2024 06:00,82,181,451,309
06-04-2024 07:00,97,200.5,449,289.5
06-04-2024 08:00,110,215.5,446.5,337.5
06-04-2024 09:00,93,193,446,235.5
06-04-2024 10:00,62,156.5,440.5,132
06-04-2024 11:00,49.5,135,435,106.5
06-04-2024 12:00,34,93.5,418,12
06-04-2024 13:00,30,81.5,405.5,0
06-04-2024 14:00,28,76,404,0
06-04-2024 15:00,28.5,78.5,403,0
06-04-2024 16:00,28.5,79.5,408,0
06-04-2024 17:00,27.5,75,421,0
06-04-2024 18:00,24.5,67.5,413.5,3
06-04-2024 19:00,43,105.5,444,87.5
06-04-2024 20:00,41.5,116.5,528.5,374.5
06-04-2024 21:00,57,150,754,789.5
06-04-2024 22:00,41,113.5,601,552
06-04-2024 23:00,38.5,105.5,508,311.5
07-04-2024 00:00,51,140,493,353.5
07-04-2024 01:00,60,158.5,519,392
07-04-2024 02:00,61.5,159.5,560,531
07-04-2024 03:00,68.5,166.5,581.5,464.5
07-04-2024 04:00,93,195.5,554.5,485
07-04-2024 05:00,100,203,565,606
07-04-2024 06:00,117.5,226,475.5,721.5
07-04-2024 07:00,168.5,321,460.5,487.5
07-04-2024 08:00,205.5,383,461.5,359.5
07-04-2024 09:00,153.5,284.5,462,221
07-04-2024 10:00,100.5,202,449,133.5
07-04-2024 11:00,72,166,426,4.5
07-04-2024 12:00,38,104.5,435,0
07-04-2024 13:00,27,75.5,438,0
07-04-2024 14:00,21.5,58,422,0
07-04-2024 15:00,19.5,52,422,0
07-04-2024 16:00,20,54,422,0
07-04-2024 17:00,17,45,424.5,2.5
07-04-2024 18:00,19,51,420.5,0.5
07-04-2024 19:00,21.5,58.5,453,168
07-04-2024 20:00,28,76.5,508.5,400
07-04-2024 21:00,56,147,666.5,1112
07-04-2024 22:00,56.5,150,603.5,1119.5
07-04-2024 23:00,55.5,148,505,551
08-04-2024 00:00,63,161,506.5,489.5
08-04-2024 01:00,59.5,157,559.5,617.5
08-04-2024 02:00,51,143,569,592
08-04-2024 03:00,54.5,149.5,572.5,627
08-04-2024 04:00,66.5,163,557.5,616.5
08-04-2024 05:00,79.5,177.5,530.5,584.5
08-04-2024 06:00,99,201,483,463.5
08-04-2024 07:00,99,202.5,514,558.5
08-04-2024 08:00,142,267.5,479.5,629
08-04-2024 09:00,201,368.5,528.5,770
08-04-2024 10:00,122.5,233.5,473.5,325
08-04-2024 11:00,72.5,170,438.5,147
08-04-2024 12:00,39,106.5,432.5,26.5
08-04-2024 13:00,27,73.5,427,0
08-04-2024 14:00,27,72.5,413.5,0
08-04-2024 15:00,24,66.5,413,2
08-04-2024 16:00,21.5,59.5,415.5,0
08-04-2024 17:00,21.5,60,420,0
08-04-2024 18:00,23.5,64,421,1.5
08-04-2024 19:00,27,74,437.5,234
08-04-2024 20:00,41.5,114.5,566,1185.5
08-04-2024 21:00,63,160,658,1918.5
08-04-2024 22:00,56.5,153,603,2137
08-04-2024 23:00,56,153,531,1616.5
09-04-2024 00:00,55.5,151.5,543.5,1693.5
09-04-2024 01:00,42,116.5,564.5,1245.5
09-04-2024 02:00,34.5,95,545,793
09-04-2024 03:00,35,97,569.5,807
09-04-2024 04:00,41.5,113,580,1405.5
09-04-2024 05:00,53.5,145.5,518,969.5
09-04-2024 06:00,60.5,158.5,499.5,779
09-04-2024 07:00,61,159.5,537.5,1066
09-04-2024 08:00,72,168,555.5,1392
09-04-2024 09:00,80.5,178,539.5,1057
09-04-2024 10:00,76,172,500,576
09-04-2024 11:00,64,161,468.5,368.5
09-04-2024 12:00,52,139,455,240.5
09-04-2024 13:00,40.5,111,523.5,134.5
09-04-2024 14:00,48,132,428,1.5
09-04-2024 15:00,34,93.5,432,28.5
09-04-2024 16:00,28,76,425.5,4.5
09-04-2024 17:00,26,71.5,426,17.5
09-04-2024 18:00,27.5,76,415,60
09-04-2024 19:00,27.5,75.5,418,386.5
09-04-2024 20:00,32.5,89.5,443,902
09-04-2024 21:00,58.5,155,485.5,1754
09-04-2024 22:00,59.5,157.5,492,2284.5
09-04-2024 23:00,60.5,158.5,542,2722
10-04-2024 00:00,56.5,153.5,566,1909.5
10-04-2024 01:00,57,154,527,1218
10-04-2024 02:00,58.5,156,540,1546
10-04-2024 03:00,62,160,535.5,1579
10-04-2024 04:00,66,163,523,1518
10-04-2024 05:00,69.5,164.5,493.5,999.5
10-04-2024 06:00,69.5,164.5,503,1144.5
10-04-2024 07:00,77.5,174,500,1479
10-04-2024 08:00,77,173,509,1345.5
10-04-2024 09:00,76,172,504,819.5
10-04-2024 10:00,69.5,165,473.5,631.5
10-04-2024 11:00,63.5,160.5,459.5,400.5
10-04-2024 12:00,50,138.5,445,211
10-04-2024 13:00,57,153.5,444.5,13
10-04-2024 14:00,56,152.5,438,4
10-04-2024 15:00,52,144,436,6.5
10-04-2024 16:00,49.5,137.5,429,0
10-04-2024 17:00,50.5,141,441.5,0.5
10-04-2024 18:00,50,139.5,449.5,79
10-04-2024 19:00,56,152,449,1149.5
10-04-2024 20:00,61,158.5,467,1988.5
10-04-2024 21:00,56,151,537,2446.5
10-04-2024 22:00,41.5,115,563,2676.5
10-04-2024 23:00,35,96.5,553.5,3168.5
11-04-2024 00:00,32.5,89,548,2095
11-04-2024 01:00,33.5,91.5,541,2001.5
11-04-2024 02:00,34,93,507,1779
11-04-2024 03:00,44.5,123,504,2092
11-04-2024 04:00,51.5,145.5,477,1501.5
11-04-2024 05:00,50.5,141.5,475.5,1148
11-04-2024 06:00,56.5,153,488.5,1355.5
11-04-2024 07:00,53,146.5,491,1397.5
11-04-2024 08:00,76,173,468.5,1520.5
11-04-2024 09:00,81.5,179.5,488,1933.5
11-04-2024 10:00,123.5,232,508.5,2499.5
11-04-2024 11:00,95,195,492,1416
11-04-2024 12:00,61,158.5,478,669
11-04-2024 13:00,40.5,110.5,466,414.5
11-04-2024 14:00,45.5,115.5,454.5,240.5
11-04-2024 15:00,36,97.5,438.5,153.5
11-04-2024 16:00,36.5,101,427,10.5
11-04-2024 17:00,44.5,122,438.5,73.5
11-04-2024 18:00,47,130,436.5,213
11-04-2024 19:00,38,105,432,567.5
11-04-2024 20:00,58,150.5,575,2055.5
11-04-2024 21:00,49,127,523,992
11-04-2024 22:00,26.5,72.5,498.5,791
11-04-2024 23:00,27.5,74.5,493.5,836.5
12-04-2024 00:00,36.5,99.5,511.5,1097.5
12-04-2024 01:00,47.5,133,515.5,1323
12-04-2024 02:00,56,151.5,505.5,1281
12-04-2024 03:00,59.5,158,517,1186
12-04-2024 04:00,66,162.5,499.5,1177.5
12-04-2024 05:00,66.5,162.5,500,1327.5
12-04-2024 06:00,71.5,167,489,1595
12-04-2024 07:00,74.5,171,503,2123
12-04-2024 08:00,79,176,534,2203
12-04-2024 09:00,96.5,197.5,505.5,1442.5
12-04-2024 10:00,96.5,196.5,496.5,1005.5
12-04-2024 11:00,87,185.5,492.5,714.5
12-04-2024 12:00,74.5,170.5,458,431
12-04-2024 13:00,66,162.5,465.5,85.5
12-04-2024 14:00,60,158,433,1.5
12-04-2024 15:00,55,148.5,441,6
12-04-2024 16:00,41,112,452,65
12-04-2024 17:00,39,106,459.5,246
12-04-2024 18:00,38.5,104,478.5,938
12-04-2024 19:00,42,114.5,499,1987
12-04-2024 20:00,51,142.5,551,3290.5
12-04-2024 21:00,55,150.5,611.5,3399.5
12-04-2024 22:00,57,153.5,650,4151.5
12-04-2024 23:00,57.5,155,573,4052.5
13-04-2024 00:00,52.5,146,562,2521
13-04-2024 01:00,48.5,135,505,1650.5
13-04-2024 02:00,51.5,142.5,472.5,1124
13-04-2024 03:00,49,136.5,466.5,941.5
13-04-2024 04:00,55.5,151.5,459.5,786
13-04-2024 05:00,60.5,159.5,448,823
13-04-2024 06:00,56.5,153.5,462.5,823
13-04-2024 07:00,55.5,152,495,1141.5
13-04-2024 08:00,52.5,145,470.5,969.5
13-04-2024 09:00,44.5,124,442.5,700.5
13-04-2024 10:00,49,137,455.5,726
13-04-2024 11:00,53.5,143,482,647
13-04-2024 12:00,39,108,460.5,484
13-04-2024 13:00,35,95.5,486.5,587.5
13-04-2024 14:00,33.5,92,470.5,438.5
13-04-2024 15:00,38,104,457,576.5
13-04-2024 16:00,35.5,98,429,413
13-04-2024 17:00,33,90,419,179
13-04-2024 18:00,37,101.5,426,586.5
13-04-2024 19:00,38.5,106,434.5,897
13-04-2024 20:00,49,134,439,1397.5
13-04-2024 21:00,43.5,121,451,1618.5
13-04-2024 22:00,52.5,141,437.5,908
13-04-2024 23:00,37,101.5,427.5,650.5
14-04-2024 00:00,53.5,148.5,456.5,919
14-04-2024 01:00,48,131.5,457,975.5
14-04-2024 02:00,35,96,458,911.5
14-04-2024 03:00,34,92.5,454,808.5
14-04-2024 04:00,33.5,90.5,449,953
14-04-2024 05:00,35,96.5,451,928.5
14-04-2024 06:00,36.5,100,445,987
14-04-2024 07:00,39.5,107.5,471,1485
14-04-2024 08:00,60.5,150.5,479.5,1530
14-04-2024 09:00,86.5,190.5,473,1070
14-04-2024 10:00,86,186.5,444,1013.5
14-04-2024 11:00,81,178,449.5,1416.5
14-04-2024 12:00,80.5,177,471,1463.5
14-04-2024 13:00,58,154.5,471,893
14-04-2024 14:00,53,146,442.5,654
14-04-2024 15:00,53.5,147.5,446.5,610
14-04-2024 16:00,43,119,451,758
14-04-2024 17:00,52.5,144.5,449.5,977
14-04-2024 18:00,35,94,464,892
14-04-2024 19:00,39,107.5,455,1404
14-04-2024 20:00,58.5,153.5,471.5,1949
14-04-2024 21:00,72,167.5,506.5,2103
14-04-2024 22:00,62.5,160.5,520.5,2297.5
14-04-2024 23:00,61,159,493,1705.5
15-04-2024 00:00,61.5,159.5,517.5,1881
15-04-2024 01:00,57,154,586.5,2819
15-04-2024 02:00,58,155.5,633,2362.5
15-04-2024 03:00,59.5,157.5,618.5,2100.5
15-04-2024 04:00,59.5,157.5,645,2668.5
15-04-2024 05:00,65.5,161.5,653.5,2967.5
15-04-2024 06:00,102.5,207.5,572.5,1731
15-04-2024 07:00,190,351.5,525.5,1391.5
15-04-2024 08:00,222,409.5,525,1846.5
15-04-2024 09:00,328,515,530.5,1914
15-04-2024 10:00,152.5,294.5,513.5,1356.5
15-04-2024 11:00,86.5,186,460,674.5
15-04-2024 12:00,76,173.5,451,356
15-04-2024 13:00,82.5,176.5,460.5,72
15-04-2024 14:00,79.5,172,448,45
15-04-2024 15:00,88,181,450,181.5
15-04-2024 16:00,64.5,160,443,313.5
15-04-2024 17:00,59,153.5,501,523.5
15-04-2024 18:00,43,116.5,469.5,740.5
15-04-2024 19:00,42.5,116,467.5,982.5
15-04-2024 20:00,53,146.5,513,2042.5
15-04-2024 21:00,71,165.5,688,4217
15-04-2024 22:00,80,172,669.5,4947
15-04-2024 23:00,70.5,164,603,3799.5
16-04-2024 00:00,64.5,160.5,594,2643.5
16-04-2024 01:00,65.5,161,567,2003.5
16-04-2024 02:00,82.5,175.5,517.5,1983
16-04-2024 03:00,82.5,174.5,498.5,1215.5
16-04-2024 04:00,84,177,494.5,935.5
16-04-2024 05:00,104.5,198.5,478,784
16-04-2024 06:00,154,283.5,477.5,775
16-04-2024 07:00,134,246,475.5,810.5
16-04-2024 08:00,139.5,251,480,826
16-04-2024 09:00,129.5,229,468,662.5
16-04-2024 10:00,95.5,188.5,458.5,547
16-04-2024 11:00,77.5,170.5,448,281
16-04-2024 12:00,34.5,95,428,124.5
16-04-2024 13:00,28,76.5,429,44.5
16-04-2024 14:00,27,73.5,426.5,30.5
16-04-2024 15:00,24.5,66.5,419.5,14
16-04-2024 16:00,21,57,419,1
16-04-2024 17:00,16,41.5,423,11
16-04-2024 18:00,14.5,38.5,445.5,199.5
16-04-2024 19:00,14.5,39,449.5,284.5
16-04-2024 20:00,22.5,61.5,434.5,403
16-04-2024 21:00,34.5,95.5,504.5,711
16-04-2024 22:00,29.5,82.5,466,661
16-04-2024 23:00,39,110,453.5,454.5
17-04-2024 00:00,36,103.5,448.5,411
17-04-2024 01:00,42,120.5,454.5,412
17-04-2024 02:00,44,126,467.5,439.5
17-04-2024 03:00,57,154,480.5,469.5
17-04-2024 04:00,68.5,164,489.5,501.5
17-04-2024 05:00,69.5,164.5,466,481
17-04-2024 06:00,78.5,178,435.5,432
17-04-2024 07:00,85.5,187.5,438,474
17-04-2024 08:00,79,176,460.5,713
17-04-2024 09:00,78.5,172,460.5,667.5
17-04-2024 10:00,55,147,427.5,381.5
17-04-2024 11:00,30,80.5,420,40.5
17-04-2024 12:00,19,51.5,425,0
17-04-2024 13:00,18,49,419.5,0
17-04-2024 14:00,20,53.5,421.5,0
17-04-2024 15:00,20.5,56,417.5,0
17-04-2024 16:00,19,51.5,415,0
17-04-2024 17:00,16.5,45,414,0
17-04-2024 18:00,15.5,43.5,427,17
17-04-2024 19:00,19,54,426,103
17-04-2024 20:00,22,60.5,417.5,137
17-04-2024 21:00,26.5,73.5,430.5,227.5
17-04-2024 22:00,25,69.5,437,296.5
17-04-2024 23:00,40,113.5,492.5,607
18-04-2024 00:00,42.5,122,470.5,440.5
18-04-2024 01:00,55.5,154.5,481.5,508
18-04-2024 02:00,50,147,552.5,593
18-04-2024 03:00,36,105.5,536.5,382.5
18-04-2024 04:00,35.5,104,555,421
18-04-2024 05:00,67,166,494,435.5
18-04-2024 06:00,94.5,196,471.5,449
18-04-2024 07:00,108,212,481.5,689
18-04-2024 08:00,115,223,455.5,612.5
18-04-2024 09:00,110,210.5,459,447
18-04-2024 10:00,85.5,179.5,445,319.5
18-04-2024 11:00,52,132.5,450,105.5
18-04-2024 12:00,29,78.5,440.5,22.5
18-04-2024 13:00,22,62,434.5,22.5
18-04-2024 14:00,20.5,55,432.5,119
18-04-2024 15:00,20,52.5,411.5,39
18-04-2024 16:00,16.5,45,406.5,14
18-04-2024 17:00,16,43,409,46.5
18-04-2024 18:00,18,48,433,358
18-04-2024 19:00,24.5,68.5,473.5,1246.5
18-04-2024 20:00,28.5,79,486.5,1169.5
18-04-2024 21:00,24,67,450.5,742.5
18-04-2024 22:00,28,77.5,511,1641.5
18-04-2024 23:00,35.5,99.5,535,2797
19-04-2024 00:00,31.5,86,522,2285
19-04-2024 01:00,32,88,517,2571
19-04-2024 02:00,32.5,91,528,2195.5
19-04-2024 03:00,33,91.5,533.5,2258.5
19-04-2024 04:00,40,110.5,501.5,2061.5
19-04-2024 05:00,40,112,485,1439
19-04-2024 06:00,60.5,160,451,983
19-04-2024 07:00,52,150,449.5,1025.5
19-04-2024 08:00,74,171,454.5,1061
19-04-2024 09:00,90.5,187.5,438.5,947.5
19-04-2024 10:00,56,153,423.5,638
19-04-2024 11:00,37,110,414,478
19-04-2024 12:00,26.5,79,422,351.5
19-04-2024 13:00,21.5,66,417,277.5
19-04-2024 14:00,19,58,419.5,297.5
19-04-2024 15:00,18,55.5,414,252
19-04-2024 16:00,19,56.5,410.5,214.5
19-04-2024 17:00,18,54.5,413,300.5
19-04-2024 18:00,18.5,56,419.5,408.5
19-04-2024 19:00,20,63,414.5,603
19-04-2024 20:00,28,83,452,1066
19-04-2024 21:00,40,113.5,573,1425
19-04-2024 22:00,44.5,134,508.5,1286
19-04-2024 23:00,39.5,138.5,449,816.5
20-04-2024 00:00,39,134,461,689.5
20-04-2024 01:00,49.5,148.5,458.5,730
20-04-2024 02:00,56,157.5,443,633.5
20-04-2024 03:00,68.5,169,454,809.5
20-04-2024 04:00,66.5,165.5,455.5,889
20-04-2024 05:00,47,131.5,450,907.5
20-04-2024 06:00,54,145,460,969
20-04-2024 07:00,97.5,199,467,1006
20-04-2024 08:00,90.5,189,450,714
20-04-2024 09:00,65,162.5,448.5,638
20-04-2024 10:00,59.5,156.5,444.5,435.5
20-04-2024 11:00,45,125.5,434.5,296
20-04-2024 12:00,29,84.5,438,142
20-04-2024 13:00,28.5,87,428.5,76.5
20-04-2024 14:00,20.5,66,418.5,36.5
20-04-2024 15:00,20,60,420.5,51
20-04-2024 16:00,19.5,59.5,418,30
20-04-2024 17:00,18,57.5,420.5,19
20-04-2024 18:00,19.5,60,423.5,100.5
20-04-2024 19:00,19.5,58,420.5,225.5
20-04-2024 20:00,21,59.5,418.5,347
20-04-2024 21:00,31,83.5,442.5,846
20-04-2024 22:00,31,85.5,451.5,784.5
20-04-2024 23:00,38.5,108,451.5,755.5
21-04-2024 00:00,45.5,131.5,447.5,647
21-04-2024 01:00,42,118.5,442,634.5
21-04-2024 02:00,36.5,100.5,435.5,569.5
21-04-2024 03:00,34,94.5,434,597
21-04-2024 04:00,45.5,125,430,656
21-04-2024 05:00,58.5,156,423,549
21-04-2024 06:00,61,158,431.5,591
21-04-2024 07:00,75.5,171,437.5,753.5
21-04-2024 08:00,71.5,164.5,451,1067
21-04-2024 09:00,66.5,161.5,469,972
21-04-2024 10:00,54,148,459,786
21-04-2024 11:00,34,95.5,442.5,279.5
21-04-2024 12:00,25,68.5,455.5,166.5
21-04-2024 13:00,19,50,437.5,135.5
21-04-2024 14:00,16,41.5,424,32
21-04-2024 15:00,16,42,426.5,33
21-04-2024 16:00,15,39,424,14.5
21-04-2024 17:00,15.5,41,430.5,15.5
21-04-2024 18:00,18,48,436,81
21-04-2024 19:00,20.5,55,444,603
21-04-2024 20:00,23.5,64,494.5,1026.5
21-04-2024 21:00,34.5,94,506,1569.5
21-04-2024 22:00,41.5,113.5,534.5,2101
21-04-2024 23:00,40,110,496,1774
22-04-2024 00:00,46.5,129.5,470,1148
22-04-2024 01:00,59.5,152.5,472,1105
22-04-2024 02:00,56,150,459.5,852.5
22-04-2024 03:00,21,63,433.5,534
22-04-2024 04:00,14.5,39,429.5,595
22-04-2024 05:00,21.5,57.5,441,732
22-04-2024 06:00,11.5,28,439,704
22-04-2024 07:00,20.5,56,442,843
22-04-2024 08:00,23,61.5,440.5,968.5
22-04-2024 09:00,54,142,439,762
22-04-2024 10:00,62,160.5,430.5,675.5
22-04-2024 11:00,39,110,420,358
22-04-2024 12:00,30.5,84,407,31
22-04-2024 13:00,22,60.5,426,12
22-04-2024 14:00,19.5,51.5,424,26.5
22-04-2024 15:00,17,45.5,420,29
22-04-2024 16:00,17.5,44,418,14
22-04-2024 17:00,16.5,43,415.5,2
22-04-2024 18:00,16,42.5,419.5,46.5
22-04-2024 19:00,18,47,410,226.5
22-04-2024 20:00,26.5,71.5,456,1020.5
22-04-2024 21:00,35,97.5,521.5,1561.5
22-04-2024 22:00,50,138.5,520,2098.5
22-04-2024 23:00,54.5,150.5,525,2578.5
23-04-2024 00:00,50,139,536,2636.5
23-04-2024 01:00,56.5,152.5,570,2701.5
23-04-2024 02:00,62.5,158,538,1805
23-04-2024 03:00,65.5,161.5,551,1320.5
23-04-2024 04:00,59.5,157,618,2666.5
23-04-2024 05:00,57.5,154.5,626.5,2173.5
23-04-2024 06:00,72,167,621.5,2161
23-04-2024 07:00,97,192,561,2337.5
23-04-2024 08:00,109.5,205.5,509,2348
23-04-2024 09:00,76,171,467,1337.5
23-04-2024 10:00,51,136.5,464.5,911
23-04-2024 11:00,52.5,145,424.5,97.5
23-04-2024 12:00,61.5,158,443,36.5
23-04-2024 13:00,52.5,145.5,475.5,98
23-04-2024 14:00,40,111,440.5,23
23-04-2024 15:00,32,86.5,433,80
23-04-2024 16:00,27,74,425,143
23-04-2024 17:00,26.5,72.5,430,340.5
23-04-2024 18:00,26.5,82.5,420,532.5
23-04-2024 19:00,19.5,53,421,1696
23-04-2024 20:00,26,70.5,451.5,2681
23-04-2024 21:00,30,82.5,444.5,2465.5
23-04-2024 22:00,27,73,466,3398
23-04-2024 23:00,27.5,75.5,491,4444
24-04-2024 00:00,26,70.5,491.5,3829.5
24-04-2024 01:00,25.5,70,556,4534.5
24-04-2024 02:00,28.5,78,559.5,4005
24-04-2024 03:00,50.5,137.5,541,3962
24-04-2024 04:00,76,176,544,3981.5
24-04-2024 05:00,95,196,557,3571
24-04-2024 06:00,113.5,220.5,522.5,3359
24-04-2024 07:00,165,330.5,481,3253
24-04-2024 08:00,167.5,317,466.5,3107.5
24-04-2024 09:00,95.5,192,457.5,1732
24-04-2024 10:00,63.5,159,437,1209.5
24-04-2024 11:00,55.5,152.5,431.5,787
24-04-2024 12:00,51,141.5,430,64.5
24-04-2024 13:00,59,148.5,452,4
24-04-2024 14:00,37,101,417,1
24-04-2024 15:00,24,66,455.5,513
24-04-2024 16:00,15,37.5,443.5,677.5
24-04-2024 17:00,12,30.5,458,1037.5
24-04-2024 18:00,12.5,33.5,480.5,1860
24-04-2024 19:00,23,61.5,485.5,2397
24-04-2024 20:00,22.5,61.5,484.5,2779
24-04-2024 21:00,36,99,519,3567
24-04-2024 22:00,43.5,119.5,495,4458.5
24-04-2024 23:00,48.5,136,538.5,4174
25-04-2024 00:00,50.5,141.5,613.5,4869.5
25-04-2024 01:00,48.5,136,605.5,4496
25-04-2024 02:00,42,116,702.5,4982
25-04-2024 03:00,41,113.5,769.5,5271
25-04-2024 04:00,55.5,147.5,763.5,5181
25-04-2024 05:00,98.5,198,684,4742
25-04-2024 06:00,194,349,547.5,2901.5
25-04-2024 07:00,158.5,275,544.5,3828.5
25-04-2024 08:00,174,300,477.5,3418
25-04-2024 09:00,244,418,467,2053.5
25-04-2024 10:00,163.5,286,507,1689.5
25-04-2024 11:00,92.5,186,456.5,1006.5
25-04-2024 12:00,31.5,86.5,416,153.5
25-04-2024 13:00,22,59.5,411,39.5
25-04-2024 14:00,15.5,41.5,408,22.5
25-04-2024 15:00,14.5,38,407,47.5
25-04-2024 16:00,14.5,38,419,105.5
25-04-2024 17:00,14,36,437.5,136.5
25-04-2024 18:00,14.5,37.5,427.5,276
25-04-2024 19:00,17.5,45,470.5,1164.5
25-04-2024 20:00,28,77.5,618.5,2507
25-04-2024 21:00,38,104,647.5,4805.5
25-04-2024 22:00,52,136.5,548,5140.5
25-04-2024 23:00,68.5,163,508,4327.5
26-04-2024 00:00,53,144,511,3786.5
26-04-2024 01:00,40,109,543.5,3140.5
26-04-2024 02:00,38,103,586.5,3294
26-04-2024 03:00,40,109,617.5,3931
26-04-2024 04:00,38.5,105,619,4740
26-04-2024 05:00,44,120.5,569.5,3794.5
26-04-2024 06:00,65.5,161,525,3407.5
26-04-2024 07:00,91,184,503.5,2331.5
26-04-2024 08:00,108.5,201.5,491,2613.5
26-04-2024 09:00,113.5,206,521.5,1829.5
26-04-2024 10:00,92,184.5,507.5,1114.5
26-04-2024 11:00,65.5,160.5,452,697
26-04-2024 12:00,44.5,122,425,103.5
26-04-2024 13:00,40.5,110.5,420,0
26-04-2024 14:00,31.5,86,423,26
26-04-2024 15:00,25,68.5,432,254.5
26-04-2024 16:00,25.5,69.5,434.5,595
26-04-2024 17:00,23,63,467.5,1209
26-04-2024 18:00,22,62,474,2393
26-04-2024 19:00,21,56,424,2095
26-04-2024 20:00,27,72.5,470.5,3166.5
26-04-2024 21:00,24.5,67,447,2416.5
26-04-2024 22:00,27.5,75,474,2684.5
26-04-2024 23:00,32,88.5,473,2980.5
27-04-2024 00:00,25.5,69,474,2981.5
27-04-2024 01:00,24.5,67,469,2635
27-04-2024 02:00,26.5,73,473,2799.5
27-04-2024 03:00,30.5,84,459.5,3125
27-04-2024 04:00,35,94.5,460.5,3198
27-04-2024 05:00,32,88.5,467.5,3459
27-04-2024 06:00,29.5,81.5,480.5,3549.5
27-04-2024 07:00,32.5,89.5,444.5,2814
27-04-2024 08:00,38.5,108.5,434,2347
27-04-2024 09:00,60,160,437.5,2153
27-04-2024 10:00,55,153.5,442.5,1887
27-04-2024 11:00,46.5,132.5,450,1732
27-04-2024 12:00,49,136,421.5,1208
27-04-2024 13:00,31,85.5,407.5,256
27-04-2024 14:00,26.5,76,405.5,83.5
27-04-2024 15:00,23.5,67,404.5,226.5
27-04-2024 16:00,25,74.5,405.5,160.5
27-04-2024 17:00,25.5,76.5,404,158
27-04-2024 18:00,25.5,75,417,395
27-04-2024 19:00,24.5,73,450,1624.5
27-04-2024 20:00,28,79.5,523.5,2847
27-04-2024 21:00,37.5,102.5,488,3698
27-04-2024 22:00,38,105.5,460.5,3302.5
27-04-2024 23:00,38.5,107.5,442,2497.5
28-04-2024 00:00,25.5,70.5,436,2169
28-04-2024 01:00,22,61,486,3354
28-04-2024 02:00,22,61.5,499,3032.5
28-04-2024 03:00,23.5,65,530,3578.5
28-04-2024 04:00,25,68,554,4061.5
28-04-2024 05:00,27.5,74,551,4202
28-04-2024 06:00,37,102,458,3436
28-04-2024 07:00,41,113,448,3296.5
28-04-2024 08:00,41.5,115,444.5,3760.5
28-04-2024 09:00,41.5,116,469.5,3161
28-04-2024 10:00,43,118.5,469.5,1222
28-04-2024 11:00,45.5,125,443.5,1008.5
28-04-2024 12:00,38,104.5,442,613
28-04-2024 13:00,31.5,86.5,453.5,258.5
28-04-2024 14:00,26,71.5,441,154.5
28-04-2024 15:00,23,63.5,423.5,58
28-04-2024 16:00,21.5,60.5,420.5,18
28-04-2024 17:00,22,60,428,72.5
28-04-2024 18:00,21,58,484.5,584.5
28-04-2024 19:00,24,66.5,432,550.5
28-04-2024 20:00,34.5,96,635.5,2138.5
28-04-2024 21:00,38.5,106.5,545,2831.5
28-04-2024 22:00,41.5,112.5,491,2757.5
28-04-2024 23:00,47,132,487.5,2728.5
29-04-2024 00:00,50.5,143,495.5,2801
29-04-2024 01:00,51.5,142.5,521,3054.5
29-04-2024 02:00,52,145,529.5,2682
29-04-2024 03:00,52,145,519.5,2576
29-04-2024 04:00,53,146.5,469,2243
29-04-2024 05:00,45.5,125,471.5,2170.5
29-04-2024 06:00,46,126,489.5,2291.5
29-04-2024 07:00,70,165.5,503,2736.5
29-04-2024 08:00,100,195,483,2206
29-04-2024 09:00,123.5,219.5,466.5,1184.5
29-04-2024 10:00,73.5,167.5,450.5,867.5
29-04-2024 11:00,44.5,123.5,435.5,491.5
29-04-2024 12:00,40,108.5,459.5,157
29-04-2024 13:00,39,108.5,458,3
29-04-2024 14:00,43,116,456.5,13.5
29-04-2024 15:00,42,115,467.5,79
29-04-2024 16:00,37,104.5,454.5,201.5
29-04-2024 17:00,23,65,448,773.5
29-04-2024 18:00,22,61.5,420.5,1280
29-04-2024 19:00,25.5,71.5,425,1720
29-04-2024 20:00,26.5,73,418,2205.5
29-04-2024 21:00,28.5,77.5,426.5,2228.5
29-04-2024 22:00,24,67,435.5,2141
29-04-2024 23:00,22,60,436.5,2212.5
30-04-2024 00:00,25.5,70,440,2367
30-04-2024 01:00,30,81.5,449,2053.5
30-04-2024 02:00,31,86,451,1991
30-04-2024 03:00,52.5,139,457.5,2101
30-04-2024 04:00,81,175.5,446,2086
30-04-2024 05:00,69.5,165.5,451,2194
30-04-2024 06:00,75.5,171,474,2482.5
30-04-2024 07:00,79,173,485.5,3202
30-04-2024 08:00,117,221,472.5,3430.5
30-04-2024 09:00,112,208.5,473,2338
30-04-2024 10:00,57.5,152,451.5,1352.5
30-04-2024 11:00,44,121.5,447.5,337.5
30-04-2024 12:00,25,72,448,184
30-04-2024 13:00,23,67.5,453.5,154
30-04-2024 14:00,22,63.5,444,127
30-04-2024 15:00,21.5,62,441.5,58
30-04-2024 16:00,21,59,425.5,13
30-04-2024 17:00,21,58.5,436.5,62.5
30-04-2024 18:00,35.5,88,431,320.5
30-04-2024 19:00,27.5,75.5,440,411.5
30-04-2024 20:00,31.5,86,466,1909.5
30-04-2024 21:00,35,96,614.5,4124.5
30-04-2024 22:00,44.5,122.5,577.5,4529
30-04-2024 23:00,56.5,153.5,566,5479.5
