CreatedDate,pm25_1201240075,pm10_1201240075,co2_1201240075,voc_1201240075,temperature_1201240075,humidity_1201240075
01-04-2024 01:00,28,79,435.5,173.5,25,49
01-04-2024 02:00,28,79.5,428.5,164.5,25,49
01-04-2024 03:00,28,78.5,421,153,25,49
01-04-2024 04:00,27.5,76,414.5,146.5,25,49
01-04-2024 05:00,27,74.5,410,150,25,49
01-04-2024 06:00,27,74,409,149.5,25,49
01-04-2024 07:00,26.5,72.5,410,148,25,49.5
01-04-2024 08:00,26,70.5,412.5,151,25,49.5
01-04-2024 09:00,22,59,429,101.5,25,47.5
01-04-2024 10:00,16,41,458,81,24,46.5
01-04-2024 11:00,13.5,35,521,109.5,24,45
01-04-2024 12:00,14,36,633,144.5,24,44
01-04-2024 13:00,14.5,37,762,185,24,44
01-04-2024 14:00,13,32.5,836.5,209.5,24,43
01-04-2024 15:00,11,27,872,228.5,24,43
01-04-2024 16:00,10,25,948,242.5,24,43
01-04-2024 17:00,10,26,944,245.5,24,42.5
01-04-2024 18:00,17.5,45.5,943,237.5,24,42
01-04-2024 19:00,19.5,53,954,289.5,24,43
01-04-2024 20:00,11.5,30.5,907.5,322,23.5,43
01-04-2024 21:00,13.5,34.5,884.5,374,24,43
01-04-2024 22:00,18,48.5,875,401.5,24,44
01-04-2024 23:00,21,56,841,410.5,24,44
02-04-2024 00:00,21.5,59.5,784,407,24,44
02-04-2024 01:00,23,63.5,736,399,24,44
02-04-2024 02:00,23.5,65,695,406.5,24,44
02-04-2024 03:00,26,70.5,658,386.5,24,44
02-04-2024 04:00,28.5,77.5,615.5,381,24,44
02-04-2024 05:00,31,87,580,365.5,24,44
02-04-2024 06:00,36,101.5,548,338.5,24,44
02-04-2024 07:00,44.5,125.5,521.5,305.5,24,44
02-04-2024 08:00,53.5,148,503.5,263.5,24,44
02-04-2024 09:00,31.5,88.5,501,179,24,43
02-04-2024 10:00,22,60,504,164,23.5,42
02-04-2024 11:00,18,47.5,558.5,164,24,42
02-04-2024 12:00,15,38,674.5,178,24,44.5
02-04-2024 13:00,14.5,38.5,783,182,24,45
02-04-2024 14:00,15,39,863.5,204.5,24,45
02-04-2024 15:00,12,30,917,209,24,45
02-04-2024 16:00,11,27.5,962,213,24,45
02-04-2024 17:00,11.5,28,967.5,187.5,24,45
02-04-2024 18:00,15,40,978.5,193.5,24,45
02-04-2024 19:00,12.5,32,984.5,223,24,45
02-04-2024 20:00,8.5,21,978.5,253.5,24,44.5
02-04-2024 21:00,9.5,22.5,966.5,331.5,24,44.5
02-04-2024 22:00,13.5,35,945,320,24,44
02-04-2024 23:00,21.5,58.5,940.5,331,24,45
03-04-2024 00:00,28.5,78.5,893,324.5,24,45
03-04-2024 01:00,33.5,94,848,323,24,45
03-04-2024 02:00,36,101,785.5,300.5,24,45
03-04-2024 03:00,36,103,714.5,264,24,44.5
03-04-2024 04:00,36,100.5,665,254.5,24,45
03-04-2024 05:00,34.5,98,619,259.5,24,44
03-04-2024 06:00,33.5,94,586,273,24,44
03-04-2024 07:00,32,90.5,557.5,280,24,44
03-04-2024 08:00,31.5,89,546.5,287,24,44
03-04-2024 09:00,26,71.5,560.5,245.5,24,43.5
03-04-2024 10:00,20,54.5,575,252.5,23.5,43
03-04-2024 11:00,17.5,46.5,650.5,245.5,23,43
03-04-2024 12:00,16.5,43,741.5,212,23,43.5
03-04-2024 13:00,13,33.5,792,158,24,44
03-04-2024 14:00,9.5,22,808.5,134.5,24,44
03-04-2024 15:00,7.5,17.5,833,133.5,24,43
03-04-2024 16:00,5.5,13,868,128,24,42.5
03-04-2024 17:00,6,14,883,138.5,24,42
03-04-2024 18:00,7.5,17.5,899.5,159,24,42
03-04-2024 19:00,8,19,864,149,23,42
03-04-2024 20:00,7,16,794.5,165,23,42
03-04-2024 21:00,9,21.5,789.5,230,23.5,42
03-04-2024 22:00,18,49,760.5,237,24,42.5
03-04-2024 23:00,24.5,67,700,233,24,42.5
04-04-2024 00:00,29.5,83,686,278.5,24,43
04-04-2024 01:00,38,105,674,360,24,43
04-04-2024 02:00,41,114,664,415.5,24,43
04-04-2024 03:00,41,115,642.5,428,24,43
04-04-2024 04:00,40.5,112,612,415.5,24,43
04-04-2024 05:00,37,103.5,582.5,392.5,24,43
04-04-2024 06:00,33.5,94,560,384.5,24,43
04-04-2024 07:00,30,85,546,391,24,43
04-04-2024 08:00,28,78,532,370.5,24,43
04-04-2024 09:00,23.5,64,513.5,261.5,24,43
04-04-2024 10:00,18.5,49,537,264,23.5,42
04-04-2024 11:00,14.5,37.5,578.5,213.5,23,42
04-04-2024 12:00,13,32,683,169.5,23,42
04-04-2024 13:00,10,25,779.5,153.5,23,42
04-04-2024 14:00,13,33,805.5,135,23,41.5
04-04-2024 15:00,16,43,827.5,130.5,23,41.5
04-04-2024 16:00,16,42,900.5,128.5,23,42
04-04-2024 17:00,16.5,44,917.5,134,23,42
04-04-2024 18:00,15,39.5,873.5,148,23,41.5
04-04-2024 19:00,15.5,41.5,872.5,176,23,42
04-04-2024 20:00,11.5,28.5,809.5,184.5,23,42
04-04-2024 21:00,12,29.5,814,231,23,42
04-04-2024 22:00,16,42,837,261,23,42.5
04-04-2024 23:00,20.5,55,775.5,265,23,43
05-04-2024 00:00,23,63,726,231,24,43
05-04-2024 01:00,27,73,693,208,24,43
05-04-2024 02:00,28.5,82,656,214.5,24,43
05-04-2024 03:00,31.5,89,628,240,24,43
05-04-2024 04:00,32,90,603.5,260.5,24,43
05-04-2024 05:00,31.5,88.5,585.5,282,24,43
05-04-2024 06:00,30.5,85.5,567.5,296,24,43
05-04-2024 07:00,29,83.5,560,305,24,43
05-04-2024 08:00,30.5,85.5,551,308.5,24,43
05-04-2024 09:00,27,75.5,536.5,243,23.5,43
05-04-2024 10:00,21.5,57.5,553,241.5,23,43
05-04-2024 11:00,22.5,61,582,196,23,43
05-04-2024 12:00,22,59.5,620,148,23,43
05-04-2024 13:00,17,45,658,103,23,43.5
05-04-2024 14:00,18,48,717,126.5,23,43
05-04-2024 15:00,27,74.5,750.5,157.5,23,43
05-04-2024 16:00,39.5,109.5,778.5,200,23,43
05-04-2024 17:00,25,68,812,284,23.5,43
05-04-2024 18:00,15.5,41.5,829.5,269.5,24,42.5
05-04-2024 19:00,11,28.5,795,223,24,42
05-04-2024 20:00,9,22.5,727.5,175,24,42
05-04-2024 21:00,9,23.5,692,180.5,24,42.5
05-04-2024 22:00,12.5,30,679,196.5,24,43
05-04-2024 23:00,19,49,654.5,207.5,24,43
06-04-2024 00:00,46,124,647,272.5,24,43
06-04-2024 01:00,78,174.5,647.5,380.5,24,43
06-04-2024 02:00,88,186.5,638.5,461,24,43
06-04-2024 03:00,90.5,189.5,629.5,522.5,24,43
06-04-2024 04:00,87.5,185.5,619,546.5,24,43
06-04-2024 05:00,82.5,180,612.5,565.5,24,43
06-04-2024 06:00,76,172.5,607,575.5,24,43
06-04-2024 07:00,68.5,165.5,594,546.5,24,43
06-04-2024 08:00,62.5,160.5,584.5,508,24,43
06-04-2024 09:00,58.5,156.5,580.5,462.5,24,43
06-04-2024 10:00,51.5,141.5,557,386.5,24,43
06-04-2024 11:00,36,101,527.5,284.5,24,43
06-04-2024 12:00,28.5,78.5,526,249,24,43.5
06-04-2024 13:00,22,61,508,149,24,42.5
06-04-2024 14:00,19,49,496,116,24,42
06-04-2024 15:00,17.5,46.5,483,84.5,24,42
06-04-2024 16:00,16,43.5,487,82.5,24,42
06-04-2024 17:00,18.5,48,471.5,76,24,41
06-04-2024 18:00,17,43.5,466.5,138,24,41.5
06-04-2024 19:00,14.5,38,457,143,24,41.5
06-04-2024 20:00,14,37,453.5,197.5,24,42
06-04-2024 21:00,13.5,36,448.5,210.5,24,42
06-04-2024 22:00,18.5,48.5,443,236,24,42.5
06-04-2024 23:00,39,107,447.5,303.5,24,43
07-04-2024 00:00,71.5,169.5,473.5,448.5,24,43
07-04-2024 01:00,105,207,501,618,24,44
07-04-2024 02:00,125,229,511.5,725,24,44
07-04-2024 03:00,127,230,513.5,784.5,24,44
07-04-2024 04:00,116.5,219.5,512.5,815.5,24,44
07-04-2024 05:00,103.5,206,506.5,819,24,44
07-04-2024 06:00,93.5,193.5,498,803,24,44
07-04-2024 07:00,83.5,182,494,770,24,45
07-04-2024 08:00,75.5,172,488,752.5,24,44.5
07-04-2024 09:00,69,166,484,754.5,24,44.5
07-04-2024 10:00,65.5,163,494,747,24,44
07-04-2024 11:00,63.5,161,500,741.5,24,44
07-04-2024 12:00,60,157.5,493,702,24,44
07-04-2024 13:00,51.5,144,472,537,24,44
07-04-2024 14:00,43.5,121.5,448.5,397.5,24,43.5
07-04-2024 15:00,31.5,89.5,412.5,183.5,24,41.5
07-04-2024 16:00,29,82.5,427,201,24,43
07-04-2024 17:00,28,79,419.5,229,24,45
07-04-2024 18:00,26.5,73,419.5,238.5,24,45
07-04-2024 19:00,24.5,68,415.5,236,24,44.5
07-04-2024 20:00,23.5,65.5,402,206,24,44
07-04-2024 21:00,24,65.5,396.5,190,24,43
07-04-2024 22:00,28.5,78.5,396,208.5,24,43
07-04-2024 23:00,49.5,136,415.5,328,24,42
08-04-2024 00:00,63.5,161.5,448,518,24,42
08-04-2024 01:00,65.5,163.5,475.5,664,24,42
08-04-2024 02:00,64.5,162.5,485.5,707.5,24,42
08-04-2024 03:00,61,159,481.5,681,24,41.5
08-04-2024 04:00,57.5,154.5,476,518,24,42
08-04-2024 05:00,54,149,474,557,24,42
08-04-2024 06:00,49,135.5,471,557,24,42
08-04-2024 07:00,44.5,124,469,549.5,24,42
08-04-2024 08:00,42,118.5,467,494.5,24,41.5
08-04-2024 09:00,36.5,102,461.5,325.5,24,40.5
08-04-2024 10:00,32,90,485,292,24,40.5
08-04-2024 11:00,29.5,83,541.5,252,24,41
08-04-2024 12:00,26,70.5,643,212.5,24,41
08-04-2024 13:00,21,56,715.5,164,24,41
08-04-2024 14:00,17,45,742.5,135,23,40.5
08-04-2024 15:00,14.5,37.5,792.5,122,23,40
08-04-2024 16:00,13,34,846,129,23,40
08-04-2024 17:00,13,33.5,841.5,102.5,24,40
08-04-2024 18:00,12,30.5,811,93.5,24,39.5
08-04-2024 19:00,11,27.5,796.5,113.5,23,39
08-04-2024 20:00,11,26.5,765.5,158.5,23,40
08-04-2024 21:00,13,33,751,214.5,23.5,40
08-04-2024 22:00,17,44,734.5,243,24,40
08-04-2024 23:00,23,62.5,706.5,242.5,24,40
09-04-2024 00:00,32.5,90.5,671,254,24,40
09-04-2024 01:00,41,115,642,286,24,40
09-04-2024 02:00,43,120.5,609,311,24,40
09-04-2024 03:00,41.5,117.5,583,336,24,40
09-04-2024 04:00,40.5,114,564,363,24,40
09-04-2024 05:00,39,109,549.5,399.5,24,41
09-04-2024 06:00,37.5,105.5,545.5,438.5,24,41
09-04-2024 07:00,35.5,100.5,549,495,24,41
09-04-2024 08:00,34.5,97,553,541.5,24,41
09-04-2024 09:00,31,86.5,543,415,24,40
09-04-2024 10:00,28,78.5,548.5,400.5,23,40
09-04-2024 11:00,26,69.5,607,380,23,40
09-04-2024 12:00,21.5,57.5,701,313.5,23,40
09-04-2024 13:00,16,41,757.5,237,23,40
09-04-2024 14:00,13.5,33.5,748.5,162,23,40
09-04-2024 15:00,13,34,823,142.5,23,40
09-04-2024 16:00,18,47,901.5,147.5,23,41
09-04-2024 17:00,17,45.5,912,157,22,41
09-04-2024 18:00,14,35.5,832,145.5,22,40
09-04-2024 19:00,13,34.5,817,172.5,22,40
09-04-2024 20:00,13.5,34.5,773.5,203.5,22,40
09-04-2024 21:00,14,36,753,254.5,22,40
09-04-2024 22:00,20,52.5,734,322,22,40
09-04-2024 23:00,21,57,721,308,22,40
15-04-2024 19:00,21,57.5,1028.5,406,22,49
15-04-2024 20:00,20,54,1019,351.5,22,48
15-04-2024 21:00,20,53.5,995,363.5,23,47.5
15-04-2024 22:00,26.5,72.5,898,337,23,47
15-04-2024 23:00,33,93,789.5,320,23,47
16-04-2024 00:00,39,108.5,684,276,23,47.5
16-04-2024 01:00,40,113,621.5,248,23,47
16-04-2024 02:00,42.5,120,586,247,23,48
16-04-2024 03:00,45,125,568,269,23,47.5
16-04-2024 04:00,47.5,132,556.5,297.5,23,47.5
16-04-2024 05:00,50,139.5,543,314.5,24,48
16-04-2024 06:00,50,139,533.5,329,24,48
16-04-2024 07:00,48,132,539.5,388.5,24,47.5
16-04-2024 08:00,44,121.5,560.5,462,24,47
16-04-2024 09:00,31.5,89.5,618.5,548.5,23.5,47
16-04-2024 10:00,26.5,73,607,467,23,46
16-04-2024 11:00,24.5,67.5,651.5,398,23,46.5
16-04-2024 12:00,23.5,63.5,743.5,342,23,47
16-04-2024 13:00,20.5,55.5,829,284.5,23,47
16-04-2024 14:00,17,44.5,898,277.5,23,47
16-04-2024 15:00,16,41.5,971,248,23,47
16-04-2024 16:00,15.5,41,1041.5,270,23,46.5
16-04-2024 17:00,14.5,37.5,1060.5,287.5,23,46
16-04-2024 18:00,11,28,1067,283.5,23,46
16-04-2024 19:00,8.5,20,1042.5,279,23,46
16-04-2024 20:00,9.5,24,1018,200.5,22.5,46
16-04-2024 21:00,9,23,994,236,22.5,46
16-04-2024 22:00,11,26.5,963.5,276.5,23,46
16-04-2024 23:00,10,25,939.5,298,23,46
17-04-2024 00:00,10.5,26,912.5,296,23,46
17-04-2024 01:00,12,30,875,300,23,46
17-04-2024 02:00,13,33.5,850,316.5,23,46
17-04-2024 03:00,15.5,40,809.5,313.5,23,46
17-04-2024 04:00,18.5,48.5,768,305,23,46
17-04-2024 05:00,21,56.5,718,283,23,46
17-04-2024 06:00,22.5,62.5,670,250,23,46
17-04-2024 07:00,25,68.5,626.5,223.5,23,46
17-04-2024 08:00,27.5,77.5,592,188,23,46
17-04-2024 09:00,24,65.5,542.5,112,23,46
17-04-2024 10:00,21.5,58.5,521,139,23,46
17-04-2024 11:00,20.5,55.5,555,146.5,23,46
17-04-2024 12:00,14,35.5,634,152.5,23,45.5
17-04-2024 13:00,9.5,23,690,140,23,45
17-04-2024 14:00,10,25,717,118.5,23,45
17-04-2024 15:00,15.5,40.5,764,112,23,45
17-04-2024 16:00,18.5,48,814.5,127.5,23,45
17-04-2024 17:00,13.5,34,849,136.5,23,45
17-04-2024 18:00,10.5,26,850.5,138.5,23,44
17-04-2024 19:00,8.5,20.5,871.5,160,23,44
17-04-2024 20:00,6.5,14.5,860,175.5,23,44
17-04-2024 21:00,7,16,852,221,23,44
17-04-2024 22:00,9,22.5,826.5,266.5,23,44
17-04-2024 23:00,9.5,24.5,751,258,23,44
18-04-2024 00:00,11,27.5,686.5,250.5,23,44
18-04-2024 01:00,12,30,632,199,23,44
18-04-2024 02:00,11.5,29,621.5,196,23,44
18-04-2024 03:00,11,27.5,633.5,247.5,23,44
18-04-2024 04:00,11,27.5,641.5,295.5,23,44
18-04-2024 05:00,11,29,648,344,23,44
18-04-2024 06:00,12,30.5,652.5,386,23,44
18-04-2024 07:00,12.5,32.5,656.5,408,23,44
18-04-2024 08:00,13,34.5,648,418.5,23.5,44
18-04-2024 09:00,13,34,604,310.5,23,44
18-04-2024 10:00,10,24,587,291,23,44
18-04-2024 11:00,9,23.5,639,292,23,44
18-04-2024 12:00,10,24.5,755.5,275,23,44
18-04-2024 13:00,10,24.5,867.5,265,23,44
18-04-2024 14:00,14,36.5,942.5,278.5,23,44.5
18-04-2024 15:00,12.5,30.5,1004.5,300,23,45
18-04-2024 16:00,11.5,29,1054,272.5,23,45
18-04-2024 17:00,7.5,19.5,1082,255.5,23,45
18-04-2024 18:00,7,16,1117,255.5,23,45
18-04-2024 19:00,6.5,14,1110.5,277,23,45
18-04-2024 20:00,7,16,1039,285,23,45
18-04-2024 21:00,16,42.5,974.5,309.5,23.5,45
18-04-2024 22:00,21.5,60.5,846.5,266,23,44
18-04-2024 23:00,21.5,58,717.5,193,23,44
19-04-2024 00:00,21,56,635,147,23,44
19-04-2024 01:00,19.5,51.5,571,105,23,44
19-04-2024 02:00,18.5,48.5,523,91,23,44
19-04-2024 03:00,18,46.5,496.5,119,23.5,44
19-04-2024 04:00,18.5,49.5,474,183.5,24,44
19-04-2024 05:00,19,50.5,468.5,205.5,23.5,44
19-04-2024 06:00,18,47,474,256,24,44
19-04-2024 07:00,18.5,48,477,309.5,24,44
19-04-2024 08:00,20,53.5,472,340,24,44
19-04-2024 09:00,14,36.5,522,515,23,44.5
19-04-2024 10:00,11.5,28,531.5,545.5,23,45
19-04-2024 11:00,11,28.5,581.5,521.5,23,45
19-04-2024 12:00,8.5,20.5,668.5,486.5,23,45
19-04-2024 13:00,7.5,17.5,753,483.5,23,45
19-04-2024 14:00,8,17,817,473,23,45
19-04-2024 15:00,9,21,891.5,479,23,45
19-04-2024 16:00,6.5,16,931.5,461.5,23,45
19-04-2024 17:00,6.5,15,965,470,23,45
19-04-2024 18:00,6,14.5,992.5,463,23,45
19-04-2024 19:00,5.5,12.5,958,490.5,23,45
19-04-2024 20:00,5,12,882,451.5,23,45
19-04-2024 21:00,7.5,17.5,783,453.5,23,45
19-04-2024 22:00,13,35,643,372.5,23,44
19-04-2024 23:00,16,45,578.5,321.5,23,44
20-04-2024 00:00,19,54.5,539,276.5,23,43.5
20-04-2024 01:00,21.5,64.5,505,233.5,23,43
20-04-2024 02:00,22,67.5,478.5,202,23,43
20-04-2024 03:00,23.5,68,463.5,206,23,43
20-04-2024 04:00,26,77.5,454.5,222,23,43
20-04-2024 05:00,28.5,86.5,450.5,255,23,44
20-04-2024 06:00,29.5,86.5,446.5,272.5,23,44
20-04-2024 07:00,29.5,86,445,297,23,44
20-04-2024 08:00,28.5,82.5,461.5,369.5,23.5,44
20-04-2024 09:00,28,80.5,488,462.5,24,44.5
20-04-2024 10:00,28,81,501,500.5,24,45
20-04-2024 11:00,22.5,61,515.5,546,23.5,46
20-04-2024 12:00,18.5,49,537,531.5,23,46
20-04-2024 13:00,14.5,36,558,487,23,47
20-04-2024 14:00,10.5,25.5,578,428.5,23,46.5
20-04-2024 15:00,7.5,20,586.5,378.5,23,46
20-04-2024 16:00,7,16,594,368,22,46
20-04-2024 17:00,7,16,583,356.5,22,46
20-04-2024 18:00,7,17,560,320.5,22,46
20-04-2024 19:00,6.5,16,532,298,22,46
20-04-2024 20:00,5.5,13.5,506,284,22,46
20-04-2024 21:00,6.5,14.5,488.5,278.5,22.5,45.5
20-04-2024 22:00,9,21.5,469.5,274,23,45
20-04-2024 23:00,12,29.5,450.5,261,23,45
21-04-2024 00:00,14.5,38.5,437,238.5,23,45
21-04-2024 01:00,16,42.5,429.5,194.5,23,45
21-04-2024 02:00,16.5,43.5,431,213.5,23,45
21-04-2024 03:00,18,47.5,425,252,23,45
21-04-2024 04:00,20.5,54.5,431,300,23,45
21-04-2024 05:00,21,56.5,441,342.5,23,45
21-04-2024 06:00,21,57,444.5,388,24,45
21-04-2024 07:00,21,57,445.5,418,24,45
21-04-2024 08:00,21.5,60,452.5,440.5,24,45
21-04-2024 09:00,22.5,61,458,443.5,24,45
21-04-2024 10:00,23.5,64.5,458,450.5,24,45
21-04-2024 11:00,28.5,79.5,436.5,395,24,46
21-04-2024 12:00,28.5,79.5,414.5,357,24,46
21-04-2024 13:00,25.5,69.5,404.5,333,24,46
21-04-2024 14:00,22,61,388,296.5,24,46
21-04-2024 15:00,20,53,390.5,273,24,46
21-04-2024 16:00,17.5,46.5,388.5,260,24,46
21-04-2024 17:00,16,42.5,382.5,223.5,24,46
21-04-2024 18:00,16,43,396,202.5,24,46
21-04-2024 19:00,16,42,386.5,186.5,24,46
21-04-2024 20:00,16,41.5,398,173,24,45
21-04-2024 21:00,17.5,46,396.5,173.5,24,45
21-04-2024 22:00,20,53,394,182,24,44.5
21-04-2024 23:00,21.5,59,396.5,197,24,44
22-04-2024 00:00,22.5,63,400.5,223.5,24,44
22-04-2024 01:00,24,65,402,233.5,24,44
22-04-2024 02:00,25,68,404,220.5,24,44
22-04-2024 03:00,25,69,414,258.5,24,44
22-04-2024 04:00,25,68.5,435,311,24,44
22-04-2024 05:00,23.5,64.5,445,335.5,24,44.5
22-04-2024 06:00,21.5,59.5,447.5,336.5,24,45
22-04-2024 07:00,20.5,55,449.5,335,24,45
22-04-2024 08:00,18.5,49,449,363.5,24,45
22-04-2024 09:00,11.5,29,463.5,331,24,43.5
22-04-2024 10:00,8,19,481.5,299.5,23.5,43
22-04-2024 11:00,7,17,555.5,310.5,24,43
22-04-2024 12:00,5,12,698,323.5,24,42.5
22-04-2024 13:00,5,11,830.5,326,24,43
22-04-2024 14:00,5.5,11.5,932,320,24,44
22-04-2024 15:00,5.5,13,938.5,279,24,44
22-04-2024 16:00,4.5,9.5,961.5,244.5,24,44
22-04-2024 17:00,3.5,7.5,985,254,24,43.5
22-04-2024 18:00,3,5.5,980.5,267.5,24,43
22-04-2024 19:00,3,5.5,971.5,244,24,43
22-04-2024 20:00,3,6,968.5,274.5,23,43
22-04-2024 21:00,4,9,943.5,292.5,24,43
22-04-2024 22:00,12.5,31.5,840,275.5,24,43
22-04-2024 23:00,17,44.5,743.5,248.5,24,43
23-04-2024 00:00,18.5,48.5,672.5,222.5,24,43
23-04-2024 01:00,20,52.5,622.5,202,24,43
23-04-2024 02:00,23,63,583,192.5,24,42
23-04-2024 03:00,26,71.5,559,141,24,42
23-04-2024 04:00,28,77,546,159,24,43
23-04-2024 05:00,26.5,72.5,553,230,24,43
23-04-2024 06:00,25,68,553.5,266,24,43
23-04-2024 07:00,23.5,64,552,281,24,43
23-04-2024 08:00,22,61.5,540,268.5,24,43
23-04-2024 09:00,17,43.5,586.5,354.5,24,43.5
23-04-2024 10:00,12,30.5,598.5,331,23,43
23-04-2024 11:00,10.5,26.5,672.5,308,23,43
23-04-2024 12:00,11.5,28.5,811,308.5,24,43
23-04-2024 13:00,10.5,26,910,254,23,42
23-04-2024 14:00,11,27.5,942,210.5,23.5,42
23-04-2024 15:00,12.5,33.5,995.5,186.5,24,42
23-04-2024 16:00,12,31.5,1043.5,184,24,42
23-04-2024 17:00,11,30,1054,189,24,43
23-04-2024 18:00,9.5,23.5,1063,173,24,43
23-04-2024 19:00,8.5,22,979.5,141,23.5,43.5
23-04-2024 20:00,10,23,932.5,149.5,23,44.5
23-04-2024 21:00,15.5,39.5,946.5,201.5,23,44.5
23-04-2024 22:00,17,45,948,293,24,44.5
23-04-2024 23:00,17,46,925,376.5,24,45
24-04-2024 00:00,18,48,891.5,399.5,24,45
24-04-2024 01:00,19,49.5,870.5,403.5,24,45
24-04-2024 02:00,19,51.5,858.5,430,24,45
24-04-2024 03:00,19,50,846,448.5,24,45
24-04-2024 04:00,19.5,52.5,824.5,379.5,24,45
24-04-2024 05:00,20,53,800.5,409.5,24,45
24-04-2024 06:00,20.5,55.5,774,401,24,45
24-04-2024 07:00,21,57,752.5,404,24,45
24-04-2024 08:00,22,59.5,727.5,351,24,45
24-04-2024 09:00,20,54.5,681,262,23.5,44.5
24-04-2024 10:00,14.5,38,649.5,214.5,23,43
24-04-2024 11:00,12,30,688,181.5,23,42.5
24-04-2024 12:00,11,27.5,778,169.5,23,43.5
24-04-2024 13:00,9.5,24,883,163,23,45
24-04-2024 14:00,9.5,23.5,945,141.5,23,45
24-04-2024 15:00,8.5,21.5,1002,128,24,44.5
24-04-2024 16:00,5.5,12.5,1026,123,24,44
24-04-2024 17:00,4.5,9.5,1056,124,24,44
24-04-2024 18:00,4,7.5,1061,129,24,44
24-04-2024 19:00,3,6,1029.5,119.5,24,44
24-04-2024 20:00,3,6,978,125,23.5,44
24-04-2024 21:00,5,10.5,911.5,128,23.5,44
24-04-2024 22:00,12.5,31,821,120,24,43
24-04-2024 23:00,17.5,46.5,737.5,118.5,24,43
25-04-2024 00:00,22,60.5,664,92,24,43
25-04-2024 01:00,25,68.5,615,81.5,24,43
25-04-2024 02:00,26.5,72.5,583,82,24,43
25-04-2024 03:00,27.5,74.5,561,87,24,43
25-04-2024 04:00,28.5,80.5,546,100.5,24,43
25-04-2024 05:00,30.5,86.5,537,118.5,24,43
25-04-2024 06:00,32.5,91,539,148.5,24,43
25-04-2024 07:00,33,92.5,550,180.5,24,43
25-04-2024 08:00,33,92,566.5,211.5,24,43
25-04-2024 09:00,28,76.5,661.5,318,24,44
25-04-2024 10:00,27,73,647,292.5,23,44
25-04-2024 11:00,23,63,679.5,261.5,23,44
25-04-2024 12:00,19.5,51.5,756.5,214.5,24,44
25-04-2024 13:00,13,34,833,156.5,24,43.5
25-04-2024 14:00,9.5,23,887.5,119,24,43
25-04-2024 15:00,8,19,948.5,139.5,24,43
25-04-2024 16:00,5.5,13.5,990.5,134,24,43
25-04-2024 17:00,5,11.5,1021.5,143.5,24,43
25-04-2024 18:00,4.5,10,1017.5,142,24,42
25-04-2024 19:00,3.5,6.5,1008,141,24,41.5
25-04-2024 20:00,4,8,934.5,130.5,23.5,42
25-04-2024 21:00,5,10.5,867.5,144,23.5,42
25-04-2024 22:00,10.5,26.5,818.5,160.5,24,41.5
25-04-2024 23:00,18.5,50.5,715,157,24,41
26-04-2024 00:00,24,65,653.5,150.5,24,41
26-04-2024 01:00,25.5,69,617,136,24,41
26-04-2024 02:00,25.5,70,590,128,24,41
26-04-2024 03:00,26,71,563,122.5,24,41
26-04-2024 04:00,27,72,545.5,130,24,41
26-04-2024 05:00,27,73,537,138,24,41
26-04-2024 06:00,26,71,522.5,141,24,41
26-04-2024 07:00,26,70,516.5,155.5,24,41.5
26-04-2024 08:00,25.5,70,503,144.5,24,41.5
26-04-2024 09:00,22,60,555.5,290.5,23.5,42
26-04-2024 10:00,18.5,48.5,581.5,299.5,23,42.5
26-04-2024 11:00,14,35.5,646.5,277,23,42
26-04-2024 12:00,10.5,26.5,727,242.5,23,42
26-04-2024 13:00,10.5,27,832.5,212.5,23,42
26-04-2024 14:00,9.5,24.5,881.5,168.5,23,42
26-04-2024 15:00,8.5,21,910,148,23,42
26-04-2024 16:00,6.5,15.5,932.5,167.5,23,42.5
26-04-2024 17:00,6,13.5,914.5,155,23,42
26-04-2024 18:00,6,13.5,922.5,164,23,42
26-04-2024 19:00,6,14.5,910,144,23,42.5
26-04-2024 20:00,7.5,18.5,865.5,158.5,23,43
26-04-2024 21:00,9,21.5,805.5,206.5,23,43
26-04-2024 22:00,12.5,32.5,739,227,23,43
26-04-2024 23:00,16.5,44,716,179,23.5,43
27-04-2024 00:00,17,46,684.5,177,24,43
27-04-2024 01:00,18,47.5,614,151.5,24,43
27-04-2024 02:00,19,50.5,562,123,24,43
27-04-2024 03:00,20,52.5,528,117,24,43
27-04-2024 04:00,21,57,505,134,24,43
27-04-2024 05:00,21,58,489,132.5,24,43.5
27-04-2024 06:00,21.5,59,482,145,24,44
27-04-2024 07:00,22,61,478.5,163,24,44
27-04-2024 08:00,22.5,62,476.5,167.5,24,44
27-04-2024 09:00,22,61,483.5,189.5,24,44
27-04-2024 10:00,23,64,487.5,220,24,45
27-04-2024 11:00,19,50.5,527.5,346,23.5,44
27-04-2024 12:00,14.5,37,517,279.5,23,44
27-04-2024 13:00,13,32.5,521,237,23,44
27-04-2024 14:00,11.5,28,528,203,23,44
27-04-2024 15:00,10,24.5,527,173,22.5,44
27-04-2024 16:00,9,23,527.5,162.5,22,44
27-04-2024 17:00,9,22.5,522,149,23,44.5
27-04-2024 18:00,9,23,511.5,137.5,23,45.5
27-04-2024 19:00,9,22.5,498.5,140,22,45.5
27-04-2024 20:00,8,20,481.5,141.5,22,46
27-04-2024 21:00,9,22.5,473.5,156.5,22.5,45
27-04-2024 22:00,15.5,40,462.5,140,23,44.5
27-04-2024 23:00,20.5,56,454,123,23,44
28-04-2024 00:00,21,59,452.5,138,23,44
28-04-2024 01:00,22,60,450,165,23,44
28-04-2024 02:00,21.5,60,450.5,187,23.5,44
28-04-2024 03:00,22,61,452,204.5,23.5,44
28-04-2024 04:00,22,61,453,228,23.5,44
28-04-2024 05:00,22,61.5,451,247.5,24,44
28-04-2024 06:00,22,61.5,451.5,266.5,24,44
28-04-2024 07:00,22,61.5,453,295,24,44
28-04-2024 08:00,22,60.5,452.5,326,24,44
28-04-2024 09:00,22,60,455.5,335,24,44
28-04-2024 10:00,24,66,466,340,24,44
28-04-2024 11:00,27,73,463,321,24,45
28-04-2024 12:00,27.5,75,452.5,292.5,24,45
28-04-2024 13:00,25.5,69,438.5,252,24,45
28-04-2024 14:00,23.5,64,428,199.5,24,45
28-04-2024 15:00,22,61,421,169.5,24,45
28-04-2024 16:00,21.5,59,420,141,24,45
28-04-2024 17:00,21,56.5,409,123.5,24,45
28-04-2024 18:00,21,54.5,400,105.5,24,45
28-04-2024 19:00,20.5,55,394,114,25,44
28-04-2024 20:00,21,56,398,126.5,24.5,44
28-04-2024 21:00,21,57,395.5,134.5,24,43
28-04-2024 22:00,22,60.5,396,148,24,43
28-04-2024 23:00,26,70,397.5,166.5,24,43
29-04-2024 00:00,29,82,399,197.5,24,44
29-04-2024 01:00,32,89.5,404,233,24,44
29-04-2024 02:00,33,92,408,252.5,24,44
29-04-2024 03:00,33.5,94,408.5,268.5,24,44
29-04-2024 04:00,34.5,96,408.5,289.5,24,44
29-04-2024 05:00,35,99,409.5,302.5,24.5,43
29-04-2024 06:00,35,99,409.5,302,24,43
29-04-2024 07:00,34,95.5,414,323,24.5,43
29-04-2024 08:00,34,96,417.5,351.5,24.5,43
29-04-2024 09:00,28.5,78.5,472,572,24,43
29-04-2024 10:00,24.5,66.5,507,516,24,41.5
29-04-2024 11:00,22.5,60.5,601.5,475.5,23.5,41
29-04-2024 12:00,20,53,755,455,24,41
29-04-2024 13:00,17.5,45.5,914,438,24,41
29-04-2024 14:00,15.5,41,981.5,385.5,24,42.5
29-04-2024 15:00,16.5,43,979,308,24.5,43.5
29-04-2024 16:00,15,39.5,1019.5,284,24.5,41.5
29-04-2024 17:00,13,32,1058,266.5,24,40.5
29-04-2024 18:00,9.5,24,1050,250.5,24,40.5
29-04-2024 19:00,7.5,17.5,997,240,24,41
29-04-2024 20:00,6,13.5,917,213.5,23,41
29-04-2024 21:00,6,14.5,914,251,23.5,42
29-04-2024 22:00,12,37,896,284,24,42
29-04-2024 23:00,14.5,38,823,264.5,24,42.5
30-04-2024 00:00,14.5,38,775.5,273,24,43
30-04-2024 01:00,14,36,759.5,296.5,24,43
30-04-2024 02:00,14,36,750,325,24,43
30-04-2024 03:00,15,39,730.5,351.5,24,43
30-04-2024 04:00,19,49,698.5,337.5,24,43
30-04-2024 05:00,21.5,58,660,318,24,43
30-04-2024 06:00,24,65,630.5,316.5,24,43
30-04-2024 07:00,26.5,72,606.5,314.5,24,43
30-04-2024 08:00,28,79,588,283.5,24,43
30-04-2024 09:00,24.5,66.5,575.5,273.5,24,42.5
30-04-2024 10:00,20,53,584.5,241,23.5,41.5
30-04-2024 11:00,14,35.5,677.5,164,23,41
30-04-2024 12:00,10,24,820.5,153,24,41
30-04-2024 13:00,7.5,18,921.5,154,24,42
30-04-2024 14:00,9,21.5,970.5,152,23.5,41
30-04-2024 15:00,12,30.5,1063,172,24,41
30-04-2024 16:00,13.5,34,1174,204.5,24,41
30-04-2024 17:00,9,21,1221,201.5,24,41
30-04-2024 18:00,7,15.5,1229,216,24,41
30-04-2024 19:00,8,19.5,1176.5,211.5,23,40
30-04-2024 20:00,6.5,15.5,1074.5,205,23,40.5
30-04-2024 21:00,9,20.5,1012.5,215,23,41
30-04-2024 22:00,14,37.5,974,226,23,41
30-04-2024 23:00,16.5,43,914,218,23,41
,,,,,,
,,,,,,
