CreatedDate,pm25_Lakshmi K: Living room,pm10_Lakshmi K: Living room,aqi_Lakshmi K: Living room
01-05-2024 00:00,55,151,134
01-05-2024 00:15,59,156,137
01-05-2024 00:30,62,159,139
01-05-2024 00:45,60,158,139
01-05-2024 01:00,55,152,135
01-05-2024 01:15,52,144,129
01-05-2024 01:30,51,141,127
01-05-2024 01:45,69,163,142
01-05-2024 02:00,79,171,163
01-05-2024 02:15,78,171,160
01-05-2024 02:30,76,168,153
01-05-2024 02:45,75,168,150
01-05-2024 03:00,75,167,150
01-05-2024 03:15,64,160,140
01-05-2024 03:30,48,135,123
01-05-2024 03:45,42,119,113
01-05-2024 04:00,42,118,112
01-05-2024 04:15,45,130,120
01-05-2024 04:30,46,132,121
01-05-2024 04:45,46,132,121
01-05-2024 05:00,46,132,121
01-05-2024 05:15,59,155,137
01-05-2024 05:30,67,163,142
01-05-2024 05:45,61,160,140
01-05-2024 06:00,54,152,135
01-05-2024 06:15,48,136,124
01-05-2024 06:30,42,121,114
01-05-2024 06:45,41,118,112
01-05-2024 07:00,42,121,114
01-05-2024 07:15,41,119,113
01-05-2024 07:30,39,112,108
01-05-2024 07:45,37,107,105
01-05-2024 08:00,41,115,110
01-05-2024 08:15,41,114,109
01-05-2024 08:30,39,108,105
01-05-2024 08:45,39,110,107
01-05-2024 09:00,41,116,111
01-05-2024 09:15,38,110,107
01-05-2024 09:30,38,106,104
01-05-2024 09:45,35,98,98
01-05-2024 10:00,32,91,91
01-05-2024 10:15,29,84,84
01-05-2024 10:30,27,76,76
01-05-2024 10:45,24,69,69
01-05-2024 11:00,22,63,63
01-05-2024 11:15,22,61,61
01-05-2024 11:30,21,58,58
01-05-2024 11:45,21,58,58
01-05-2024 12:00,16,47,47
01-05-2024 12:15,13,39,39
01-05-2024 12:30,16,49,49
01-05-2024 12:45,17,54,54
01-05-2024 13:00,16,52,52
01-05-2024 13:15,20,56,56
01-05-2024 13:30,17,49,49
01-05-2024 13:45,19,55,55
01-05-2024 14:00,20,57,57
01-05-2024 14:15,21,59,59
01-05-2024 14:30,20,58,58
01-05-2024 14:45,22,62,62
01-05-2024 15:00,24,66,66
01-05-2024 15:15,25,69,69
01-05-2024 15:30,25,67,67
01-05-2024 15:45,22,63,63
01-05-2024 16:00,21,61,61
01-05-2024 16:15,20,59,59
01-05-2024 16:30,21,61,61
01-05-2024 16:45,22,60,60
01-05-2024 17:00,21,59,59
01-05-2024 17:15,21,59,59
01-05-2024 17:30,20,58,58
01-05-2024 17:45,20,57,57
01-05-2024 18:00,20,59,59
01-05-2024 18:15,20,58,58
01-05-2024 18:30,20,59,59
01-05-2024 18:45,20,58,58
01-05-2024 19:00,20,58,58
01-05-2024 19:15,23,66,66
01-05-2024 19:30,27,77,77
01-05-2024 19:45,26,75,75
01-05-2024 20:00,29,81,81
01-05-2024 20:15,29,83,83
01-05-2024 20:30,34,95,95
01-05-2024 20:45,34,94,94
01-05-2024 21:00,40,110,107
01-05-2024 21:15,37,103,102
01-05-2024 21:30,40,111,107
01-05-2024 21:45,40,111,107
01-05-2024 22:00,42,116,111
01-05-2024 22:15,44,124,116
01-05-2024 22:30,44,125,117
01-05-2024 22:45,41,115,110
01-05-2024 23:00,42,115,110
01-05-2024 23:15,42,116,111
01-05-2024 23:30,41,114,109
01-05-2024 23:45,44,124,116
02-05-2024 00:00,50,141,127
02-05-2024 00:15,49,137,125
02-05-2024 00:30,49,138,125
02-05-2024 00:45,50,141,127
02-05-2024 01:00,50,141,127
02-05-2024 01:15,50,142,128
02-05-2024 01:30,51,143,129
02-05-2024 01:45,54,150,133
02-05-2024 02:00,56,154,136
02-05-2024 02:15,57,154,136
02-05-2024 02:30,58,155,137
02-05-2024 02:45,57,154,136
02-05-2024 03:00,62,159,139
02-05-2024 03:15,65,161,141
02-05-2024 03:30,69,164,143
02-05-2024 03:45,88,182,193
02-05-2024 04:00,93,187,210
02-05-2024 04:15,93,187,210
02-05-2024 04:30,88,182,193
02-05-2024 04:45,85,178,183
02-05-2024 05:00,78,170,160
02-05-2024 05:15,75,168,150
02-05-2024 05:30,87,180,190
02-05-2024 05:45,90,183,200
02-05-2024 06:00,102,195,240
02-05-2024 06:15,123,215,302
02-05-2024 06:30,135,228,312
02-05-2024 06:45,141,234,316
02-05-2024 07:00,144,241,318
02-05-2024 07:15,153,260,325
02-05-2024 07:30,161,279,332
02-05-2024 07:45,155,265,327
02-05-2024 08:00,137,231,313
02-05-2024 08:15,115,208,283
02-05-2024 08:30,85,178,183
02-05-2024 08:45,70,164,143
02-05-2024 09:00,60,157,138
02-05-2024 09:15,54,150,133
02-05-2024 09:30,48,134,123
02-05-2024 09:45,39,109,106
02-05-2024 10:00,35,97,97
02-05-2024 10:15,34,94,94
02-05-2024 10:30,32,88,88
02-05-2024 10:45,30,84,84
02-05-2024 11:00,28,76,76
02-05-2024 11:15,28,77,77
02-05-2024 11:30,28,79,79
02-05-2024 11:45,27,75,75
02-05-2024 12:00,27,73,73
02-05-2024 12:15,27,74,74
02-05-2024 12:30,29,79,79
02-05-2024 12:45,29,80,80
02-05-2024 13:00,28,77,77
02-05-2024 13:15,27,73,73
02-05-2024 13:30,25,68,68
02-05-2024 13:45,24,65,65
02-05-2024 14:00,24,66,66
02-05-2024 14:15,24,66,66
02-05-2024 14:30,24,67,67
02-05-2024 14:45,26,70,70
02-05-2024 15:00,27,74,74
02-05-2024 15:15,27,73,73
02-05-2024 15:30,26,71,71
02-05-2024 15:45,25,68,68
02-05-2024 16:00,23,64,64
02-05-2024 16:15,22,61,61
02-05-2024 16:30,21,58,58
02-05-2024 16:45,23,64,64
02-05-2024 17:00,26,70,70
02-05-2024 17:15,26,72,72
02-05-2024 17:30,26,71,71
02-05-2024 17:45,27,72,72
02-05-2024 18:00,26,72,72
02-05-2024 18:15,27,75,75
02-05-2024 18:30,28,76,76
02-05-2024 18:45,27,74,74
02-05-2024 19:00,27,74,74
02-05-2024 19:15,31,84,84
02-05-2024 19:30,30,83,83
02-05-2024 19:45,34,95,95
02-05-2024 20:00,41,114,109
02-05-2024 20:15,44,122,115
02-05-2024 20:30,47,131,121
02-05-2024 20:45,54,146,131
02-05-2024 21:00,53,148,132
02-05-2024 21:15,53,146,131
02-05-2024 21:30,54,150,133
02-05-2024 21:45,54,149,133
02-05-2024 22:00,53,146,131
02-05-2024 22:15,54,149,133
02-05-2024 22:30,54,149,133
02-05-2024 22:45,54,150,133
02-05-2024 23:00,54,150,133
02-05-2024 23:15,56,153,135
02-05-2024 23:30,57,154,136
02-05-2024 23:45,60,157,138
03-05-2024 00:00,62,159,139
03-05-2024 00:15,64,160,140
03-05-2024 00:30,67,162,141
03-05-2024 00:45,68,162,141
03-05-2024 01:00,68,163,142
03-05-2024 01:15,68,162,141
03-05-2024 01:30,68,162,141
03-05-2024 01:45,70,164,143
03-05-2024 02:00,73,165,143
03-05-2024 02:15,76,168,153
03-05-2024 02:30,82,174,173
03-05-2024 02:45,90,183,200
03-05-2024 03:00,106,197,253
03-05-2024 03:15,119,211,297
03-05-2024 03:30,133,223,310
03-05-2024 03:45,145,238,319
03-05-2024 04:00,179,306,345
03-05-2024 04:15,211,364,370
03-05-2024 04:30,214,370,372
03-05-2024 04:45,214,370,372
03-05-2024 05:00,216,374,374
03-05-2024 05:15,217,374,375
03-05-2024 05:30,236,405,389
03-05-2024 05:45,253,423,402
03-05-2024 06:00,263,430,410
03-05-2024 06:15,294,456,434
03-05-2024 06:30,319,475,456
03-05-2024 06:45,339,488,472
03-05-2024 07:00,306,465,444
03-05-2024 07:15,257,428,405
03-05-2024 07:30,228,393,383
03-05-2024 07:45,203,351,364
03-05-2024 08:00,207,357,367
03-05-2024 08:15,196,339,358
03-05-2024 08:30,175,302,342
03-05-2024 08:45,153,257,325
03-05-2024 09:00,142,235,317
03-05-2024 09:15,137,232,313
03-05-2024 09:30,102,195,240
03-05-2024 09:45,92,185,207
03-05-2024 10:00,81,173,170
03-05-2024 10:15,74,166,147
03-05-2024 10:30,71,164,143
03-05-2024 10:45,66,161,141
03-05-2024 11:00,53,146,131
03-05-2024 11:15,49,136,124
03-05-2024 11:30,39,107,105
03-05-2024 11:45,38,106,104
03-05-2024 12:00,35,97,97
03-05-2024 12:15,36,98,98
03-05-2024 12:30,33,91,91
03-05-2024 12:45,32,89,89
03-05-2024 13:00,40,117,111
03-05-2024 13:15,39,111,107
03-05-2024 13:30,40,112,108
03-05-2024 13:45,45,133,122
03-05-2024 14:00,44,132,121
03-05-2024 14:15,42,123,115
03-05-2024 14:30,43,125,117
03-05-2024 14:45,47,142,128
03-05-2024 15:00,43,125,117
03-05-2024 15:15,39,112,108
03-05-2024 15:30,41,116,111
03-05-2024 15:45,41,119,113
03-05-2024 16:00,41,119,113
03-05-2024 16:15,45,135,123
03-05-2024 16:30,45,132,121
03-05-2024 16:45,48,144,129
03-05-2024 17:00,49,150,133
03-05-2024 17:15,43,127,118
03-05-2024 17:30,42,123,115
03-05-2024 17:45,41,118,112
03-05-2024 18:00,42,121,114
03-05-2024 18:15,43,126,117
03-05-2024 18:30,46,138,125
03-05-2024 18:45,47,141,127
03-05-2024 19:00,53,166,144
03-05-2024 19:15,56,176,151
03-05-2024 19:30,75,247,198
03-05-2024 19:45,64,211,174
03-05-2024 20:00,72,243,195
03-05-2024 20:15,73,248,199
03-05-2024 20:30,74,250,200
03-05-2024 20:45,78,258,208
03-05-2024 21:00,85,268,218
03-05-2024 21:15,87,270,220
03-05-2024 21:30,87,271,221
03-05-2024 21:45,87,271,221
03-05-2024 22:00,92,275,225
03-05-2024 22:15,100,284,234
03-05-2024 22:30,108,298,260
03-05-2024 22:45,114,308,280
03-05-2024 23:00,120,317,300
03-05-2024 23:15,118,315,293
03-05-2024 23:30,116,311,287
03-05-2024 23:45,110,301,267
04-05-2024 00:00,102,288,240
04-05-2024 00:15,100,285,235
04-05-2024 00:30,100,284,234
04-05-2024 00:45,99,283,233
04-05-2024 01:00,98,282,232
04-05-2024 01:15,100,285,235
04-05-2024 01:30,98,282,232
04-05-2024 01:45,97,280,230
04-05-2024 02:00,95,278,228
04-05-2024 02:15,94,277,227
04-05-2024 02:30,94,277,227
04-05-2024 02:45,97,280,230
04-05-2024 03:00,103,290,243
04-05-2024 03:15,108,298,260
04-05-2024 03:30,126,328,305
04-05-2024 03:45,144,355,318
04-05-2024 04:00,161,378,335
04-05-2024 04:15,204,429,399
04-05-2024 04:30,268,506,495
04-05-2024 04:45,298,535,531
04-05-2024 05:00,292,532,528
04-05-2024 05:15,294,532,528
04-05-2024 05:30,311,546,545
04-05-2024 05:45,342,566,570
04-05-2024 06:00,326,556,558
04-05-2024 06:15,317,550,550
04-05-2024 06:30,326,556,558
04-05-2024 06:45,293,532,528
04-05-2024 07:00,269,507,496
04-05-2024 07:15,267,505,494
04-05-2024 07:30,254,491,476
04-05-2024 07:45,243,479,461
04-05-2024 08:00,245,480,462
04-05-2024 08:15,255,493,479
04-05-2024 08:30,249,486,470
04-05-2024 08:45,226,458,435
04-05-2024 09:00,194,417,384
04-05-2024 09:15,176,392,352
04-05-2024 09:30,171,387,346
04-05-2024 09:45,204,429,399
04-05-2024 10:00,225,457,434
04-05-2024 10:15,199,424,392
04-05-2024 10:30,179,398,360
04-05-2024 10:45,135,343,312
04-05-2024 11:00,126,328,305
04-05-2024 11:15,114,308,280
04-05-2024 11:30,113,307,277
04-05-2024 11:45,112,305,273
04-05-2024 12:00,105,294,250
04-05-2024 12:15,88,272,222
04-05-2024 12:30,78,257,207
04-05-2024 12:45,70,235,190
04-05-2024 13:00,73,245,197
04-05-2024 13:15,75,252,202
04-05-2024 13:30,79,260,210
04-05-2024 13:45,79,259,209
04-05-2024 14:00,88,271,221
04-05-2024 14:15,89,272,222
04-05-2024 14:30,83,267,217
04-05-2024 14:45,80,261,211
04-05-2024 15:00,73,245,197
04-05-2024 15:15,66,219,179
04-05-2024 15:30,62,205,170
04-05-2024 15:45,58,186,157
04-05-2024 16:00,61,196,164
04-05-2024 16:15,62,204,169
04-05-2024 16:30,59,188,159
04-05-2024 16:45,54,171,147
04-05-2024 17:00,56,175,150
04-05-2024 17:15,58,184,156
04-05-2024 17:30,56,177,151
04-05-2024 17:45,56,177,151
04-05-2024 18:00,51,158,139
04-05-2024 18:15,47,143,129
04-05-2024 18:30,46,139,126
04-05-2024 18:45,56,177,151
04-05-2024 19:00,56,175,150
04-05-2024 19:15,52,160,140
04-05-2024 19:30,48,144,129
04-05-2024 19:45,47,142,128
04-05-2024 20:00,53,166,144
04-05-2024 20:15,93,276,226
04-05-2024 20:30,86,269,219
04-05-2024 20:45,83,267,217
04-05-2024 21:00,78,258,208
04-05-2024 21:15,76,254,204
04-05-2024 21:30,75,253,203
04-05-2024 21:45,73,250,200
04-05-2024 22:00,86,268,218
04-05-2024 22:15,90,273,223
04-05-2024 22:30,87,271,221
04-05-2024 22:45,85,269,219
04-05-2024 23:00,83,267,217
04-05-2024 23:15,81,265,215
04-05-2024 23:30,82,266,216
04-05-2024 23:45,83,266,216
05-05-2024 00:00,83,267,217
05-05-2024 00:15,81,263,213
05-05-2024 00:30,77,257,207
05-05-2024 00:45,76,254,204
05-05-2024 01:00,73,248,199
05-05-2024 01:15,70,239,193
05-05-2024 01:30,70,236,191
05-05-2024 01:45,72,244,196
05-05-2024 02:00,75,252,202
05-05-2024 02:15,74,250,200
05-05-2024 02:30,74,250,200
05-05-2024 02:45,74,252,202
05-05-2024 03:00,77,256,206
05-05-2024 03:15,77,256,206
05-05-2024 03:30,78,258,208
05-05-2024 03:45,80,262,212
05-05-2024 04:00,81,263,213
05-05-2024 04:15,83,267,217
05-05-2024 04:30,87,270,220
05-05-2024 04:45,99,284,234
05-05-2024 05:00,119,316,297
05-05-2024 05:15,143,354,318
05-05-2024 05:30,168,385,344
05-05-2024 05:45,234,469,449
05-05-2024 06:00,251,489,474
05-05-2024 06:15,261,499,486
05-05-2024 06:30,259,496,482
05-05-2024 06:45,248,484,468
05-05-2024 07:00,240,475,456
05-05-2024 07:15,248,485,469
05-05-2024 07:30,239,474,455
05-05-2024 07:45,240,475,456
05-05-2024 08:00,247,482,465
05-05-2024 08:15,233,466,445
05-05-2024 08:30,245,480,462
05-05-2024 08:45,244,481,464
05-05-2024 09:00,234,467,446
05-05-2024 09:15,229,461,439
05-05-2024 09:30,223,454,430
05-05-2024 09:45,214,444,418
05-05-2024 10:00,201,426,395
05-05-2024 10:15,169,385,344
05-05-2024 10:30,134,340,311
05-05-2024 10:45,109,301,263
05-05-2024 11:00,87,270,220
05-05-2024 11:15,71,238,192
05-05-2024 11:30,66,223,182
05-05-2024 11:45,70,235,190
05-05-2024 12:00,77,255,205
05-05-2024 12:15,77,256,206
05-05-2024 12:30,63,207,171
05-05-2024 12:45,58,187,158
05-05-2024 13:00,57,184,156
05-05-2024 13:15,50,153,135
05-05-2024 13:30,45,135,123
05-05-2024 13:45,42,122,115
05-05-2024 14:00,41,118,112
05-05-2024 14:15,40,113,109
05-05-2024 14:30,38,106,104
05-05-2024 14:45,38,107,105
05-05-2024 15:00,39,112,108
05-05-2024 15:15,39,110,107
05-05-2024 15:30,39,110,107
05-05-2024 15:45,43,125,117
05-05-2024 16:00,44,132,121
05-05-2024 16:15,44,130,120
05-05-2024 16:30,43,128,119
05-05-2024 16:45,42,123,115
05-05-2024 17:00,40,115,110
05-05-2024 17:15,39,112,108
05-05-2024 17:30,42,121,114
05-05-2024 17:45,40,115,110
05-05-2024 18:00,36,101,101
05-05-2024 18:15,37,103,102
05-05-2024 18:30,39,111,107
05-05-2024 18:45,38,108,105
05-05-2024 19:00,38,107,105
05-05-2024 19:15,39,110,107
05-05-2024 19:30,41,119,113
05-05-2024 19:45,67,213,175
05-05-2024 20:00,58,186,157
05-05-2024 20:15,64,208,172
05-05-2024 20:30,72,243,195
05-05-2024 20:45,84,265,215
05-05-2024 21:00,100,285,235
05-05-2024 21:15,96,279,229
05-05-2024 21:30,96,279,229
05-05-2024 21:45,98,282,232
05-05-2024 22:00,101,286,237
05-05-2024 22:15,103,289,243
05-05-2024 22:30,107,297,257
05-05-2024 22:45,110,302,267
05-05-2024 23:00,114,308,280
05-05-2024 23:15,115,310,283
05-05-2024 23:30,121,321,301
05-05-2024 23:45,119,316,297
06-05-2024 00:00,118,315,293
06-05-2024 00:15,115,310,283
06-05-2024 00:30,109,299,263
06-05-2024 00:45,104,291,247
06-05-2024 01:00,102,288,240
06-05-2024 01:15,99,283,233
06-05-2024 01:30,98,281,231
06-05-2024 01:45,97,281,231
06-05-2024 02:00,97,280,230
06-05-2024 02:15,91,274,224
06-05-2024 02:30,84,268,218
06-05-2024 02:45,84,267,217
06-05-2024 03:00,85,268,218
06-05-2024 03:15,84,267,217
06-05-2024 03:30,83,266,216
06-05-2024 03:45,87,270,220
06-05-2024 04:00,90,273,223
06-05-2024 04:15,93,276,226
06-05-2024 04:30,95,277,227
06-05-2024 04:45,99,284,234
06-05-2024 05:00,110,301,267
06-05-2024 05:15,127,329,305
06-05-2024 05:30,144,355,318
06-05-2024 05:45,157,373,329
06-05-2024 06:00,182,402,365
06-05-2024 06:15,242,476,458
06-05-2024 06:30,266,503,491
06-05-2024 06:45,261,498,485
06-05-2024 07:00,250,487,471
06-05-2024 07:15,241,475,456
06-05-2024 07:30,217,446,420
06-05-2024 07:45,201,425,394
06-05-2024 08:00,197,420,388
06-05-2024 08:15,198,421,389
06-05-2024 08:30,192,413,379
06-05-2024 08:45,180,396,358
06-05-2024 09:00,164,381,339
06-05-2024 09:15,154,369,326
06-05-2024 09:30,143,353,318
06-05-2024 09:45,126,328,305
06-05-2024 10:00,109,299,263
06-05-2024 10:15,100,285,235
06-05-2024 10:30,85,268,218
06-05-2024 10:45,72,242,195
06-05-2024 11:00,66,220,180
06-05-2024 11:15,63,211,174
06-05-2024 11:30,57,182,155
06-05-2024 11:45,47,140,127
06-05-2024 12:00,47,141,127
06-05-2024 12:15,40,113,109
06-05-2024 12:30,36,99,99
06-05-2024 12:45,36,97,97
06-05-2024 13:00,40,114,109
06-05-2024 13:15,42,124,116
06-05-2024 13:30,40,115,110
06-05-2024 13:45,37,101,101
06-05-2024 14:00,34,92,92
06-05-2024 14:15,34,93,93
06-05-2024 14:30,35,96,96
06-05-2024 14:45,36,99,99
06-05-2024 15:00,33,89,89
06-05-2024 15:15,34,93,93
06-05-2024 15:30,36,100,100
06-05-2024 15:45,38,106,104
06-05-2024 16:00,37,104,103
06-05-2024 16:15,37,102,101
06-05-2024 16:30,36,99,99
06-05-2024 16:45,35,96,96
06-05-2024 17:00,34,93,93
06-05-2024 17:15,34,91,91
06-05-2024 17:30,34,91,91
06-05-2024 17:45,34,92,92
06-05-2024 18:00,36,96,96
06-05-2024 18:15,36,98,98
06-05-2024 18:30,36,99,99
06-05-2024 18:45,38,106,104
06-05-2024 19:00,40,114,109
06-05-2024 19:15,42,121,114
06-05-2024 19:30,44,130,120
06-05-2024 19:45,48,147,131
06-05-2024 20:00,51,155,137
06-05-2024 20:15,58,180,153
06-05-2024 20:30,70,236,191
06-05-2024 20:45,65,217,178
06-05-2024 21:00,65,217,178
06-05-2024 21:15,67,224,183
06-05-2024 21:30,63,211,174
06-05-2024 21:45,64,213,175
06-05-2024 22:00,66,221,181
06-05-2024 22:15,69,232,188
06-05-2024 22:30,76,253,203
06-05-2024 22:45,86,269,219
06-05-2024 23:00,98,282,232
06-05-2024 23:15,104,290,247
06-05-2024 23:30,110,302,267
06-05-2024 23:45,114,309,280
07-05-2024 00:00,131,335,308
07-05-2024 00:15,134,340,311
07-05-2024 00:30,140,349,315
07-05-2024 00:45,140,350,315
07-05-2024 01:00,144,355,318
07-05-2024 01:15,148,361,322
07-05-2024 01:30,149,362,322
07-05-2024 01:45,172,388,348
07-05-2024 02:00,191,411,376
07-05-2024 02:15,188,407,371
07-05-2024 02:30,190,409,374
07-05-2024 02:45,196,418,385
07-05-2024 03:00,226,457,434
07-05-2024 03:15,243,478,460
07-05-2024 03:30,257,495,481
07-05-2024 03:45,261,498,485
07-05-2024 04:00,258,495,481
07-05-2024 04:15,262,500,488
07-05-2024 04:30,253,490,475
07-05-2024 04:45,252,488,472
07-05-2024 05:00,245,481,464
07-05-2024 05:15,244,479,461
07-05-2024 05:30,227,458,435
07-05-2024 05:45,218,448,422
07-05-2024 06:00,222,453,429
07-05-2024 06:15,225,457,434
07-05-2024 06:30,260,491,476
07-05-2024 06:45,328,557,559
07-05-2024 07:00,341,565,569
07-05-2024 07:15,350,570,575
07-05-2024 07:30,330,557,559
07-05-2024 07:45,313,546,545
07-05-2024 08:00,316,548,548
07-05-2024 08:15,311,544,542
07-05-2024 08:30,315,547,546
07-05-2024 08:45,329,557,559
07-05-2024 09:00,332,559,561
07-05-2024 09:15,293,531,526
07-05-2024 09:30,277,515,506
07-05-2024 09:45,227,458,435
07-05-2024 10:00,192,412,378
07-05-2024 10:15,165,380,338
07-05-2024 10:30,123,322,302
07-05-2024 10:45,91,273,223
07-05-2024 11:00,66,216,177
07-05-2024 11:15,51,157,138
07-05-2024 11:30,49,150,133
07-05-2024 11:45,49,150,133
07-05-2024 12:00,51,158,139
07-05-2024 12:15,52,163,142
07-05-2024 12:30,59,190,160
07-05-2024 12:45,61,197,165
07-05-2024 13:00,57,180,153
07-05-2024 13:15,59,189,159
07-05-2024 13:30,65,215,177
07-05-2024 13:45,67,227,185
07-05-2024 14:00,72,244,196
07-05-2024 14:15,68,227,185
07-05-2024 14:30,65,216,177
07-05-2024 14:45,64,214,176
07-05-2024 15:00,65,218,179
07-05-2024 15:15,64,213,175
07-05-2024 15:30,63,209,173
07-05-2024 15:45,61,201,167
07-05-2024 16:00,61,196,164
07-05-2024 16:15,61,200,167
07-05-2024 16:30,70,233,189
07-05-2024 16:45,79,260,210
07-05-2024 17:00,73,249,199
07-05-2024 17:15,67,223,182
07-05-2024 17:30,65,218,179
07-05-2024 17:45,66,221,181
07-05-2024 18:00,68,227,185
07-05-2024 18:15,70,235,190
07-05-2024 18:30,68,229,186
07-05-2024 18:45,69,231,187
07-05-2024 19:00,69,233,189
07-05-2024 19:15,70,235,190
07-05-2024 19:30,74,251,201
07-05-2024 19:45,75,252,202
07-05-2024 20:00,73,249,199
07-05-2024 20:15,74,252,202
07-05-2024 20:30,76,255,205
07-05-2024 20:45,77,256,206
07-05-2024 21:00,76,254,204
07-05-2024 21:15,80,261,211
07-05-2024 21:30,79,260,210
07-05-2024 21:45,81,263,213
07-05-2024 22:00,82,266,216
07-05-2024 22:15,81,263,213
07-05-2024 22:30,80,262,212
07-05-2024 22:45,80,261,211
07-05-2024 23:00,80,262,212
07-05-2024 23:15,80,262,212
07-05-2024 23:30,80,262,212
07-05-2024 23:45,81,263,213
08-05-2024 00:00,81,264,214
08-05-2024 00:15,81,264,214
08-05-2024 00:30,81,263,213
08-05-2024 00:45,81,263,213
08-05-2024 01:00,83,266,216
08-05-2024 01:15,86,270,220
08-05-2024 01:30,86,269,219
08-05-2024 01:45,86,269,219
08-05-2024 02:00,88,271,221
08-05-2024 02:15,89,273,223
08-05-2024 02:30,88,271,221
08-05-2024 02:45,86,270,220
08-05-2024 03:00,84,267,217
08-05-2024 03:15,82,265,215
08-05-2024 03:30,81,263,213
08-05-2024 03:45,82,265,215
08-05-2024 04:00,82,265,215
08-05-2024 04:15,82,266,216
08-05-2024 04:30,83,266,216
08-05-2024 04:45,82,266,216
08-05-2024 05:00,81,263,213
08-05-2024 05:15,79,260,210
08-05-2024 05:30,78,258,208
08-05-2024 05:45,77,257,207
08-05-2024 06:00,77,256,206
08-05-2024 06:15,76,255,205
08-05-2024 06:30,75,253,203
08-05-2024 06:45,78,258,208
08-05-2024 07:00,77,256,206
08-05-2024 07:15,74,251,201
08-05-2024 07:30,72,242,195
08-05-2024 07:45,71,240,193
08-05-2024 08:00,72,244,196
08-05-2024 08:15,75,252,202
08-05-2024 08:30,73,248,199
08-05-2024 08:45,73,250,200
08-05-2024 09:00,72,246,197
08-05-2024 09:15,75,252,202
08-05-2024 09:30,76,254,204
08-05-2024 09:45,78,258,208
08-05-2024 10:00,81,263,213
08-05-2024 10:15,82,265,215
08-05-2024 10:30,83,267,217
08-05-2024 10:45,83,267,217
08-05-2024 11:00,82,264,214
08-05-2024 11:15,82,266,216
08-05-2024 11:30,84,268,218
08-05-2024 11:45,82,266,216
08-05-2024 12:00,81,264,214
08-05-2024 12:15,80,261,211
08-05-2024 12:30,79,260,210
08-05-2024 12:45,78,258,208
08-05-2024 13:00,77,256,206
08-05-2024 13:15,76,254,204
08-05-2024 13:30,74,251,201
08-05-2024 13:45,72,246,197
08-05-2024 14:00,73,247,198
08-05-2024 14:15,71,241,194
08-05-2024 14:30,71,240,193
08-05-2024 14:45,69,233,189
08-05-2024 15:00,68,228,185
08-05-2024 15:15,66,220,180
08-05-2024 15:30,66,220,180
08-05-2024 15:45,68,228,185
08-05-2024 16:00,67,223,182
08-05-2024 16:15,67,223,182
08-05-2024 16:30,66,219,179
08-05-2024 16:45,64,215,177
08-05-2024 17:00,65,216,177
08-05-2024 17:15,63,208,172
08-05-2024 17:30,61,202,168
08-05-2024 17:45,62,204,169
08-05-2024 18:00,63,210,173
08-05-2024 18:15,62,203,169
08-05-2024 18:30,62,205,170
08-05-2024 18:45,62,206,171
08-05-2024 19:00,64,214,176
08-05-2024 19:15,64,213,175
08-05-2024 19:30,67,223,182
08-05-2024 19:45,68,227,185
08-05-2024 20:00,66,222,181
08-05-2024 20:15,68,228,185
08-05-2024 20:30,69,231,187
08-05-2024 20:45,70,235,190
08-05-2024 21:00,71,239,193
08-05-2024 21:15,68,229,186
08-05-2024 21:30,69,234,189
08-05-2024 21:45,70,235,190
08-05-2024 22:00,67,226,184
08-05-2024 22:15,67,224,183
08-05-2024 22:30,67,224,183
08-05-2024 22:45,65,216,177
08-05-2024 23:00,62,202,168
08-05-2024 23:15,61,196,164
08-05-2024 23:30,61,199,166
08-05-2024 23:45,63,208,172
09-05-2024 00:00,65,218,179
09-05-2024 00:15,65,216,177
09-05-2024 00:30,65,215,177
09-05-2024 00:45,65,217,178
09-05-2024 01:00,65,215,177
09-05-2024 01:15,61,199,166
09-05-2024 01:30,58,185,157
09-05-2024 01:45,57,181,154
09-05-2024 02:00,57,179,153
09-05-2024 02:15,57,180,153
09-05-2024 02:30,57,182,155
09-05-2024 02:45,56,177,151
09-05-2024 03:00,55,174,149
09-05-2024 03:15,55,171,147
09-05-2024 03:30,54,168,145
09-05-2024 03:45,52,161,141
09-05-2024 04:00,52,161,141
09-05-2024 04:15,52,161,141
09-05-2024 04:30,52,162,141
09-05-2024 04:45,49,148,132
09-05-2024 05:00,47,140,127
09-05-2024 05:15,46,138,125
09-05-2024 05:30,47,140,127
09-05-2024 05:45,48,147,131
09-05-2024 06:00,49,151,134
09-05-2024 06:15,50,151,134
09-05-2024 06:30,53,163,142
09-05-2024 06:45,53,167,145
09-05-2024 07:00,53,164,143
09-05-2024 07:15,51,158,139
09-05-2024 07:30,53,164,143
09-05-2024 07:45,52,162,141
09-05-2024 08:00,52,162,141
09-05-2024 08:15,52,160,140
09-05-2024 08:30,52,162,141
09-05-2024 08:45,52,163,142
09-05-2024 09:00,54,170,147
09-05-2024 09:15,54,168,145
09-05-2024 09:30,54,171,147
09-05-2024 09:45,54,170,147
09-05-2024 10:00,56,177,151
09-05-2024 10:15,56,175,150
09-05-2024 10:30,57,181,154
09-05-2024 10:45,58,185,157
09-05-2024 11:00,60,191,161
09-05-2024 11:15,60,193,162
09-05-2024 11:30,61,196,164
09-05-2024 11:45,62,205,170
09-05-2024 12:00,63,208,172
09-05-2024 12:15,62,204,169
09-05-2024 12:30,63,208,172
09-05-2024 12:45,61,200,167
09-05-2024 13:00,61,199,166
09-05-2024 13:15,62,204,169
09-05-2024 13:30,61,200,167
09-05-2024 13:45,61,199,166
09-05-2024 14:00,61,197,165
09-05-2024 14:15,60,193,162
09-05-2024 14:30,60,194,163
09-05-2024 14:45,60,195,163
09-05-2024 15:00,61,198,165
09-05-2024 15:15,60,196,164
09-05-2024 15:30,60,192,161
09-05-2024 15:45,59,188,159
09-05-2024 16:00,60,193,162
09-05-2024 16:15,60,191,161
09-05-2024 16:30,60,191,161
09-05-2024 16:45,60,192,161
09-05-2024 17:00,60,196,164
09-05-2024 17:15,59,188,159
09-05-2024 17:30,59,187,158
09-05-2024 17:45,61,199,166
09-05-2024 18:00,61,201,167
09-05-2024 18:15,63,209,173
09-05-2024 18:30,64,212,175
09-05-2024 18:45,66,222,181
09-05-2024 19:00,67,225,183
09-05-2024 19:15,68,228,185
09-05-2024 19:30,69,231,187
09-05-2024 19:45,73,246,197
09-05-2024 20:00,78,259,209
09-05-2024 20:15,76,255,205
09-05-2024 20:30,76,255,205
09-05-2024 20:45,77,255,205
09-05-2024 21:00,75,253,203
09-05-2024 21:15,73,249,199
09-05-2024 21:30,76,254,204
09-05-2024 21:45,85,266,216
09-05-2024 22:00,83,266,216
09-05-2024 22:15,80,262,212
09-05-2024 22:30,81,263,213
09-05-2024 22:45,73,247,198
09-05-2024 23:00,68,230,187
09-05-2024 23:15,67,224,183
09-05-2024 23:30,65,215,177
09-05-2024 23:45,60,196,164
10-05-2024 00:00,60,193,162
10-05-2024 00:15,61,199,166
10-05-2024 00:30,61,197,165
10-05-2024 00:45,65,216,177
10-05-2024 01:00,69,234,189
10-05-2024 01:15,68,229,186
10-05-2024 01:30,67,226,184
10-05-2024 01:45,68,228,185
10-05-2024 02:00,71,241,194
10-05-2024 02:15,71,240,193
10-05-2024 02:30,70,238,192
10-05-2024 02:45,71,239,193
10-05-2024 03:00,71,240,193
10-05-2024 03:15,72,243,195
10-05-2024 03:30,73,247,198
10-05-2024 03:45,74,251,201
10-05-2024 04:00,76,255,205
10-05-2024 04:15,76,254,204
10-05-2024 04:30,76,255,205
10-05-2024 04:45,76,255,205
10-05-2024 05:00,76,255,205
10-05-2024 05:15,79,259,209
10-05-2024 05:30,81,264,214
10-05-2024 05:45,82,265,215
10-05-2024 06:00,82,266,216
10-05-2024 06:15,82,265,215
10-05-2024 06:30,81,264,214
10-05-2024 06:45,80,262,212
10-05-2024 07:00,78,257,207
10-05-2024 07:15,77,256,206
10-05-2024 07:30,77,256,206
10-05-2024 07:45,76,255,205
10-05-2024 08:00,77,256,206
10-05-2024 08:15,77,256,206
10-05-2024 08:30,78,258,208
10-05-2024 08:45,78,258,208
10-05-2024 09:00,78,258,208
10-05-2024 09:15,79,260,210
10-05-2024 09:30,78,258,208
10-05-2024 09:45,79,259,209
10-05-2024 10:00,79,259,209
10-05-2024 10:15,79,259,209
10-05-2024 10:30,79,260,210
10-05-2024 10:45,77,256,206
10-05-2024 11:00,77,256,206
10-05-2024 11:15,77,256,206
10-05-2024 11:30,77,256,206
10-05-2024 11:45,77,256,206
10-05-2024 12:00,77,256,206
10-05-2024 12:15,77,257,207
10-05-2024 12:30,77,256,206
10-05-2024 12:45,77,256,206
10-05-2024 13:00,77,257,207
10-05-2024 13:15,79,259,209
10-05-2024 13:30,76,254,204
10-05-2024 13:45,76,255,205
10-05-2024 14:00,73,247,198
10-05-2024 14:15,68,231,187
10-05-2024 14:30,66,219,179
10-05-2024 14:45,65,215,177
10-05-2024 15:00,64,214,176
10-05-2024 15:15,64,212,175
10-05-2024 15:30,63,209,173
10-05-2024 15:45,64,214,176
10-05-2024 16:00,65,215,177
10-05-2024 16:15,63,211,174
10-05-2024 16:30,63,208,172
10-05-2024 16:45,65,216,177
10-05-2024 17:00,66,221,181
10-05-2024 17:15,66,221,181
10-05-2024 17:30,67,224,183
10-05-2024 17:45,72,241,194
10-05-2024 18:00,76,254,204
10-05-2024 18:15,76,255,205
10-05-2024 18:30,76,254,204
10-05-2024 18:45,75,254,204
10-05-2024 19:00,76,255,205
10-05-2024 19:15,75,253,203
10-05-2024 19:30,75,253,203
10-05-2024 19:45,75,253,203
10-05-2024 20:00,75,253,203
10-05-2024 20:15,78,257,207
10-05-2024 20:30,66,221,181
10-05-2024 20:45,56,179,153
10-05-2024 21:00,50,157,138
10-05-2024 21:15,50,156,137
10-05-2024 21:30,51,168,145
10-05-2024 21:45,58,205,170
10-05-2024 22:00,92,295,245
10-05-2024 22:15,139,437,409
10-05-2024 22:30,79,291,241
10-05-2024 22:45,37,122,115
10-05-2024 23:00,26,61,61
10-05-2024 23:15,26,57,57
10-05-2024 23:30,24,53,53
10-05-2024 23:45,19,41,41
11-05-2024 00:00,29,69,69
11-05-2024 00:15,30,74,74
11-05-2024 00:30,23,50,50
11-05-2024 00:45,18,39,39
11-05-2024 01:00,16,35,35
11-05-2024 01:15,15,31,31
11-05-2024 01:30,14,29,29
11-05-2024 01:45,13,27,27
11-05-2024 02:00,12,26,26
11-05-2024 02:15,13,27,27
11-05-2024 02:30,12,26,26
11-05-2024 02:45,13,27,27
11-05-2024 03:00,26,67,67
11-05-2024 03:15,37,107,105
11-05-2024 03:30,47,155,137
11-05-2024 03:45,51,178,152
11-05-2024 04:00,51,170,147
11-05-2024 04:15,49,153,135
11-05-2024 04:30,48,149,133
11-05-2024 04:45,46,140,127
11-05-2024 05:00,47,142,128
11-05-2024 05:15,53,166,144
11-05-2024 05:30,51,157,138
11-05-2024 05:45,51,157,138
11-05-2024 06:00,53,164,143
11-05-2024 06:15,55,171,147
11-05-2024 06:30,57,181,154
11-05-2024 06:45,59,187,158
11-05-2024 07:00,65,221,181
11-05-2024 07:15,69,247,198
11-05-2024 07:30,85,273,223
11-05-2024 07:45,95,287,237
11-05-2024 08:00,93,282,232
11-05-2024 08:15,85,272,222
11-05-2024 08:30,75,253,203
11-05-2024 08:45,64,216,177
11-05-2024 09:00,57,185,157
11-05-2024 09:15,55,176,151
11-05-2024 09:30,54,171,147
11-05-2024 09:45,51,160,140
11-05-2024 10:00,55,173,149
11-05-2024 10:15,63,212,175
11-05-2024 10:30,61,202,168
11-05-2024 10:45,62,206,171
11-05-2024 11:00,61,199,166
11-05-2024 11:15,56,176,151
11-05-2024 11:30,57,180,153
11-05-2024 11:45,47,143,129
11-05-2024 12:00,49,149,133
11-05-2024 12:15,51,158,139
11-05-2024 12:30,49,150,133
11-05-2024 12:45,60,186,157
11-05-2024 13:00,66,213,175
11-05-2024 13:15,46,137,125
11-05-2024 13:30,50,153,135
11-05-2024 13:45,51,156,137
11-05-2024 14:00,51,157,138
11-05-2024 14:15,51,158,139
11-05-2024 14:30,52,161,141
11-05-2024 14:45,56,175,150
11-05-2024 15:00,57,180,153
11-05-2024 15:15,57,180,153
11-05-2024 15:30,56,175,150
11-05-2024 15:45,64,214,176
11-05-2024 16:00,58,184,156
11-05-2024 16:15,53,167,145
11-05-2024 16:30,50,154,136
11-05-2024 16:45,43,125,117
11-05-2024 17:00,41,117,111
11-05-2024 17:15,41,119,113
11-05-2024 17:30,40,115,110
11-05-2024 17:45,41,118,112
11-05-2024 18:00,41,116,111
11-05-2024 18:15,54,167,145
11-05-2024 18:30,46,138,125
11-05-2024 18:45,41,117,111
11-05-2024 19:00,40,113,109
11-05-2024 19:15,41,120,113
11-05-2024 19:30,41,119,113
11-05-2024 19:45,42,123,115
11-05-2024 20:00,45,133,122
11-05-2024 20:15,45,133,122
11-05-2024 20:30,46,136,124
11-05-2024 20:45,47,141,127
11-05-2024 21:00,49,148,132
11-05-2024 21:15,51,156,137
11-05-2024 21:30,52,162,141
11-05-2024 21:45,51,159,139
11-05-2024 22:00,49,150,133
11-05-2024 22:15,48,146,131
11-05-2024 22:30,47,142,128
11-05-2024 22:45,47,142,128
11-05-2024 23:00,49,149,133
11-05-2024 23:15,51,157,138
11-05-2024 23:30,50,152,135
11-05-2024 23:45,50,151,134
12-05-2024 00:00,50,155,137
12-05-2024 00:15,61,201,167
12-05-2024 00:30,69,232,188
12-05-2024 00:45,77,256,206
12-05-2024 01:00,81,264,214
12-05-2024 01:15,81,262,212
12-05-2024 01:30,78,257,207
12-05-2024 01:45,78,258,208
12-05-2024 02:00,78,258,208
12-05-2024 02:15,77,256,206
12-05-2024 02:30,75,253,203
12-05-2024 02:45,74,252,202
12-05-2024 03:00,80,262,212
12-05-2024 03:15,83,267,217
12-05-2024 03:30,90,273,223
12-05-2024 03:45,101,287,237
12-05-2024 04:00,100,285,235
12-05-2024 04:15,94,277,227
12-05-2024 04:30,85,268,218
12-05-2024 04:45,81,263,213
12-05-2024 05:00,77,257,207
12-05-2024 05:15,79,261,211
12-05-2024 05:30,89,272,222
12-05-2024 05:45,105,293,250
12-05-2024 06:00,112,306,273
12-05-2024 06:15,115,313,283
12-05-2024 06:30,115,314,283
12-05-2024 06:45,101,290,240
12-05-2024 07:00,101,293,243
12-05-2024 07:15,105,301,251
12-05-2024 07:30,115,322,283
12-05-2024 07:45,101,298,248
12-05-2024 08:00,90,277,227
12-05-2024 08:15,86,273,223
12-05-2024 08:30,86,274,224
12-05-2024 08:45,88,277,227
12-05-2024 09:00,87,274,224
12-05-2024 09:15,80,266,216
12-05-2024 09:30,78,262,212
12-05-2024 09:45,75,253,203
12-05-2024 10:00,57,185,157
12-05-2024 10:15,51,159,139
12-05-2024 10:30,53,166,144
12-05-2024 10:45,57,180,153
12-05-2024 11:00,55,174,149
12-05-2024 11:15,55,174,149
12-05-2024 11:30,57,183,155
12-05-2024 11:45,58,186,157
12-05-2024 12:00,57,179,153
12-05-2024 12:15,60,194,163
12-05-2024 12:30,62,204,169
12-05-2024 12:45,65,215,177
12-05-2024 13:00,62,204,169
12-05-2024 13:15,52,160,140
12-05-2024 13:30,49,148,132
12-05-2024 13:45,47,141,127
12-05-2024 14:00,45,135,123
12-05-2024 14:15,48,146,131
12-05-2024 14:30,48,147,131
12-05-2024 14:45,48,144,129
12-05-2024 15:00,47,141,127
12-05-2024 15:15,48,147,131
12-05-2024 15:30,52,164,143
12-05-2024 15:45,54,171,147
12-05-2024 16:00,53,165,143
12-05-2024 16:15,56,176,151
12-05-2024 16:30,58,185,157
12-05-2024 16:45,64,213,175
12-05-2024 17:00,69,232,188
12-05-2024 17:15,70,236,191
12-05-2024 17:30,69,232,188
12-05-2024 17:45,68,227,185
12-05-2024 18:00,67,224,183
12-05-2024 18:15,64,215,177
12-05-2024 18:30,65,217,178
12-05-2024 18:45,67,225,183
12-05-2024 19:00,67,225,183
12-05-2024 19:15,68,229,186
12-05-2024 19:30,71,239,193
12-05-2024 19:45,78,258,208
12-05-2024 20:00,77,256,206
12-05-2024 20:15,79,260,210
12-05-2024 20:30,83,266,216
12-05-2024 20:45,83,267,217
12-05-2024 21:00,80,262,212
12-05-2024 21:15,79,259,209
12-05-2024 21:30,78,258,208
12-05-2024 21:45,77,256,206
12-05-2024 22:00,79,260,210
12-05-2024 22:15,85,268,218
12-05-2024 22:30,87,271,221
12-05-2024 22:45,88,272,222
12-05-2024 23:00,88,272,222
12-05-2024 23:15,91,274,224
12-05-2024 23:30,96,279,229
12-05-2024 23:45,92,275,225
13-05-2024 00:00,88,272,222
13-05-2024 00:15,89,272,222
13-05-2024 00:30,95,278,228
13-05-2024 00:45,93,276,226
13-05-2024 01:00,90,273,223
13-05-2024 01:15,90,273,223
13-05-2024 01:30,90,273,223
13-05-2024 01:45,93,275,225
13-05-2024 02:00,92,275,225
13-05-2024 02:15,93,276,226
13-05-2024 02:30,94,276,226
13-05-2024 02:45,92,275,225
13-05-2024 03:00,94,277,227
13-05-2024 03:15,91,274,224
13-05-2024 03:30,91,274,224
13-05-2024 03:45,95,278,228
13-05-2024 04:00,98,282,232
13-05-2024 04:15,95,278,228
13-05-2024 04:30,95,278,228
13-05-2024 04:45,94,276,226
13-05-2024 05:00,90,273,223
13-05-2024 05:15,87,271,221
13-05-2024 05:30,83,267,217
13-05-2024 05:45,82,265,215
13-05-2024 06:00,81,264,214
13-05-2024 06:15,83,266,216
13-05-2024 06:30,83,267,217
13-05-2024 06:45,83,266,216
13-05-2024 07:00,80,262,212
13-05-2024 07:15,79,261,211
13-05-2024 07:30,76,255,205
13-05-2024 07:45,71,241,194
13-05-2024 08:00,70,235,190
13-05-2024 08:15,75,253,203
13-05-2024 08:30,106,299,253
13-05-2024 08:45,155,371,327
13-05-2024 09:00,160,377,334
13-05-2024 09:15,152,368,325
13-05-2024 09:30,134,341,311
13-05-2024 09:45,118,315,293
13-05-2024 10:00,107,296,257
13-05-2024 10:15,97,281,231
13-05-2024 10:30,91,274,224
13-05-2024 10:45,88,272,222
13-05-2024 11:00,87,270,220
13-05-2024 11:15,85,269,219
13-05-2024 11:30,83,267,217
13-05-2024 11:45,81,264,214
13-05-2024 12:00,81,263,213
13-05-2024 12:15,81,264,214
13-05-2024 12:30,82,265,215
13-05-2024 12:45,84,267,217
13-05-2024 13:00,84,268,218
13-05-2024 13:15,82,266,216
13-05-2024 13:30,80,262,212
13-05-2024 13:45,71,239,193
13-05-2024 14:00,60,193,162
13-05-2024 14:15,56,178,152
13-05-2024 14:30,52,160,140
13-05-2024 14:45,49,150,133
13-05-2024 15:00,48,146,131
13-05-2024 15:15,44,132,121
13-05-2024 15:30,36,99,99
13-05-2024 15:45,34,93,93
13-05-2024 16:00,30,75,75
13-05-2024 16:15,29,70,70
13-05-2024 16:30,31,77,77
13-05-2024 16:45,31,78,78
13-05-2024 17:00,33,88,88
13-05-2024 17:15,39,109,106
13-05-2024 17:30,43,127,118
13-05-2024 17:45,40,114,109
13-05-2024 18:00,38,107,105
13-05-2024 18:15,38,107,105
13-05-2024 18:30,39,109,106
13-05-2024 18:45,43,125,117
13-05-2024 19:00,47,143,129
13-05-2024 19:15,43,132,121
13-05-2024 19:30,45,153,135
13-05-2024 19:45,65,231,187
13-05-2024 20:00,75,272,222
13-05-2024 20:15,80,279,229
13-05-2024 20:30,84,285,235
13-05-2024 20:45,87,289,239
13-05-2024 21:00,79,280,230
13-05-2024 21:15,77,275,225
13-05-2024 21:30,72,266,216
13-05-2024 21:45,73,269,219
13-05-2024 22:00,75,272,222
13-05-2024 22:15,76,275,225
13-05-2024 22:30,79,279,229
13-05-2024 22:45,84,286,236
13-05-2024 23:00,86,288,238
13-05-2024 23:15,87,289,239
13-05-2024 23:30,89,290,240
13-05-2024 23:45,86,288,238
14-05-2024 00:00,83,285,235
14-05-2024 00:15,83,285,235
14-05-2024 00:30,88,290,240
14-05-2024 00:45,92,293,243
14-05-2024 01:00,92,293,243
14-05-2024 01:15,88,290,240
14-05-2024 01:30,85,288,238
14-05-2024 01:45,84,286,236
14-05-2024 02:00,86,288,238
14-05-2024 02:15,85,288,238
14-05-2024 02:30,84,287,237
14-05-2024 02:45,81,283,233
14-05-2024 03:00,84,286,236
14-05-2024 03:15,85,287,237
14-05-2024 03:30,90,291,241
14-05-2024 03:45,95,296,246
14-05-2024 04:00,106,311,261
14-05-2024 04:15,121,335,301
14-05-2024 04:30,121,336,301
14-05-2024 04:45,121,336,301
14-05-2024 05:00,126,345,305
14-05-2024 05:15,128,348,306
14-05-2024 05:30,134,360,312
14-05-2024 05:45,135,361,314
14-05-2024 06:00,159,396,358
14-05-2024 06:15,203,454,430
14-05-2024 06:30,195,443,416
14-05-2024 06:45,200,450,425
14-05-2024 07:00,228,485,469
14-05-2024 07:15,235,489,474
14-05-2024 07:30,244,496,482
14-05-2024 07:45,241,491,476
14-05-2024 08:00,219,464,442
14-05-2024 08:15,209,450,425
14-05-2024 08:30,196,431,401
14-05-2024 08:45,170,398,360
14-05-2024 09:00,168,393,354
14-05-2024 09:15,141,364,318
14-05-2024 09:30,130,347,308
14-05-2024 09:45,121,335,301
14-05-2024 10:00,115,326,283
14-05-2024 10:15,111,319,270
14-05-2024 10:30,102,305,255
14-05-2024 10:45,96,298,248
14-05-2024 11:00,80,280,230
14-05-2024 11:15,82,283,233
14-05-2024 11:30,82,284,234
14-05-2024 11:45,81,282,232
14-05-2024 12:00,79,279,229
14-05-2024 12:15,77,276,226
14-05-2024 12:30,74,270,220
14-05-2024 12:45,73,267,217
14-05-2024 13:00,75,271,221
14-05-2024 13:15,73,268,218
14-05-2024 13:30,71,262,212
14-05-2024 13:45,74,271,221
14-05-2024 14:00,73,269,219
14-05-2024 14:15,71,259,209
14-05-2024 14:30,61,220,180
14-05-2024 14:45,58,201,167
14-05-2024 15:00,54,189,159
14-05-2024 15:15,51,174,149
14-05-2024 15:30,45,153,135
14-05-2024 15:45,41,137,125
14-05-2024 16:00,41,134,123
14-05-2024 16:15,41,136,124
14-05-2024 16:30,44,147,131
14-05-2024 16:45,47,161,141
14-05-2024 17:00,46,156,137
14-05-2024 17:15,43,144,129
14-05-2024 17:30,42,139,126
14-05-2024 17:45,43,143,129
14-05-2024 18:00,42,142,128
14-05-2024 18:15,42,139,126
14-05-2024 18:30,40,130,120
14-05-2024 18:45,39,126,117
14-05-2024 19:00,38,124,116
14-05-2024 19:15,39,121,114
14-05-2024 19:30,48,138,125
14-05-2024 19:45,50,149,133
14-05-2024 20:00,53,161,141
14-05-2024 20:15,86,280,230
14-05-2024 20:30,120,348,300
14-05-2024 20:45,138,367,321
14-05-2024 21:00,187,438,410
14-05-2024 21:15,136,365,319
14-05-2024 21:30,95,310,260
14-05-2024 21:45,83,289,239
14-05-2024 22:00,86,295,245
14-05-2024 22:15,85,294,244
14-05-2024 22:30,84,292,242
14-05-2024 22:45,82,287,237
14-05-2024 23:00,81,285,235
14-05-2024 23:15,81,285,235
14-05-2024 23:30,82,288,238
14-05-2024 23:45,83,289,239
15-05-2024 00:00,84,291,241
15-05-2024 00:15,85,293,243
15-05-2024 00:30,85,295,245
15-05-2024 00:45,87,297,247
15-05-2024 01:00,92,302,252
15-05-2024 01:15,93,304,254
15-05-2024 01:30,100,316,266
15-05-2024 01:45,102,320,270
15-05-2024 02:00,104,325,275
15-05-2024 02:15,108,334,284
15-05-2024 02:30,113,341,291
15-05-2024 02:45,116,345,295
15-05-2024 03:00,116,345,295
15-05-2024 03:15,117,346,296
15-05-2024 03:30,117,346,296
15-05-2024 03:45,118,348,298
15-05-2024 04:00,117,346,296
15-05-2024 04:15,130,360,312
15-05-2024 04:30,138,369,324
15-05-2024 04:45,135,367,321
15-05-2024 05:00,136,367,321
15-05-2024 05:15,137,369,324
15-05-2024 05:30,127,359,311
15-05-2024 05:45,120,350,300
15-05-2024 06:00,116,347,297
15-05-2024 06:15,117,348,298
15-05-2024 06:30,118,349,299
15-05-2024 06:45,121,353,304
15-05-2024 07:00,118,348,298
15-05-2024 07:15,115,345,295
15-05-2024 07:30,111,340,290
15-05-2024 07:45,112,341,291
15-05-2024 08:00,119,349,299
15-05-2024 08:15,126,357,309
15-05-2024 08:30,122,352,302
15-05-2024 08:45,118,348,298
15-05-2024 09:00,130,359,311
15-05-2024 09:15,119,349,299
15-05-2024 09:30,118,348,298
15-05-2024 09:45,117,346,296
15-05-2024 10:00,107,330,280
15-05-2024 10:15,89,299,249
15-05-2024 10:30,83,290,240
15-05-2024 10:45,74,259,209
15-05-2024 11:00,71,248,199
15-05-2024 11:15,69,239,193
15-05-2024 11:30,69,239,193
15-05-2024 11:45,71,246,197
15-05-2024 12:00,73,254,204
15-05-2024 12:15,79,279,229
15-05-2024 12:30,70,243,195
15-05-2024 12:45,68,233,189
15-05-2024 13:00,70,241,194
15-05-2024 13:15,68,231,187
15-05-2024 13:30,67,229,186
15-05-2024 13:45,71,246,197
15-05-2024 14:00,73,253,203
15-05-2024 14:15,71,246,197
15-05-2024 14:30,73,255,205
15-05-2024 14:45,72,249,199
15-05-2024 15:00,70,241,194
15-05-2024 15:15,72,249,199
15-05-2024 15:30,61,196,164
15-05-2024 15:45,56,174,149
15-05-2024 16:00,56,173,149
15-05-2024 16:15,54,164,143
15-05-2024 16:30,54,164,143
15-05-2024 16:45,52,156,137
15-05-2024 17:00,49,147,131
15-05-2024 17:15,52,156,137
15-05-2024 17:30,66,224,183
15-05-2024 17:45,66,222,181
15-05-2024 18:00,66,221,181
15-05-2024 18:15,66,222,181
15-05-2024 18:30,67,227,185
15-05-2024 18:45,69,238,192
15-05-2024 19:00,72,252,202
15-05-2024 19:15,75,266,216
15-05-2024 19:30,78,276,226
15-05-2024 19:45,108,314,264
15-05-2024 20:00,231,500,488
15-05-2024 20:15,139,371,326
15-05-2024 20:30,111,337,287
15-05-2024 20:45,102,320,270
15-05-2024 21:00,89,299,249
15-05-2024 21:15,83,290,240
15-05-2024 21:30,79,280,230
15-05-2024 21:45,75,266,216
15-05-2024 22:00,75,264,214
15-05-2024 22:15,74,260,210
15-05-2024 22:30,74,260,210
15-05-2024 22:45,72,250,200
15-05-2024 23:00,73,255,205
15-05-2024 23:15,79,281,231
15-05-2024 23:30,83,290,240
15-05-2024 23:45,84,293,243
16-05-2024 00:00,86,295,245
16-05-2024 00:15,88,298,248
16-05-2024 00:30,87,298,248
16-05-2024 00:45,87,298,248
16-05-2024 01:00,88,299,249
16-05-2024 01:15,89,300,250
16-05-2024 01:30,89,300,250
16-05-2024 01:45,90,300,250
16-05-2024 02:00,91,301,251
16-05-2024 02:15,90,301,251
16-05-2024 02:30,93,303,253
16-05-2024 02:45,92,302,252
16-05-2024 03:00,90,300,250
16-05-2024 03:15,87,297,247
16-05-2024 03:30,86,296,246
16-05-2024 03:45,85,293,243
16-05-2024 04:00,83,290,240
16-05-2024 04:15,82,289,239
16-05-2024 04:30,84,292,242
16-05-2024 04:45,84,293,243
16-05-2024 05:00,84,291,241
16-05-2024 05:15,85,294,244
16-05-2024 05:30,85,294,244
16-05-2024 05:45,87,297,247
16-05-2024 06:00,88,298,248
16-05-2024 06:15,88,299,249
16-05-2024 06:30,89,299,249
16-05-2024 06:45,89,299,249
16-05-2024 07:00,87,297,247
16-05-2024 07:15,87,297,247
16-05-2024 07:30,88,299,249
16-05-2024 07:45,88,299,249
16-05-2024 08:00,88,299,249
16-05-2024 08:15,94,306,256
16-05-2024 08:30,93,304,254
16-05-2024 08:45,90,300,250
16-05-2024 09:00,89,300,250
16-05-2024 09:15,88,299,249
16-05-2024 09:30,88,299,249
16-05-2024 09:45,88,299,249
16-05-2024 10:00,88,299,249
16-05-2024 10:15,86,296,246
16-05-2024 10:30,86,296,246
16-05-2024 10:45,86,296,246
16-05-2024 11:00,86,296,246
16-05-2024 11:15,86,295,245
16-05-2024 11:30,86,295,245
16-05-2024 11:45,86,296,246
16-05-2024 12:00,89,299,249
16-05-2024 12:15,85,294,244
16-05-2024 12:30,85,294,244
16-05-2024 12:45,86,296,246
16-05-2024 13:00,88,298,248
16-05-2024 13:15,89,300,250
16-05-2024 13:30,88,298,248
16-05-2024 13:45,88,298,248
16-05-2024 14:00,87,298,248
16-05-2024 14:15,88,299,249
16-05-2024 14:30,88,299,249
16-05-2024 14:45,87,298,248
16-05-2024 15:00,88,299,249
16-05-2024 15:15,89,299,249
16-05-2024 15:30,89,300,250
16-05-2024 15:45,88,299,249
16-05-2024 16:00,88,298,248
16-05-2024 16:15,87,297,247
16-05-2024 16:30,86,296,246
16-05-2024 16:45,86,295,245
16-05-2024 17:00,85,294,244
16-05-2024 17:15,83,289,239
16-05-2024 17:30,81,285,235
16-05-2024 17:45,80,283,233
16-05-2024 18:00,80,283,233
16-05-2024 18:15,80,284,234
16-05-2024 18:30,81,285,235
16-05-2024 18:45,81,286,236
16-05-2024 19:00,83,289,239
16-05-2024 19:15,83,290,240
16-05-2024 19:30,84,292,242
16-05-2024 19:45,87,296,246
16-05-2024 20:00,86,295,245
16-05-2024 20:15,85,294,244
16-05-2024 20:30,87,297,247
16-05-2024 20:45,92,305,255
16-05-2024 21:00,86,295,245
16-05-2024 21:15,84,292,242
16-05-2024 21:30,84,291,241
16-05-2024 21:45,84,292,242
16-05-2024 22:00,84,293,243
16-05-2024 22:15,84,293,243
16-05-2024 22:30,85,293,243
16-05-2024 22:45,85,293,243
16-05-2024 23:00,84,292,242
16-05-2024 23:15,84,291,241
16-05-2024 23:30,83,290,240
16-05-2024 23:45,82,288,238
17-05-2024 00:00,81,285,235
17-05-2024 00:15,80,283,233
17-05-2024 00:30,80,282,232
17-05-2024 00:45,78,279,229
17-05-2024 01:00,79,279,229
17-05-2024 01:15,78,278,228
17-05-2024 01:30,72,252,202
17-05-2024 01:45,72,252,202
17-05-2024 02:00,78,278,228
17-05-2024 02:15,79,279,229
17-05-2024 02:30,79,281,231
17-05-2024 02:45,79,281,231
17-05-2024 03:00,78,279,229
17-05-2024 03:15,77,274,224
17-05-2024 03:30,76,271,221
17-05-2024 03:45,76,272,222
17-05-2024 04:00,81,286,236
17-05-2024 04:15,81,286,236
17-05-2024 04:30,81,286,236
17-05-2024 04:45,81,284,234
17-05-2024 05:00,80,283,233
17-05-2024 05:15,75,265,215
17-05-2024 05:30,74,259,209
17-05-2024 05:45,79,276,226
17-05-2024 06:00,85,294,244
17-05-2024 06:15,88,299,249
17-05-2024 06:30,90,300,250
17-05-2024 06:45,91,301,251
17-05-2024 07:00,92,302,252
17-05-2024 07:15,95,307,257
17-05-2024 07:30,98,312,262
17-05-2024 07:45,98,312,262
17-05-2024 08:00,99,315,265
17-05-2024 08:15,105,326,276
17-05-2024 08:30,98,311,261
17-05-2024 08:45,107,331,281
17-05-2024 09:00,91,302,252
17-05-2024 09:15,81,285,235
17-05-2024 09:30,79,275,225
17-05-2024 09:45,80,281,231
17-05-2024 10:00,80,283,233
17-05-2024 10:15,78,279,229
17-05-2024 10:30,74,259,209
17-05-2024 10:45,68,235,190
17-05-2024 11:00,72,251,201
17-05-2024 11:15,73,257,207
17-05-2024 11:30,77,272,222
17-05-2024 11:45,70,243,195
17-05-2024 12:00,64,211,174
17-05-2024 12:15,58,185,157
17-05-2024 12:30,59,190,160
17-05-2024 12:45,57,181,154
17-05-2024 13:00,58,185,157
17-05-2024 13:15,56,176,151
17-05-2024 13:30,57,181,154
17-05-2024 13:45,55,172,148
17-05-2024 14:00,54,165,143
17-05-2024 14:15,52,156,137
17-05-2024 14:30,58,184,156
17-05-2024 14:45,68,235,190
17-05-2024 15:00,72,252,202
17-05-2024 15:15,81,285,235
17-05-2024 15:30,81,285,235
17-05-2024 15:45,79,281,231
17-05-2024 16:00,74,262,212
17-05-2024 16:15,70,242,195
17-05-2024 16:30,61,197,165
17-05-2024 16:45,57,180,153
17-05-2024 17:00,55,169,146
17-05-2024 17:15,51,154,136
17-05-2024 17:30,46,131,121
17-05-2024 17:45,46,131,121
17-05-2024 18:00,45,123,115
17-05-2024 18:15,44,119,113
17-05-2024 18:30,45,123,115
17-05-2024 18:45,46,128,119
17-05-2024 19:00,46,131,121
17-05-2024 19:15,60,192,161
17-05-2024 19:30,54,165,143
17-05-2024 19:45,63,206,171
17-05-2024 20:00,97,310,260
17-05-2024 20:15,108,331,281
17-05-2024 20:30,140,368,322
17-05-2024 20:45,113,341,291
17-05-2024 21:00,96,309,259
17-05-2024 21:15,87,297,247
17-05-2024 21:30,82,286,236
17-05-2024 21:45,79,280,230
17-05-2024 22:00,79,281,231
17-05-2024 22:15,80,283,233
17-05-2024 22:30,80,283,233
17-05-2024 22:45,82,288,238
17-05-2024 23:00,82,287,237
17-05-2024 23:15,83,289,239
17-05-2024 23:30,82,287,237
17-05-2024 23:45,82,286,236
18-05-2024 00:00,82,288,238
18-05-2024 00:15,83,291,241
18-05-2024 00:30,82,288,238
18-05-2024 00:45,83,290,240
18-05-2024 01:00,83,291,241
18-05-2024 01:15,84,292,242
18-05-2024 01:30,86,295,245
18-05-2024 01:45,87,298,248
18-05-2024 02:00,87,297,247
18-05-2024 02:15,86,296,246
18-05-2024 02:30,87,297,247
18-05-2024 02:45,88,299,249
18-05-2024 03:00,91,301,251
18-05-2024 03:15,91,302,252
18-05-2024 03:30,96,308,258
18-05-2024 03:45,93,304,254
18-05-2024 04:00,99,316,266
18-05-2024 04:15,106,330,280
18-05-2024 04:30,110,337,287
18-05-2024 04:45,107,333,283
18-05-2024 05:00,104,325,275
18-05-2024 05:15,102,320,270
18-05-2024 05:30,99,314,264
18-05-2024 05:45,95,307,257
18-05-2024 06:00,92,302,252
18-05-2024 06:15,89,300,250
18-05-2024 06:30,87,298,248
18-05-2024 06:45,87,297,247
18-05-2024 07:00,86,295,245
18-05-2024 07:15,96,310,260
18-05-2024 07:30,99,313,263
18-05-2024 07:45,96,309,259
18-05-2024 08:00,97,310,260
18-05-2024 08:15,94,305,255
18-05-2024 08:30,90,300,250
18-05-2024 08:45,87,297,247
18-05-2024 09:00,85,294,244
18-05-2024 09:15,83,291,241
18-05-2024 09:30,83,288,238
18-05-2024 09:45,83,290,240
18-05-2024 10:00,85,295,245
18-05-2024 10:15,87,298,248
18-05-2024 10:30,89,300,250
18-05-2024 10:45,93,303,253
18-05-2024 11:00,95,307,257
18-05-2024 11:15,96,308,258
18-05-2024 11:30,101,318,268
18-05-2024 11:45,96,309,259
18-05-2024 12:00,96,309,259
18-05-2024 12:15,89,300,250
18-05-2024 12:30,82,288,238
18-05-2024 12:45,73,255,205
18-05-2024 13:00,66,219,179
18-05-2024 13:15,61,197,165
18-05-2024 13:30,60,192,161
18-05-2024 13:45,56,175,150
18-05-2024 14:00,54,165,143
18-05-2024 14:15,52,159,139
18-05-2024 14:30,52,156,137
18-05-2024 14:45,53,161,141
18-05-2024 15:00,53,161,141
18-05-2024 15:15,53,161,141
18-05-2024 15:30,53,160,140
18-05-2024 15:45,50,151,134
18-05-2024 16:00,50,148,132
18-05-2024 16:15,49,143,129
18-05-2024 16:30,47,134,123
18-05-2024 16:45,46,132,121
18-05-2024 17:00,45,127,118
18-05-2024 17:15,45,123,115
18-05-2024 17:30,44,122,115
18-05-2024 17:45,49,142,128
18-05-2024 18:00,72,242,195
18-05-2024 18:15,50,151,134
18-05-2024 18:30,46,130,120
18-05-2024 18:45,45,125,117
18-05-2024 19:00,45,123,115
18-05-2024 19:15,45,124,116
18-05-2024 19:30,45,124,116
18-05-2024 19:45,46,130,120
18-05-2024 20:00,46,129,119
18-05-2024 20:15,46,132,121
18-05-2024 20:30,47,137,125
18-05-2024 20:45,49,144,129
18-05-2024 21:00,51,153,135
18-05-2024 21:15,53,160,140
18-05-2024 21:30,55,169,146
18-05-2024 21:45,81,281,231
18-05-2024 22:00,78,276,226
18-05-2024 22:15,74,258,208
18-05-2024 22:30,70,241,194
18-05-2024 22:45,67,228,185
18-05-2024 23:00,66,221,181
18-05-2024 23:15,65,215,177
18-05-2024 23:30,65,216,177
18-05-2024 23:45,68,231,187
19-05-2024 00:00,72,251,201
19-05-2024 00:15,76,271,221
19-05-2024 00:30,81,286,236
19-05-2024 00:45,83,289,239
19-05-2024 01:00,83,289,239
19-05-2024 01:15,83,290,240
19-05-2024 01:30,82,288,238
19-05-2024 01:45,82,287,237
19-05-2024 02:00,82,287,237
19-05-2024 02:15,82,287,237
19-05-2024 02:30,82,287,237
19-05-2024 02:45,84,292,242
19-05-2024 03:00,87,297,247
19-05-2024 03:15,93,305,255
19-05-2024 03:30,101,321,271
19-05-2024 03:45,108,335,285
19-05-2024 04:00,108,336,286
19-05-2024 04:15,110,338,288
19-05-2024 04:30,110,341,291
19-05-2024 04:45,110,340,290
19-05-2024 05:00,109,339,289
19-05-2024 05:15,109,339,289
19-05-2024 05:30,110,341,291
19-05-2024 05:45,111,342,292
19-05-2024 06:00,111,342,292
19-05-2024 06:15,108,337,287
19-05-2024 06:30,106,334,284
19-05-2024 06:45,107,334,284
19-05-2024 07:00,107,335,285
19-05-2024 07:15,109,337,287
19-05-2024 07:30,111,342,292
19-05-2024 07:45,116,346,296
19-05-2024 08:00,118,348,298
19-05-2024 08:15,120,350,300
19-05-2024 08:30,126,357,309
19-05-2024 08:45,132,363,316
19-05-2024 09:00,125,356,308
19-05-2024 09:15,119,348,298
19-05-2024 09:30,114,343,293
19-05-2024 09:45,112,341,291
19-05-2024 10:00,110,338,288
19-05-2024 10:15,105,326,276
19-05-2024 10:30,100,315,265
19-05-2024 10:45,96,307,257
19-05-2024 11:00,92,302,252
19-05-2024 11:15,90,300,250
19-05-2024 11:30,85,295,245
19-05-2024 11:45,81,285,235
19-05-2024 12:00,76,268,218
19-05-2024 12:15,73,255,205
19-05-2024 12:30,67,227,185
19-05-2024 12:45,63,206,171
19-05-2024 13:00,58,183,155
19-05-2024 13:15,373,663,691
19-05-2024 13:30,121,348,301
19-05-2024 13:45,89,298,248
19-05-2024 14:00,67,224,183
19-05-2024 14:15,53,160,140
19-05-2024 14:30,43,117,111
19-05-2024 14:45,38,94,94
19-05-2024 15:00,36,85,85
19-05-2024 15:15,36,83,83
19-05-2024 15:30,35,82,82
19-05-2024 15:45,36,82,82
19-05-2024 16:00,35,80,80
19-05-2024 16:15,36,81,81
19-05-2024 16:30,35,79,79
19-05-2024 16:45,34,77,77
19-05-2024 17:00,35,80,80
19-05-2024 17:15,35,79,79
19-05-2024 17:30,33,75,75
19-05-2024 17:45,33,75,75
19-05-2024 18:00,32,73,73
19-05-2024 18:15,34,78,78
19-05-2024 18:30,35,80,80
19-05-2024 18:45,36,82,82
19-05-2024 19:00,37,86,86
19-05-2024 19:15,38,93,93
19-05-2024 19:30,38,95,95
19-05-2024 19:45,40,102,101
19-05-2024 20:00,41,107,105
19-05-2024 20:15,43,118,112
19-05-2024 20:30,46,130,120
19-05-2024 20:45,48,141,127
19-05-2024 21:00,51,154,136
19-05-2024 21:15,53,161,141
19-05-2024 21:30,49,147,131
19-05-2024 21:45,49,143,129
19-05-2024 22:00,48,140,127
19-05-2024 22:15,47,136,124
19-05-2024 22:30,46,130,120
19-05-2024 22:45,45,125,117
19-05-2024 23:00,45,126,117
19-05-2024 23:15,44,121,114
19-05-2024 23:30,42,113,109
19-05-2024 23:45,41,109,106
20-05-2024 00:00,40,106,104
20-05-2024 00:15,39,101,101
20-05-2024 00:30,39,99,99
20-05-2024 00:45,39,103,102
20-05-2024 01:00,40,104,103
20-05-2024 01:15,40,107,105
20-05-2024 01:30,41,111,107
20-05-2024 01:45,44,122,115
20-05-2024 02:00,46,131,121
20-05-2024 02:15,48,140,127
20-05-2024 02:30,49,148,132
20-05-2024 02:45,50,151,134
20-05-2024 03:00,53,166,144
20-05-2024 03:15,55,175,150
20-05-2024 03:30,56,181,154
20-05-2024 03:45,57,188,159
20-05-2024 04:00,57,188,159
20-05-2024 04:15,57,184,156
20-05-2024 04:30,57,184,156
20-05-2024 04:45,56,182,155
20-05-2024 05:00,56,182,155
20-05-2024 05:15,56,180,153
20-05-2024 05:30,58,191,161
20-05-2024 05:45,59,196,164
20-05-2024 06:00,57,190,160
20-05-2024 06:15,57,190,160
20-05-2024 06:30,59,203,169
20-05-2024 06:45,63,223,182
20-05-2024 07:00,65,238,192
20-05-2024 07:15,70,266,216
20-05-2024 07:30,78,286,236
20-05-2024 07:45,84,296,246
20-05-2024 08:00,83,295,245
20-05-2024 08:15,85,296,246
20-05-2024 08:30,85,297,247
20-05-2024 08:45,83,292,242
20-05-2024 09:00,81,287,237
20-05-2024 09:15,81,288,238
20-05-2024 09:30,81,287,237
20-05-2024 09:45,80,285,235
20-05-2024 10:00,81,285,235
20-05-2024 10:15,79,282,232
20-05-2024 10:30,80,283,233
20-05-2024 10:45,78,281,231
20-05-2024 11:00,77,275,225
20-05-2024 11:15,72,254,204
20-05-2024 11:30,63,212,175
20-05-2024 11:45,56,174,149
20-05-2024 12:00,49,145,130
20-05-2024 12:15,46,129,119
20-05-2024 12:30,42,116,111
20-05-2024 12:45,40,106,104
20-05-2024 13:00,39,98,98
20-05-2024 13:15,37,90,90
20-05-2024 13:30,36,87,87
20-05-2024 13:45,35,83,83
20-05-2024 14:00,34,82,82
20-05-2024 14:15,31,76,76
20-05-2024 14:30,33,76,76
20-05-2024 14:45,33,79,79
20-05-2024 15:00,34,79,79
20-05-2024 15:15,35,81,81
20-05-2024 15:30,35,80,80
20-05-2024 15:45,35,80,80
20-05-2024 16:00,35,80,80
20-05-2024 16:15,35,81,81
20-05-2024 16:30,36,83,83
20-05-2024 16:45,36,86,86
20-05-2024 17:00,36,85,85
20-05-2024 17:15,36,84,84
20-05-2024 17:30,36,85,85
20-05-2024 17:45,36,84,84
20-05-2024 18:00,35,80,80
20-05-2024 18:15,35,80,80
20-05-2024 18:30,35,81,81
20-05-2024 18:45,35,78,78
20-05-2024 19:00,35,80,80
20-05-2024 19:15,37,92,92
20-05-2024 19:30,39,99,99
20-05-2024 19:45,40,105,103
20-05-2024 20:00,40,102,101
20-05-2024 20:15,41,106,104
20-05-2024 20:30,43,118,112
20-05-2024 20:45,50,146,131
20-05-2024 21:00,66,219,179
20-05-2024 21:15,69,239,193
20-05-2024 21:30,66,222,181
20-05-2024 21:45,65,213,175
20-05-2024 22:00,63,204,169
20-05-2024 22:15,63,206,171
20-05-2024 22:30,65,217,178
20-05-2024 22:45,65,218,179
20-05-2024 23:00,65,216,177
20-05-2024 23:15,67,227,185
20-05-2024 23:30,74,258,208
20-05-2024 23:45,80,281,231
21-05-2024 00:00,82,287,237
21-05-2024 00:15,82,287,237
21-05-2024 00:30,82,288,238
21-05-2024 00:45,83,290,240
21-05-2024 01:00,83,289,239
21-05-2024 01:15,84,291,241
21-05-2024 01:30,82,288,238
21-05-2024 01:45,82,288,238
21-05-2024 02:00,82,287,237
21-05-2024 02:15,81,285,235
21-05-2024 02:30,81,286,236
21-05-2024 02:45,82,288,238
21-05-2024 03:00,82,288,238
21-05-2024 03:15,82,287,237
21-05-2024 03:30,82,288,238
21-05-2024 03:45,82,286,236
21-05-2024 04:00,86,295,245
21-05-2024 04:15,86,296,246
21-05-2024 04:30,84,293,243
21-05-2024 04:45,83,290,240
21-05-2024 05:00,83,290,240
21-05-2024 05:15,82,288,238
21-05-2024 05:30,83,289,239
21-05-2024 05:45,83,291,241
21-05-2024 06:00,83,289,239
21-05-2024 06:15,82,288,238
21-05-2024 06:30,82,287,237
21-05-2024 06:45,80,282,232
21-05-2024 07:00,80,283,233
21-05-2024 07:15,80,283,233
21-05-2024 07:30,78,278,228
21-05-2024 07:45,77,272,222
21-05-2024 08:00,76,270,220
21-05-2024 08:15,77,274,224
21-05-2024 08:30,76,271,221
21-05-2024 08:45,74,262,212
21-05-2024 09:00,72,248,199
21-05-2024 09:15,72,249,199
21-05-2024 09:30,71,247,198
21-05-2024 09:45,71,245,197
21-05-2024 10:00,71,245,197
21-05-2024 10:15,71,248,199
21-05-2024 10:30,71,247,198
21-05-2024 10:45,72,250,200
21-05-2024 11:00,72,248,199
21-05-2024 11:15,71,247,198
21-05-2024 11:30,66,224,183
21-05-2024 11:45,65,213,175
21-05-2024 12:00,63,207,171
21-05-2024 12:15,63,205,170
21-05-2024 12:30,62,202,168
21-05-2024 12:45,62,200,167
21-05-2024 13:00,61,196,164
21-05-2024 13:15,61,197,165
21-05-2024 13:30,60,195,163
21-05-2024 13:45,61,197,165
21-05-2024 14:00,60,192,161
21-05-2024 14:15,59,191,161
21-05-2024 14:30,60,193,162
21-05-2024 14:45,59,189,159
21-05-2024 15:00,58,185,157
21-05-2024 15:15,58,187,158
21-05-2024 15:30,58,183,155
21-05-2024 15:45,57,179,153
21-05-2024 16:00,57,179,153
21-05-2024 16:15,55,172,148
21-05-2024 16:30,54,167,145
21-05-2024 16:45,54,164,143
21-05-2024 17:00,53,161,141
21-05-2024 17:15,51,156,137
21-05-2024 17:30,51,154,136
21-05-2024 17:45,50,152,135
21-05-2024 18:00,51,153,135
21-05-2024 18:15,50,152,135
21-05-2024 18:30,51,153,135
21-05-2024 18:45,49,147,131
21-05-2024 19:00,49,146,131
21-05-2024 19:15,48,140,127
21-05-2024 19:30,49,145,130
21-05-2024 19:45,50,149,133
21-05-2024 20:00,52,159,139
21-05-2024 20:15,53,162,141
21-05-2024 20:30,54,165,143
21-05-2024 20:45,55,168,145
21-05-2024 21:00,55,170,147
21-05-2024 21:15,56,175,150
21-05-2024 21:30,55,171,147
21-05-2024 21:45,58,183,155
21-05-2024 22:00,60,192,161
21-05-2024 22:15,59,191,161
21-05-2024 22:30,60,192,161
21-05-2024 22:45,60,195,163
21-05-2024 23:00,61,197,165
21-05-2024 23:15,63,206,171
21-05-2024 23:30,67,229,186
21-05-2024 23:45,71,247,198
22-05-2024 00:00,74,259,209
22-05-2024 00:15,73,257,207
22-05-2024 00:30,73,255,205
22-05-2024 00:45,71,247,198
22-05-2024 01:00,70,243,195
22-05-2024 01:15,71,244,196
22-05-2024 01:30,70,242,195
22-05-2024 01:45,71,244,196
22-05-2024 02:00,72,249,199
22-05-2024 02:15,73,254,204
22-05-2024 02:30,75,265,215
22-05-2024 02:45,75,266,216
22-05-2024 03:00,74,259,209
22-05-2024 03:15,73,256,206
22-05-2024 03:30,72,251,201
22-05-2024 03:45,71,245,197
22-05-2024 04:00,71,246,197
22-05-2024 04:15,70,241,194
22-05-2024 04:30,69,238,192
22-05-2024 04:45,68,233,189
22-05-2024 05:00,68,234,189
22-05-2024 05:15,68,234,189
22-05-2024 05:30,69,240,193
22-05-2024 05:45,71,248,199
22-05-2024 06:00,72,250,200
22-05-2024 06:15,74,258,208
22-05-2024 06:30,74,258,208
22-05-2024 06:45,73,254,204
22-05-2024 07:00,72,249,199
22-05-2024 07:15,70,243,195
22-05-2024 07:30,68,233,189
22-05-2024 07:45,68,235,190
22-05-2024 08:00,70,241,194
22-05-2024 08:15,72,250,200
22-05-2024 08:30,73,253,203
22-05-2024 08:45,75,263,213
22-05-2024 09:00,77,274,224
22-05-2024 09:15,78,278,228
22-05-2024 09:30,79,281,231
22-05-2024 09:45,79,280,230
22-05-2024 10:00,78,278,228
22-05-2024 10:15,78,280,230
22-05-2024 10:30,78,279,229
22-05-2024 10:45,80,281,231
22-05-2024 11:00,79,280,230
22-05-2024 11:15,80,282,232
22-05-2024 11:30,80,283,233
22-05-2024 11:45,80,282,232
22-05-2024 12:00,79,282,232
22-05-2024 12:15,79,280,230
22-05-2024 12:30,80,282,232
22-05-2024 12:45,79,280,230
22-05-2024 13:00,78,280,230
22-05-2024 13:15,77,275,225
22-05-2024 13:30,76,271,221
22-05-2024 13:45,77,272,222
22-05-2024 14:00,75,265,215
22-05-2024 14:15,74,259,209
22-05-2024 14:30,73,254,204
22-05-2024 14:45,72,248,199
22-05-2024 15:00,70,241,194
22-05-2024 15:15,70,241,194
22-05-2024 15:30,69,239,193
22-05-2024 15:45,68,235,190
22-05-2024 16:00,68,233,189
22-05-2024 16:15,69,237,191
22-05-2024 16:30,68,233,189
22-05-2024 16:45,67,229,186
22-05-2024 17:00,68,232,188
22-05-2024 17:15,68,234,189
22-05-2024 17:30,69,237,191
22-05-2024 17:45,69,238,192
22-05-2024 18:00,70,241,194
22-05-2024 18:15,70,243,195
22-05-2024 18:30,70,241,194
22-05-2024 18:45,71,245,197
22-05-2024 19:00,71,245,197
22-05-2024 19:15,71,246,197
22-05-2024 19:30,70,240,193
22-05-2024 19:45,69,236,191
22-05-2024 20:00,70,244,196
22-05-2024 20:15,75,264,214
22-05-2024 20:30,80,282,232
22-05-2024 20:45,135,363,316
22-05-2024 21:00,125,353,304
22-05-2024 21:15,96,308,258
22-05-2024 21:30,85,293,243
22-05-2024 21:45,79,281,231
22-05-2024 22:00,77,273,223
22-05-2024 22:15,76,269,219
22-05-2024 22:30,76,271,221
22-05-2024 22:45,76,271,221
22-05-2024 23:00,76,268,218
22-05-2024 23:15,75,264,214
22-05-2024 23:30,71,246,197
22-05-2024 23:45,68,230,187
23-05-2024 00:00,66,220,180
23-05-2024 00:15,64,208,172
23-05-2024 00:30,61,197,165
23-05-2024 00:45,59,189,159
23-05-2024 01:00,59,188,159
23-05-2024 01:15,57,180,153
23-05-2024 01:30,55,170,147
23-05-2024 01:45,55,170,147
23-05-2024 02:00,54,167,145
23-05-2024 02:15,54,166,144
23-05-2024 02:30,52,158,139
23-05-2024 02:45,51,155,137
23-05-2024 03:00,51,155,137
23-05-2024 03:15,51,154,136
23-05-2024 03:30,51,153,135
23-05-2024 03:45,50,150,133
23-05-2024 04:00,49,145,130
23-05-2024 04:15,49,145,130
23-05-2024 04:30,48,142,128
23-05-2024 04:45,48,139,126
23-05-2024 05:00,48,142,128
23-05-2024 05:15,49,144,129
23-05-2024 05:30,49,145,130
23-05-2024 05:45,49,147,131
23-05-2024 06:00,50,150,133
23-05-2024 06:15,53,159,139
23-05-2024 06:30,54,165,143
23-05-2024 06:45,55,170,147
23-05-2024 07:00,57,181,154
23-05-2024 07:15,58,184,156
23-05-2024 07:30,58,187,158
23-05-2024 07:45,60,192,161
23-05-2024 08:00,63,205,170
23-05-2024 08:15,64,212,175
23-05-2024 08:30,65,217,178
23-05-2024 08:45,68,234,189
23-05-2024 09:00,72,251,201
23-05-2024 09:15,73,253,203
23-05-2024 09:30,73,256,206
23-05-2024 09:45,76,269,219
23-05-2024 10:00,74,260,210
23-05-2024 10:15,74,258,208
23-05-2024 10:30,74,262,212
23-05-2024 10:45,77,273,223
23-05-2024 11:00,75,265,215
23-05-2024 11:15,73,256,206
23-05-2024 11:30,74,261,211
23-05-2024 11:45,76,270,220
23-05-2024 12:00,75,263,213
23-05-2024 12:15,74,259,209
23-05-2024 12:30,73,257,207
23-05-2024 12:45,74,260,210
23-05-2024 13:00,72,250,200
23-05-2024 13:15,70,241,194
23-05-2024 13:30,68,235,190
23-05-2024 13:45,66,221,181
23-05-2024 14:00,64,212,175
23-05-2024 14:15,64,210,173
23-05-2024 14:30,63,205,170
23-05-2024 14:45,61,198,165
23-05-2024 15:00,61,197,165
23-05-2024 15:15,60,194,163
23-05-2024 15:30,60,192,161
23-05-2024 15:45,58,186,157
23-05-2024 16:00,58,184,156
23-05-2024 16:15,58,187,158
23-05-2024 16:30,59,188,159
23-05-2024 16:45,59,188,159
23-05-2024 17:00,59,188,159
23-05-2024 17:15,58,186,157
23-05-2024 17:30,58,183,155
23-05-2024 17:45,57,181,154
23-05-2024 18:00,57,180,153
23-05-2024 18:15,57,182,155
23-05-2024 18:30,59,191,161
23-05-2024 18:45,59,189,159
23-05-2024 19:00,59,189,159
23-05-2024 19:15,60,193,162
23-05-2024 19:30,64,211,174
23-05-2024 19:45,67,223,182
23-05-2024 20:00,93,306,256
23-05-2024 20:15,90,300,250
23-05-2024 20:30,102,320,270
23-05-2024 20:45,74,258,208
23-05-2024 21:00,68,229,186
23-05-2024 21:15,66,219,179
23-05-2024 21:30,65,215,177
23-05-2024 21:45,65,216,177
23-05-2024 22:00,64,210,173
23-05-2024 22:15,66,218,179
23-05-2024 22:30,66,219,179
23-05-2024 22:45,66,220,180
23-05-2024 23:00,66,219,179
23-05-2024 23:15,66,222,181
23-05-2024 23:30,65,213,175
23-05-2024 23:45,65,217,178
24-05-2024 00:00,65,215,177
24-05-2024 00:15,65,216,177
24-05-2024 00:30,65,214,176
24-05-2024 00:45,64,209,173
24-05-2024 01:00,62,200,167
24-05-2024 01:15,61,198,165
24-05-2024 01:30,61,198,165
24-05-2024 01:45,62,202,168
24-05-2024 02:00,63,204,169
24-05-2024 02:15,63,204,169
24-05-2024 02:30,62,201,167
24-05-2024 02:45,60,194,163
24-05-2024 03:00,60,192,161
24-05-2024 03:15,59,191,161
24-05-2024 03:30,59,189,159
24-05-2024 03:45,58,185,157
24-05-2024 04:00,58,185,157
24-05-2024 04:15,58,185,157
24-05-2024 04:30,58,186,157
24-05-2024 04:45,61,198,165
24-05-2024 05:00,63,206,171
24-05-2024 05:15,63,206,171
24-05-2024 05:30,64,210,173
24-05-2024 05:45,65,213,175
24-05-2024 06:00,67,228,185
24-05-2024 06:15,78,278,228
24-05-2024 06:30,79,281,231
24-05-2024 06:45,72,249,199
24-05-2024 07:00,68,233,189
24-05-2024 07:15,65,217,178
24-05-2024 07:30,64,208,172
24-05-2024 07:45,63,204,169
24-05-2024 08:00,62,201,167
24-05-2024 08:15,59,192,161
24-05-2024 08:30,61,196,164
24-05-2024 08:45,60,194,163
24-05-2024 09:00,62,206,171
24-05-2024 09:15,58,185,157
24-05-2024 09:30,58,186,157
24-05-2024 09:45,58,186,157
24-05-2024 10:00,58,186,157
24-05-2024 10:15,58,187,158
24-05-2024 10:30,59,190,160
24-05-2024 10:45,59,190,160
24-05-2024 11:00,59,190,160
24-05-2024 11:15,59,189,159
24-05-2024 11:30,58,186,157
24-05-2024 11:45,58,187,158
24-05-2024 12:00,59,191,161
24-05-2024 12:15,64,212,175
24-05-2024 12:30,63,206,171
24-05-2024 12:45,64,209,173
24-05-2024 13:00,60,194,163
24-05-2024 13:15,59,187,158
24-05-2024 13:30,60,192,161
24-05-2024 13:45,58,186,157
24-05-2024 14:00,59,189,159
24-05-2024 14:15,58,187,158
24-05-2024 14:30,59,189,159
24-05-2024 14:45,59,188,159
24-05-2024 15:00,59,191,161
24-05-2024 15:15,60,193,162
24-05-2024 15:30,61,199,166
24-05-2024 15:45,61,196,164
24-05-2024 16:00,60,194,163
24-05-2024 16:15,60,195,163
24-05-2024 16:30,59,192,161
24-05-2024 16:45,60,193,162
24-05-2024 17:00,61,196,164
24-05-2024 17:15,62,200,167
24-05-2024 17:30,62,201,167
24-05-2024 17:45,63,203,169
24-05-2024 18:00,63,206,171
24-05-2024 18:15,63,206,171
24-05-2024 18:30,64,208,172
24-05-2024 18:45,63,206,171
24-05-2024 19:00,66,221,181
24-05-2024 19:15,66,222,181
24-05-2024 19:30,66,220,180
24-05-2024 19:45,67,226,184
24-05-2024 20:00,69,236,191
24-05-2024 20:15,68,235,190
24-05-2024 20:30,66,221,181
24-05-2024 20:45,67,223,182
24-05-2024 21:00,75,261,211
24-05-2024 21:15,71,248,199
24-05-2024 21:30,71,246,197
24-05-2024 21:45,71,248,199
24-05-2024 22:00,74,259,209
24-05-2024 22:15,73,254,204
24-05-2024 22:30,72,249,199
24-05-2024 22:45,71,247,198
24-05-2024 23:00,71,244,196
24-05-2024 23:15,70,243,195
24-05-2024 23:30,68,236,191
24-05-2024 23:45,68,236,191
25-05-2024 00:00,68,235,190
25-05-2024 00:15,69,237,191
25-05-2024 00:30,69,237,191
25-05-2024 00:45,68,235,190
25-05-2024 01:00,69,237,191
25-05-2024 01:15,71,246,197
25-05-2024 01:30,70,242,195
25-05-2024 01:45,67,229,186
25-05-2024 02:00,67,227,185
25-05-2024 02:15,67,229,186
25-05-2024 02:30,69,239,193
25-05-2024 02:45,72,250,200
25-05-2024 03:00,72,251,201
25-05-2024 03:15,73,256,206
25-05-2024 03:30,72,253,203
25-05-2024 03:45,74,262,212
25-05-2024 04:00,74,261,211
25-05-2024 04:15,75,266,216
25-05-2024 04:30,75,265,215
25-05-2024 04:45,77,275,225
25-05-2024 05:00,76,269,219
25-05-2024 05:15,75,263,213
25-05-2024 05:30,74,260,210
25-05-2024 05:45,77,276,226
25-05-2024 06:00,78,279,229
25-05-2024 06:15,79,280,230
25-05-2024 06:30,81,284,234
25-05-2024 06:45,80,284,234
25-05-2024 07:00,79,280,230
25-05-2024 07:15,79,280,230
25-05-2024 07:30,81,285,235
25-05-2024 07:45,82,288,238
25-05-2024 08:00,84,291,241
25-05-2024 08:15,85,293,243
25-05-2024 08:30,83,291,241
25-05-2024 08:45,81,285,235
25-05-2024 09:00,81,286,236
25-05-2024 09:15,80,283,233
25-05-2024 09:30,82,286,236
25-05-2024 09:45,82,286,236
25-05-2024 10:00,82,287,237
25-05-2024 10:15,81,286,236
25-05-2024 10:30,81,285,235
25-05-2024 10:45,79,281,231
25-05-2024 11:00,76,272,222
25-05-2024 11:15,74,258,208
25-05-2024 11:30,75,267,217
25-05-2024 11:45,74,258,208
25-05-2024 12:00,76,270,220
25-05-2024 12:15,76,273,223
25-05-2024 12:30,75,263,213
25-05-2024 12:45,73,256,206
25-05-2024 13:00,72,251,201
25-05-2024 13:15,71,245,197
25-05-2024 13:30,70,240,193
25-05-2024 13:45,70,241,194
25-05-2024 14:00,66,223,182
25-05-2024 14:15,64,209,173
25-05-2024 14:30,63,203,169
25-05-2024 14:45,62,202,168
25-05-2024 15:00,62,201,167
25-05-2024 15:15,60,195,163
25-05-2024 15:30,62,200,167
25-05-2024 15:45,59,189,159
25-05-2024 16:00,56,176,151
25-05-2024 16:15,56,174,149
25-05-2024 16:30,56,174,149
25-05-2024 16:45,56,174,149
25-05-2024 17:00,51,155,137
25-05-2024 17:15,49,147,131
25-05-2024 17:30,49,147,131
25-05-2024 17:45,53,161,141
25-05-2024 18:00,55,169,146
25-05-2024 18:15,52,158,139
25-05-2024 18:30,49,144,129
25-05-2024 18:45,50,151,134
25-05-2024 19:00,53,162,141
25-05-2024 19:15,51,153,135
25-05-2024 19:30,50,149,133
25-05-2024 19:45,52,159,139
25-05-2024 20:00,52,158,139
25-05-2024 20:15,52,158,139
25-05-2024 20:30,53,163,142
25-05-2024 20:45,60,194,163
25-05-2024 21:00,60,194,163
25-05-2024 21:15,57,182,155
25-05-2024 21:30,54,167,145
25-05-2024 21:45,68,230,187
25-05-2024 22:00,66,221,181
25-05-2024 22:15,62,202,168
25-05-2024 22:30,59,188,159
25-05-2024 22:45,57,179,153
25-05-2024 23:00,54,168,145
25-05-2024 23:15,50,150,133
25-05-2024 23:30,47,134,123
25-05-2024 23:45,46,130,120
26-05-2024 00:00,46,128,119
26-05-2024 00:15,48,138,125
26-05-2024 00:30,50,150,133
26-05-2024 00:45,52,157,138
26-05-2024 01:00,51,154,136
26-05-2024 01:15,51,154,136
26-05-2024 01:30,49,144,129
26-05-2024 01:45,48,138,125
26-05-2024 02:00,47,135,123
26-05-2024 02:15,46,129,119
26-05-2024 02:30,46,129,119
26-05-2024 02:45,46,129,119
26-05-2024 03:00,45,123,115
26-05-2024 03:15,46,131,121
26-05-2024 03:30,48,140,127
26-05-2024 03:45,51,153,135
26-05-2024 04:00,53,160,140
26-05-2024 04:15,55,168,145
26-05-2024 04:30,58,184,156
26-05-2024 04:45,63,208,172
26-05-2024 05:00,70,243,195
26-05-2024 05:15,109,341,291
26-05-2024 05:30,126,369,324
26-05-2024 05:45,118,358,310
26-05-2024 06:00,110,344,294
26-05-2024 06:15,103,332,282
26-05-2024 06:30,100,325,275
26-05-2024 06:45,107,339,289
26-05-2024 07:00,114,349,299
26-05-2024 07:15,123,361,314
26-05-2024 07:30,127,366,320
26-05-2024 07:45,154,407,371
26-05-2024 08:00,184,457,434
26-05-2024 08:15,203,488,472
26-05-2024 08:30,165,421,389
26-05-2024 08:45,126,360,312
26-05-2024 09:00,120,352,302
26-05-2024 09:15,106,332,282
26-05-2024 09:30,96,310,260
26-05-2024 09:45,85,293,243
26-05-2024 10:00,71,244,196
26-05-2024 10:15,55,172,148
26-05-2024 10:30,49,145,130
26-05-2024 10:45,48,139,126
26-05-2024 11:00,98,278,228
26-05-2024 11:15,76,260,210
26-05-2024 11:30,56,176,151
26-05-2024 11:45,46,131,121
26-05-2024 12:00,48,142,128
26-05-2024 12:15,47,144,129
26-05-2024 12:30,39,98,98
26-05-2024 12:45,40,104,103
26-05-2024 13:00,41,110,107
26-05-2024 13:15,40,106,104
26-05-2024 13:30,40,103,102
26-05-2024 13:45,40,102,101
26-05-2024 14:00,40,104,103
26-05-2024 14:15,40,102,101
26-05-2024 14:30,39,100,100
26-05-2024 14:45,39,100,100
26-05-2024 15:00,40,102,101
26-05-2024 15:15,40,102,101
26-05-2024 15:30,39,98,98
26-05-2024 15:45,38,93,93
26-05-2024 16:00,38,91,91
26-05-2024 16:15,38,94,94
26-05-2024 16:30,40,105,103
26-05-2024 16:45,40,105,103
26-05-2024 17:00,43,117,111
26-05-2024 17:15,43,119,113
26-05-2024 17:30,40,104,103
26-05-2024 17:45,44,119,113
26-05-2024 18:00,46,129,119
26-05-2024 18:15,45,124,116
26-05-2024 18:30,47,133,122
26-05-2024 18:45,44,122,115
26-05-2024 19:00,52,156,137
26-05-2024 19:15,53,161,141
26-05-2024 19:30,51,152,135
26-05-2024 19:45,51,154,136
26-05-2024 20:00,52,157,138
26-05-2024 20:15,52,158,139
26-05-2024 20:30,53,162,141
26-05-2024 20:45,56,173,149
26-05-2024 21:00,56,176,151
26-05-2024 21:15,57,180,153
26-05-2024 21:30,57,180,153
26-05-2024 21:45,58,185,157
26-05-2024 22:00,60,195,163
26-05-2024 22:15,63,209,173
26-05-2024 22:30,85,290,240
26-05-2024 22:45,73,255,205
26-05-2024 23:00,69,238,192
26-05-2024 23:15,66,220,180
26-05-2024 23:30,62,201,167
26-05-2024 23:45,59,190,160
27-05-2024 00:00,57,181,154
27-05-2024 00:15,57,181,154
27-05-2024 00:30,56,176,151
27-05-2024 00:45,55,169,146
27-05-2024 01:00,55,170,147
27-05-2024 01:15,54,166,144
27-05-2024 01:30,54,166,144
27-05-2024 01:45,54,165,143
27-05-2024 02:00,56,177,151
27-05-2024 02:15,64,218,179
27-05-2024 02:30,70,244,196
27-05-2024 02:45,73,254,204
27-05-2024 03:00,71,248,199
27-05-2024 03:15,69,240,193
27-05-2024 03:30,66,223,182
27-05-2024 03:45,64,209,173
27-05-2024 04:00,62,203,169
27-05-2024 04:15,63,204,169
27-05-2024 04:30,62,201,167
27-05-2024 04:45,63,203,169
27-05-2024 05:00,66,222,181
27-05-2024 05:15,82,288,238
27-05-2024 05:30,84,292,242
27-05-2024 05:45,88,299,249
27-05-2024 06:00,102,328,278
27-05-2024 06:15,107,338,288
27-05-2024 06:30,102,326,276
27-05-2024 06:45,102,329,279
27-05-2024 07:00,106,336,286
27-05-2024 07:15,108,339,289
27-05-2024 07:30,110,342,292
27-05-2024 07:45,111,344,294
27-05-2024 08:00,113,346,296
27-05-2024 08:15,112,344,294
27-05-2024 08:30,108,336,286
27-05-2024 08:45,116,349,299
27-05-2024 09:00,118,351,301
27-05-2024 09:15,101,321,271
27-05-2024 09:30,97,312,262
27-05-2024 09:45,92,303,253
27-05-2024 10:00,101,321,271
27-05-2024 10:15,112,342,292
27-05-2024 10:30,109,337,287
27-05-2024 10:45,110,339,289
27-05-2024 11:00,110,339,289
27-05-2024 11:15,106,330,280
27-05-2024 11:30,97,311,261
27-05-2024 11:45,90,301,251
27-05-2024 12:00,79,280,230
27-05-2024 12:15,67,226,184
27-05-2024 12:30,60,195,163
27-05-2024 12:45,60,195,163
27-05-2024 13:00,58,184,156
27-05-2024 13:15,55,172,148
27-05-2024 13:30,51,152,135
27-05-2024 13:45,47,137,125
27-05-2024 14:00,46,131,121
27-05-2024 14:15,45,123,115
27-05-2024 14:30,43,116,111
27-05-2024 14:45,41,111,107
27-05-2024 15:00,42,113,109
27-05-2024 15:15,43,119,113
27-05-2024 15:30,43,117,111
27-05-2024 15:45,42,113,109
27-05-2024 16:00,42,112,108
27-05-2024 16:15,42,112,108
27-05-2024 16:30,42,111,107
27-05-2024 16:45,41,106,104
27-05-2024 17:00,40,102,101
27-05-2024 17:15,38,92,92
27-05-2024 17:30,36,87,87
27-05-2024 17:45,80,245,197
27-05-2024 18:00,44,124,116
27-05-2024 18:15,40,104,103
27-05-2024 18:30,39,101,101
27-05-2024 18:45,40,101,101
27-05-2024 19:00,39,101,101
27-05-2024 19:15,40,103,102
27-05-2024 19:30,43,116,111
27-05-2024 19:45,47,134,123
27-05-2024 20:00,51,153,135
27-05-2024 20:15,56,181,154
27-05-2024 20:30,59,195,163
27-05-2024 20:45,74,254,204
27-05-2024 21:00,84,292,242
27-05-2024 21:15,79,281,231
27-05-2024 21:30,75,267,217
27-05-2024 21:45,72,251,201
27-05-2024 22:00,72,249,199
27-05-2024 22:15,74,259,209
27-05-2024 22:30,73,257,207
27-05-2024 22:45,73,256,206
27-05-2024 23:00,75,265,215
27-05-2024 23:15,75,266,216
27-05-2024 23:30,76,268,218
27-05-2024 23:45,74,261,211
28-05-2024 00:00,74,258,208
28-05-2024 00:15,72,250,200
28-05-2024 00:30,71,249,199
28-05-2024 00:45,71,246,197
28-05-2024 01:00,71,246,197
28-05-2024 01:15,73,256,206
28-05-2024 01:30,73,255,205
28-05-2024 01:45,76,269,219
28-05-2024 02:00,77,274,224
28-05-2024 02:15,78,277,227
28-05-2024 02:30,78,278,228
28-05-2024 02:45,79,279,229
28-05-2024 03:00,78,280,230
28-05-2024 03:15,79,281,231
28-05-2024 03:30,79,279,229
28-05-2024 03:45,80,283,233
28-05-2024 04:00,81,284,234
28-05-2024 04:15,81,284,234
28-05-2024 04:30,81,286,236
28-05-2024 04:45,81,284,234
28-05-2024 05:00,79,280,230
28-05-2024 05:15,74,262,212
28-05-2024 05:30,76,271,221
28-05-2024 05:45,79,281,231
28-05-2024 06:00,84,293,243
28-05-2024 06:15,88,298,248
28-05-2024 06:30,91,301,251
28-05-2024 06:45,93,303,253
28-05-2024 07:00,94,305,255
28-05-2024 07:15,95,306,256
28-05-2024 07:30,96,309,259
28-05-2024 07:45,97,310,260
28-05-2024 08:00,97,310,260
28-05-2024 08:15,96,309,259
28-05-2024 08:30,91,302,252
28-05-2024 08:45,83,289,239
28-05-2024 09:00,83,291,241
28-05-2024 09:15,85,294,244
28-05-2024 09:30,85,295,245
28-05-2024 09:45,86,297,247
28-05-2024 10:00,82,287,237
28-05-2024 10:15,68,230,187
28-05-2024 10:30,59,190,160
28-05-2024 10:45,62,200,167
28-05-2024 11:00,70,242,195
28-05-2024 11:15,77,276,226
28-05-2024 11:30,83,291,241
28-05-2024 11:45,77,270,220
28-05-2024 12:00,66,223,182
28-05-2024 12:15,58,182,155
28-05-2024 12:30,49,145,130
28-05-2024 12:45,46,129,119
28-05-2024 13:00,41,112,108
28-05-2024 13:15,37,91,91
28-05-2024 13:30,37,86,86
28-05-2024 13:45,36,81,81
28-05-2024 14:00,34,77,77
28-05-2024 14:15,35,79,79
28-05-2024 14:30,31,71,71
28-05-2024 14:45,29,66,66
28-05-2024 15:00,27,61,61
28-05-2024 15:15,27,61,61
28-05-2024 15:30,28,63,63
28-05-2024 15:45,27,65,65
28-05-2024 16:00,37,60,62
28-05-2024 16:15,43,68,72
28-05-2024 16:30,50,80,83
28-05-2024 16:45,47,75,78
28-05-2024 17:00,45,72,75
28-05-2024 17:15,43,69,72
28-05-2024 17:30,43,68,72
28-05-2024 17:45,44,70,73
28-05-2024 18:00,40,63,67
28-05-2024 18:15,42,66,70
28-05-2024 18:30,44,70,73
28-05-2024 18:45,56,104,103
28-05-2024 19:00,83,203,177
28-05-2024 19:15,67,143,129
28-05-2024 19:30,68,147,131
28-05-2024 19:45,68,145,130
28-05-2024 20:00,69,149,133
28-05-2024 20:15,70,153,135
28-05-2024 20:30,73,164,143
28-05-2024 20:45,78,181,160
28-05-2024 21:00,76,176,153
28-05-2024 21:15,77,176,157
28-05-2024 21:30,79,185,163
28-05-2024 21:45,75,172,150
28-05-2024 22:00,75,172,150
28-05-2024 22:15,76,176,153
28-05-2024 22:30,79,186,163
28-05-2024 22:45,81,193,170
28-05-2024 23:00,81,192,170
28-05-2024 23:15,80,189,167
28-05-2024 23:30,80,190,167
28-05-2024 23:45,78,181,160
29-05-2024 00:00,76,173,153
29-05-2024 00:15,74,168,147
29-05-2024 00:30,73,166,144
29-05-2024 00:45,71,156,137
29-05-2024 01:00,70,151,134
29-05-2024 01:15,70,153,135
29-05-2024 01:30,72,161,141
29-05-2024 01:45,76,175,153
29-05-2024 02:00,76,176,153
29-05-2024 02:15,77,179,157
29-05-2024 02:30,77,179,157
29-05-2024 02:45,77,179,157
29-05-2024 03:00,76,174,153
29-05-2024 03:15,74,168,147
29-05-2024 03:30,73,165,143
29-05-2024 03:45,73,164,143
29-05-2024 04:00,73,163,143
29-05-2024 04:15,72,162,141
29-05-2024 04:30,72,160,140
29-05-2024 04:45,72,161,141
29-05-2024 05:00,73,164,143
29-05-2024 05:15,73,165,143
29-05-2024 05:30,75,175,150
29-05-2024 05:45,73,164,143
29-05-2024 06:00,70,155,137
29-05-2024 06:15,68,152,135
29-05-2024 06:30,65,145,130
29-05-2024 06:45,60,133,122
29-05-2024 07:00,60,136,124
29-05-2024 07:15,59,131,121
29-05-2024 07:30,65,159,139
29-05-2024 07:45,62,139,126
29-05-2024 08:00,61,135,123
29-05-2024 08:15,64,146,131
29-05-2024 08:30,70,162,141
29-05-2024 08:45,63,144,129
29-05-2024 09:00,61,145,130
29-05-2024 09:15,61,147,131
29-05-2024 09:30,62,149,133
29-05-2024 09:45,61,147,131
29-05-2024 10:00,62,156,137
29-05-2024 10:15,61,146,131
29-05-2024 10:30,60,144,129
29-05-2024 10:45,60,139,126
29-05-2024 11:00,61,139,126
29-05-2024 11:15,62,144,129
29-05-2024 11:30,61,141,127
29-05-2024 11:45,61,135,123
29-05-2024 12:00,60,135,123
29-05-2024 12:15,59,130,120
29-05-2024 12:30,57,120,113
29-05-2024 12:45,60,139,126
29-05-2024 13:00,59,138,125
29-05-2024 13:15,56,117,111
29-05-2024 13:30,56,114,109
29-05-2024 13:45,54,109,106
29-05-2024 14:00,54,105,103
29-05-2024 14:15,53,103,102
29-05-2024 14:30,53,100,100
29-05-2024 14:45,52,96,96
29-05-2024 15:00,52,97,97
29-05-2024 15:15,53,98,98
29-05-2024 15:30,52,97,97
29-05-2024 15:45,53,100,100
29-05-2024 16:00,52,94,94
29-05-2024 16:15,51,89,89
29-05-2024 16:30,56,123,115
29-05-2024 16:45,61,168,145
29-05-2024 17:00,53,106,104
29-05-2024 17:15,52,96,96
29-05-2024 17:30,50,88,88
29-05-2024 17:45,53,97,97
29-05-2024 18:00,58,117,111
29-05-2024 18:15,58,110,107
29-05-2024 18:30,56,101,101
29-05-2024 18:45,54,95,95
29-05-2024 19:00,54,102,101
29-05-2024 19:15,56,112,108
29-05-2024 19:30,55,103,102
29-05-2024 19:45,55,108,105
29-05-2024 20:00,55,100,100
29-05-2024 20:15,55,98,98
29-05-2024 20:30,57,107,105
29-05-2024 20:45,57,107,105
29-05-2024 21:00,58,110,107
29-05-2024 21:15,58,111,107
29-05-2024 21:30,58,111,107
29-05-2024 21:45,58,110,107
29-05-2024 22:00,59,113,109
29-05-2024 22:15,59,112,108
29-05-2024 22:30,59,114,109
29-05-2024 22:45,60,117,111
29-05-2024 23:00,62,126,117
29-05-2024 23:15,65,135,123
29-05-2024 23:30,66,140,127
29-05-2024 23:45,64,133,122
30-05-2024 00:00,62,125,117
30-05-2024 00:15,60,120,113
30-05-2024 00:30,58,109,106
30-05-2024 00:45,57,107,105
30-05-2024 01:00,57,107,105
30-05-2024 01:15,56,103,102
30-05-2024 01:30,56,103,102
30-05-2024 01:45,55,103,102
30-05-2024 02:00,54,100,100
30-05-2024 02:15,55,100,100
30-05-2024 02:30,56,106,104
30-05-2024 02:45,58,113,109
30-05-2024 03:00,58,115,110
30-05-2024 03:15,57,109,106
30-05-2024 03:30,58,112,108
30-05-2024 03:45,57,113,109
30-05-2024 04:00,58,115,110
30-05-2024 04:15,57,112,108
30-05-2024 04:30,59,122,115
30-05-2024 04:45,61,131,121
30-05-2024 05:00,60,128,119
30-05-2024 05:15,59,125,117
30-05-2024 05:30,59,124,116
30-05-2024 05:45,60,129,119
30-05-2024 06:00,61,134,123
30-05-2024 06:15,61,133,122
30-05-2024 06:30,60,129,119
30-05-2024 06:45,62,139,126
30-05-2024 07:00,65,149,133
30-05-2024 07:15,72,179,153
30-05-2024 07:30,81,213,175
30-05-2024 07:45,75,189,159
30-05-2024 08:00,73,181,154
30-05-2024 08:15,71,171,147
30-05-2024 08:30,68,160,140
30-05-2024 08:45,63,144,129
30-05-2024 09:00,62,141,127
30-05-2024 09:15,64,151,134
30-05-2024 09:30,61,134,123
30-05-2024 09:45,61,128,119
30-05-2024 10:00,60,130,120
30-05-2024 10:15,59,124,116
30-05-2024 10:30,60,123,115
30-05-2024 10:45,60,122,115
30-05-2024 11:00,60,121,114
30-05-2024 11:15,59,118,112
30-05-2024 11:30,62,125,117
30-05-2024 11:45,59,115,110
30-05-2024 12:00,55,115,110
30-05-2024 12:15,52,115,110
30-05-2024 12:30,50,110,107
30-05-2024 12:45,50,107,105
30-05-2024 13:00,51,106,104
30-05-2024 13:15,49,99,99
30-05-2024 13:30,47,97,97
30-05-2024 13:45,45,89,89
30-05-2024 14:00,45,94,94
30-05-2024 14:15,46,94,94
30-05-2024 14:30,42,82,82
30-05-2024 14:45,39,76,76
30-05-2024 15:00,36,70,70
30-05-2024 15:15,30,67,67
30-05-2024 15:30,25,54,54
30-05-2024 15:45,30,74,74
30-05-2024 16:00,26,62,62
30-05-2024 16:15,24,54,54
30-05-2024 16:30,23,54,54
30-05-2024 16:45,26,61,61
30-05-2024 17:00,31,80,80
30-05-2024 17:15,24,59,59
30-05-2024 17:30,19,43,43
30-05-2024 17:45,18,39,39
30-05-2024 18:00,16,35,35
30-05-2024 18:15,19,42,42
30-05-2024 18:30,23,48,48
30-05-2024 18:45,25,53,53
30-05-2024 19:00,28,57,57
30-05-2024 19:15,35,69,69
30-05-2024 19:30,41,83,83
30-05-2024 19:45,48,108,105
30-05-2024 20:00,79,225,183
30-05-2024 20:15,66,162,141
30-05-2024 20:30,55,132,121
30-05-2024 20:45,53,123,115
30-05-2024 21:00,52,117,111
30-05-2024 21:15,52,118,112
30-05-2024 21:30,46,94,94
30-05-2024 21:45,46,93,93
30-05-2024 22:00,50,103,102
30-05-2024 22:15,52,110,107
30-05-2024 22:30,63,145,130
30-05-2024 22:45,58,129,119
30-05-2024 23:00,46,96,96
30-05-2024 23:15,43,85,85
30-05-2024 23:30,43,89,89
30-05-2024 23:45,43,85,85
31-05-2024 00:00,44,89,89
31-05-2024 00:15,44,89,89
31-05-2024 00:30,46,92,92
31-05-2024 00:45,45,91,91
31-05-2024 01:00,46,95,95
31-05-2024 01:15,46,94,94
31-05-2024 01:30,47,96,96
31-05-2024 01:45,47,94,94
31-05-2024 02:00,46,94,94
31-05-2024 02:15,45,92,92
31-05-2024 02:30,44,86,86
31-05-2024 02:45,45,92,92
31-05-2024 03:00,44,90,90
31-05-2024 03:15,45,93,93
31-05-2024 03:30,46,96,96
31-05-2024 03:45,43,86,86
31-05-2024 04:00,44,87,87
31-05-2024 04:15,44,86,86
31-05-2024 04:30,44,90,90
31-05-2024 04:45,43,83,83
31-05-2024 05:00,46,95,95
31-05-2024 05:15,48,103,102
31-05-2024 05:30,49,106,104
31-05-2024 05:45,51,115,110
31-05-2024 06:00,57,132,121
31-05-2024 06:15,64,166,144
31-05-2024 06:30,65,161,141
31-05-2024 06:45,67,170,147
31-05-2024 07:00,68,169,146
31-05-2024 07:15,68,171,147
31-05-2024 07:30,72,187,158
31-05-2024 07:45,73,192,161
31-05-2024 08:00,73,194,163
31-05-2024 08:15,72,188,159
31-05-2024 08:30,72,193,162
31-05-2024 08:45,73,196,164
31-05-2024 09:00,68,180,153
31-05-2024 09:15,63,161,141
31-05-2024 09:30,65,164,143
31-05-2024 09:45,62,159,139
31-05-2024 10:00,55,141,127
31-05-2024 10:15,53,138,125
31-05-2024 10:30,54,143,129
31-05-2024 10:45,51,122,115
31-05-2024 11:00,51,120,113
31-05-2024 11:15,52,119,113
31-05-2024 11:30,48,104,103
31-05-2024 11:45,47,99,99
31-05-2024 12:00,45,93,93
31-05-2024 12:15,43,89,89
31-05-2024 12:30,41,84,84
31-05-2024 12:45,40,81,81
31-05-2024 13:00,38,72,72
31-05-2024 13:15,40,78,78
31-05-2024 13:30,49,112,108
31-05-2024 13:45,47,96,96
31-05-2024 14:00,48,95,95
31-05-2024 14:15,45,87,87
31-05-2024 14:30,48,96,96
31-05-2024 14:45,49,100,100
31-05-2024 15:00,45,84,84
31-05-2024 15:15,41,74,74
31-05-2024 15:30,41,72,72
31-05-2024 15:45,44,83,83
31-05-2024 16:00,47,91,91
31-05-2024 16:15,44,84,84
31-05-2024 16:30,45,84,84
31-05-2024 16:45,45,87,87
31-05-2024 17:00,44,83,83
31-05-2024 17:15,44,83,83
31-05-2024 17:30,47,92,92
31-05-2024 17:45,57,124,116
31-05-2024 18:00,58,127,118
31-05-2024 18:15,60,136,124
31-05-2024 18:30,63,144,129
31-05-2024 18:45,68,159,139
31-05-2024 19:00,74,179,153
31-05-2024 19:15,94,242,213
31-05-2024 19:30,132,334,309
31-05-2024 19:45,152,358,325
31-05-2024 20:00,201,434,405
31-05-2024 20:15,178,402,365
31-05-2024 20:30,147,353,321
31-05-2024 20:45,138,346,314
31-05-2024 21:00,149,356,322
31-05-2024 21:15,121,314,301
31-05-2024 21:30,108,284,260
31-05-2024 21:45,97,251,223
31-05-2024 22:00,89,223,197
31-05-2024 22:15,86,215,187
31-05-2024 22:30,87,219,190
31-05-2024 22:45,85,212,183
31-05-2024 23:00,83,207,177
31-05-2024 23:15,83,205,177
31-05-2024 23:30,82,204,173
31-05-2024 23:45,85,214,183
