CreatedDate,pm25_1201240085,pm10_1201240085,co2_1201240085,voc_1201240085
01-04-2024 01:00,34.5,93,772.5,367.5
01-04-2024 02:00,30,79.5,728.5,344
01-04-2024 03:00,26.5,70,665.5,288.5
01-04-2024 04:00,25,66,679,388
01-04-2024 05:00,24.5,64.5,669,493
01-04-2024 06:00,26.5,70.5,618.5,406.5
01-04-2024 07:00,41,104,583.5,397
01-04-2024 08:00,67,164,576,236
01-04-2024 09:00,54,140,731,283
01-04-2024 10:00,68,165.5,751,263.5
01-04-2024 11:00,55,149,741.5,212.5
01-04-2024 12:00,79,181.5,721.5,194
01-04-2024 13:00,585.5,967,808,246.5
01-04-2024 14:00,384.5,536.5,695.5,121
01-04-2024 15:00,110,219,723.5,87
01-04-2024 16:00,73.5,171.5,763.5,87
01-04-2024 17:00,50,136.5,771,71
01-04-2024 18:00,37.5,103,845.5,105
01-04-2024 19:00,31.5,84,956.5,200.5
01-04-2024 20:00,63,157.5,1134.5,435.5
01-04-2024 21:00,40,109.5,1214.5,523.5
01-04-2024 22:00,32,86,1313,762
01-04-2024 23:00,27.5,74,1257.5,733.5
02-04-2024 00:00,25.5,67,1222.5,710.5
02-04-2024 01:00,23,62,987.5,490.5
02-04-2024 02:00,22.5,61,857,396.5
02-04-2024 03:00,22,59,754,302
02-04-2024 04:00,22.5,60.5,690,249.5
02-04-2024 05:00,24.5,64,659,225.5
02-04-2024 06:00,26,69,724,263.5
02-04-2024 07:00,33.5,91,720,264
02-04-2024 08:00,56.5,153,754.5,281.5
02-04-2024 09:00,66.5,165,652,213.5
02-04-2024 10:00,67.5,164.5,743.5,214
02-04-2024 11:00,83.5,184.5,796.5,235.5
02-04-2024 12:00,60.5,157,909.5,302.5
02-04-2024 13:00,43.5,119,862.5,240.5
02-04-2024 14:00,27.5,73,793.5,166.5
02-04-2024 15:00,21.5,56.5,706,139.5
02-04-2024 16:00,17,41.5,603.5,100.5
02-04-2024 17:00,15,36,510.5,77
02-04-2024 18:00,35,88,605.5,238
02-04-2024 19:00,92.5,196.5,781,470.5
02-04-2024 20:00,64.5,161,881.5,553.5
02-04-2024 21:00,52,141.5,948.5,763.5
02-04-2024 22:00,39.5,107,1001,875
02-04-2024 23:00,32.5,85.5,1001,804.5
03-04-2024 00:00,29.5,78.5,1065,903
03-04-2024 01:00,29.5,78.5,918,700
03-04-2024 02:00,35.5,95.5,779.5,555
03-04-2024 03:00,46.5,128,684.5,449.5
03-04-2024 04:00,46,128.5,631.5,423.5
03-04-2024 05:00,48,132.5,603,496.5
03-04-2024 06:00,52.5,146.5,611.5,530.5
03-04-2024 07:00,54,148.5,662,643
03-04-2024 08:00,56,151,755.5,828
03-04-2024 09:00,55.5,151,708.5,636.5
03-04-2024 10:00,101,209.5,669,571
03-04-2024 11:00,60,155,545.5,309.5
03-04-2024 12:00,58.5,140.5,439,153
03-04-2024 13:00,42.5,113.5,393.5,91
03-04-2024 14:00,30.5,81.5,525,151.5
03-04-2024 15:00,27.5,74,606.5,218.5
03-04-2024 16:00,27.5,74,625.5,222.5
03-04-2024 17:00,28,75.5,638,222.5
03-04-2024 18:00,29,77.5,506.5,162.5
03-04-2024 19:00,31,79.5,857,394.5
03-04-2024 20:00,104,213,836,498
03-04-2024 21:00,92,193.5,976.5,667
03-04-2024 22:00,78.5,177,1202.5,937
03-04-2024 23:00,67.5,165,1067,867.5
04-04-2024 00:00,64,161.5,1046,828.5
04-04-2024 01:00,66.5,164,1016.5,807.5
04-04-2024 02:00,66,163,968,770
04-04-2024 03:00,61,158,869,588
04-04-2024 04:00,50.5,139,765.5,427
04-04-2024 05:00,39,105,721.5,376
04-04-2024 06:00,34,90.5,706.5,391.5
04-04-2024 07:00,29,79,721.5,707
04-04-2024 08:00,44,121,605.5,577.5
04-04-2024 09:00,43,119,625.5,620.5
04-04-2024 10:00,179,302.5,737,717
04-04-2024 11:00,84.5,186,611.5,401.5
04-04-2024 12:00,73,168.5,567,316
04-04-2024 13:00,41.5,115,512,153.5
04-04-2024 14:00,29,78.5,656.5,146
04-04-2024 15:00,27,72,746,167
04-04-2024 16:00,25.5,66.5,751,228.5
04-04-2024 17:00,30.5,83,757.5,292.5
04-04-2024 18:00,28,75,709,381
04-04-2024 19:00,30.5,84,735,337
04-04-2024 20:00,71,169,896,603
04-04-2024 21:00,52,144,1203.5,1084
04-04-2024 22:00,44.5,123,1273,1437
04-04-2024 23:00,41.5,112.5,1113,1731
05-04-2024 00:00,38,104.5,1023.5,1584
05-04-2024 01:00,35,92.5,1075.5,2065
05-04-2024 02:00,32,85,1083,2552.5
05-04-2024 03:00,34,90.5,899.5,1327.5
05-04-2024 04:00,32.5,87.5,796,811
05-04-2024 05:00,31.5,85,728,506.5
05-04-2024 06:00,30.5,82,703,409.5
05-04-2024 07:00,47.5,119.5,615.5,273
05-04-2024 08:00,75.5,175.5,490,124.5
05-04-2024 09:00,58.5,153.5,541.5,142.5
05-04-2024 10:00,50,135.5,548,130
05-04-2024 11:00,43,113,604.5,137.5
05-04-2024 12:00,38,103,528.5,82.5
05-04-2024 13:00,28,77,457,41
05-04-2024 14:00,27,74,633.5,103.5
05-04-2024 15:00,35,94.5,723,158.5
05-04-2024 16:00,24,64.5,659,147.5
05-04-2024 17:00,21,56,626.5,132
05-04-2024 18:00,20,50,758,234
05-04-2024 19:00,36.5,97,692,215.5
05-04-2024 20:00,112,221.5,830,398
05-04-2024 21:00,72.5,170.5,1004,597
05-04-2024 22:00,51.5,143,1001,824
05-04-2024 23:00,42.5,117.5,1007.5,805.5
06-04-2024 00:00,38.5,104.5,891.5,762
06-04-2024 01:00,38.5,104.5,781,660
06-04-2024 02:00,39.5,106.5,724,659.5
06-04-2024 03:00,38,104,681,823.5
06-04-2024 04:00,34.5,93,657,1130.5
06-04-2024 05:00,36.5,99,648,1155.5
06-04-2024 06:00,39.5,107.5,626.5,955.5
06-04-2024 07:00,45.5,126.5,684.5,949
06-04-2024 08:00,66.5,163.5,563,416.5
06-04-2024 09:00,84.5,185.5,376,119.5
06-04-2024 10:00,67,164.5,434,88.5
06-04-2024 11:00,60.5,156,644.5,243
06-04-2024 12:00,47.5,130.5,771.5,407
06-04-2024 13:00,35,96,609,138.5
06-04-2024 14:00,28,74,561.5,78
06-04-2024 15:00,23.5,63,696,287.5
06-04-2024 16:00,22.5,59.5,725.5,293.5
06-04-2024 17:00,23,62,652,268.5
06-04-2024 18:00,34,91,567,118.5
06-04-2024 19:00,24,63.5,541.5,109.5
06-04-2024 20:00,42.5,111,734.5,534
06-04-2024 21:00,39,106,731.5,559
06-04-2024 22:00,37.5,101.5,696,557
06-04-2024 23:00,41,112,592.5,408
07-04-2024 00:00,43,118.5,487.5,251
07-04-2024 01:00,42.5,116,458,241
07-04-2024 02:00,41.5,116,491,406.5
07-04-2024 03:00,42.5,116.5,495,409
07-04-2024 04:00,43,119.5,500.5,363
07-04-2024 05:00,56,151,527.5,436
07-04-2024 06:00,62,160,526.5,575.5
07-04-2024 07:00,73,172,510,586.5
07-04-2024 08:00,113.5,227.5,515,470.5
07-04-2024 09:00,127,247,588,620
07-04-2024 10:00,109,218.5,568.5,339
07-04-2024 11:00,81,181,675.5,366.5
07-04-2024 12:00,48.5,133.5,595.5,219.5
07-04-2024 13:00,32,87,532.5,120
07-04-2024 14:00,33,91.5,484,68.5
07-04-2024 15:00,54,128.5,718,224
07-04-2024 16:00,73.5,172,924.5,338.5
07-04-2024 17:00,53.5,147.5,941.5,299
07-04-2024 18:00,39,106.5,1015.5,351
07-04-2024 19:00,39,105.5,1137,552
07-04-2024 20:00,28,74.5,1048.5,507
07-04-2024 21:00,27,70.5,1228.5,759
07-04-2024 22:00,27,71,1416.5,1132
07-04-2024 23:00,28.5,76.5,1438,1778
08-04-2024 00:00,33,88,1351.5,1773
08-04-2024 01:00,35,95.5,1143.5,1516
08-04-2024 02:00,34,92,982,1244
08-04-2024 03:00,34,91.5,880,1082
08-04-2024 04:00,39,108,788.5,1047.5
08-04-2024 05:00,39.5,108.5,728,970.5
08-04-2024 06:00,42.5,116.5,748,1008.5
08-04-2024 07:00,55,149,729,786
08-04-2024 08:00,74,172.5,803,826.5
08-04-2024 09:00,89,191.5,706,545.5
08-04-2024 10:00,101,207,652.5,403.5
08-04-2024 11:00,74.5,173.5,596,242.5
08-04-2024 12:00,57,152,560.5,162.5
08-04-2024 13:00,40,109,499.5,72
08-04-2024 14:00,29.5,78.5,614,135
08-04-2024 15:00,24,62.5,685,283
08-04-2024 16:00,21.5,56.5,707.5,280.5
08-04-2024 17:00,18.5,45,812.5,353
08-04-2024 18:00,20,51,798,435
08-04-2024 19:00,21,55,610.5,227.5
08-04-2024 20:00,54.5,121,685,390.5
08-04-2024 21:00,82,182.5,721,651.5
08-04-2024 22:00,57,153,722,1010
08-04-2024 23:00,46,127,714.5,1131
09-04-2024 00:00,43.5,120.5,762.5,1278.5
09-04-2024 01:00,58,154,678.5,931.5
09-04-2024 02:00,66.5,164,646.5,790
09-04-2024 03:00,64.5,162,640.5,926.5
09-04-2024 04:00,66,163,628.5,942
09-04-2024 05:00,63.5,161,631,1078
09-04-2024 06:00,61,158,645.5,1282
09-04-2024 07:00,64.5,161.5,648,1357
09-04-2024 08:00,84.5,185,708.5,1132.5
09-04-2024 09:00,84,183.5,539.5,502.5
09-04-2024 10:00,73,170.5,453.5,246.5
09-04-2024 11:00,75.5,175.5,580.5,230.5
09-04-2024 12:00,58.5,154.5,691,417
09-04-2024 13:00,88.5,192,546.5,214.5
09-04-2024 14:00,49.5,137,562.5,158
09-04-2024 15:00,41,111,644,293
09-04-2024 16:00,34.5,93,639,372.5
09-04-2024 17:00,33,89,604,381
09-04-2024 18:00,32.5,87,617,322
09-04-2024 19:00,27.5,74,619,331
09-04-2024 20:00,136,248.5,837.5,798.5
09-04-2024 21:00,114,225,879.5,1161
09-04-2024 22:00,91,193,1073.5,1988
09-04-2024 23:00,71,168,1008,1944.5
10-04-2024 00:00,61.5,158.5,823,1487
10-04-2024 01:00,56.5,153,566.5,619.5
10-04-2024 02:00,58.5,155,440.5,368.5
10-04-2024 03:00,66.5,164,389,238.5
10-04-2024 04:00,66,163,438.5,308
10-04-2024 05:00,62,158.5,482,428
10-04-2024 06:00,61,158,454.5,284
10-04-2024 07:00,64.5,161.5,460.5,360.5
10-04-2024 08:00,78,176.5,550,434
10-04-2024 09:00,88.5,189.5,447.5,310.5
10-04-2024 10:00,82.5,183,431,243.5
10-04-2024 11:00,70,167,457,108.5
10-04-2024 12:00,112,222,419.5,68.5
10-04-2024 13:00,60,152.5,375,65
10-04-2024 14:00,42.5,117,483.5,138
10-04-2024 15:00,36,98,733.5,301
10-04-2024 16:00,32,86,835.5,479
10-04-2024 17:00,33.5,88.5,628.5,248
10-04-2024 18:00,33,88.5,685.5,369.5
10-04-2024 19:00,33,87.5,756.5,494
10-04-2024 20:00,70.5,166,929.5,883.5
10-04-2024 21:00,102.5,208.5,909.5,1045.5
10-04-2024 22:00,74.5,173.5,1021,1230.5
10-04-2024 23:00,54,147,1010,1079
11-04-2024 00:00,42.5,117.5,1037,1148.5
11-04-2024 01:00,39,106.5,977,1227
11-04-2024 02:00,38,104,843.5,1267.5
11-04-2024 03:00,38,104,761,1171
11-04-2024 04:00,39,106.5,708.5,1023.5
11-04-2024 05:00,37.5,101.5,671.5,922.5
11-04-2024 06:00,37,99.5,640.5,851.5
11-04-2024 07:00,39.5,108,640.5,952.5
11-04-2024 08:00,59.5,150.5,631.5,904.5
11-04-2024 09:00,90.5,192.5,468,403
11-04-2024 10:00,77.5,176,693,564
11-04-2024 11:00,75,173.5,661.5,386.5
11-04-2024 12:00,55,147.5,704.5,301
11-04-2024 13:00,37.5,102,480,141.5
11-04-2024 14:00,64,150.5,527,193
11-04-2024 15:00,35.5,96,621,237
11-04-2024 16:00,31.5,83,748,599
11-04-2024 17:00,35,95,733.5,794.5
11-04-2024 18:00,33.5,88.5,813,880
11-04-2024 19:00,112,220.5,851,766
11-04-2024 20:00,167.5,305,824.5,756
11-04-2024 21:00,113.5,223,941.5,1097.5
11-04-2024 22:00,89,190,1062,1219.5
11-04-2024 23:00,72,170.5,1103.5,1138
12-04-2024 00:00,58.5,155.5,994.5,940
12-04-2024 01:00,51.5,142.5,882.5,836.5
12-04-2024 02:00,43.5,120.5,782,771.5
12-04-2024 03:00,40,109,724,793
12-04-2024 04:00,40.5,111,674,877.5
12-04-2024 05:00,46,128.5,650,859
12-04-2024 06:00,58.5,154,645,958
12-04-2024 07:00,85.5,188.5,656.5,1286
12-04-2024 08:00,127.5,245,532,905.5
12-04-2024 09:00,115.5,226.5,463,707.5
12-04-2024 10:00,124.5,240.5,450.5,548
12-04-2024 11:00,109.5,219,598,538
12-04-2024 12:00,90.5,192.5,630.5,625.5
12-04-2024 13:00,74.5,172.5,713.5,583.5
12-04-2024 14:00,59.5,156.5,744.5,384.5
12-04-2024 15:00,50.5,141,777,414
12-04-2024 16:00,40,109.5,838.5,567
12-04-2024 17:00,33.5,89.5,887.5,768.5
12-04-2024 18:00,32,86,903,872
12-04-2024 19:00,33.5,88,875.5,872
12-04-2024 20:00,50,130.5,931,1010.5
12-04-2024 21:00,57,153.5,918,1317.5
12-04-2024 22:00,53.5,147,853.5,1383.5
12-04-2024 23:00,46.5,128.5,777,1381
13-04-2024 00:00,44.5,122.5,788.5,1369.5
13-04-2024 01:00,47,130.5,756.5,1283
13-04-2024 02:00,44.5,122,696.5,1027
13-04-2024 03:00,44.5,121.5,654.5,781
13-04-2024 04:00,47,130,632,681.5
13-04-2024 05:00,44,120.5,618,567.5
13-04-2024 06:00,41,113,608.5,617.5
13-04-2024 07:00,41,111,607.5,728.5
13-04-2024 08:00,41.5,114,641.5,741
13-04-2024 09:00,61,153.5,577,474
13-04-2024 10:00,75,173,442.5,210.5
13-04-2024 11:00,118,232.5,624,314
13-04-2024 12:00,92,194.5,658,353
13-04-2024 13:00,48.5,131,510.5,136
13-04-2024 14:00,41,112,606.5,137.5
13-04-2024 15:00,35,94.5,609.5,89.5
13-04-2024 16:00,31.5,83,577.5,124
13-04-2024 17:00,30.5,81.5,535,135.5
13-04-2024 18:00,29,77.5,617.5,199
13-04-2024 19:00,30.5,82,584,120.5
13-04-2024 20:00,100.5,181,511.5,154
13-04-2024 21:00,140.5,256.5,715.5,321
13-04-2024 22:00,62.5,156,945.5,448
13-04-2024 23:00,44,121,706,181
14-04-2024 00:00,35.5,96,694,237
14-04-2024 01:00,31.5,84.5,705.5,300
14-04-2024 02:00,30,80,655,254
14-04-2024 03:00,28.5,76.5,612.5,216
14-04-2024 04:00,29,77.5,595,207
14-04-2024 05:00,29,78.5,592.5,261
14-04-2024 06:00,34,91.5,588,233.5
14-04-2024 07:00,40,109.5,591.5,261.5
14-04-2024 08:00,42.5,117,497.5,182
14-04-2024 09:00,54,148,501,226
14-04-2024 10:00,71.5,171.5,559,151.5
14-04-2024 11:00,75.5,176,703,262.5
14-04-2024 12:00,63.5,161.5,860,358.5
14-04-2024 13:00,59.5,156,783,276
14-04-2024 14:00,45,124.5,680,190
14-04-2024 15:00,91,190,670.5,227
14-04-2024 16:00,42.5,112,604.5,124.5
14-04-2024 17:00,27,73,708.5,224.5
14-04-2024 18:00,23.5,62,770.5,321.5
14-04-2024 19:00,70.5,163,922.5,438.5
14-04-2024 20:00,63,159.5,921,558
14-04-2024 21:00,49.5,137.5,1034.5,1074.5
14-04-2024 22:00,45,124.5,1062,1178.5
14-04-2024 23:00,38,103.5,1145,1547
15-04-2024 00:00,38.5,105.5,968.5,991.5
15-04-2024 01:00,43.5,119,832.5,706
15-04-2024 02:00,52.5,145,764.5,633
15-04-2024 03:00,69,166.5,728.5,545.5
15-04-2024 04:00,83.5,184,709,452
15-04-2024 05:00,78,177.5,704.5,470
15-04-2024 06:00,74.5,171.5,698.5,518.5
15-04-2024 07:00,74,171.5,681,449
15-04-2024 08:00,71,168,809.5,597.5
15-04-2024 09:00,66.5,163.5,840,546
15-04-2024 10:00,89.5,192.5,579,324.5
15-04-2024 11:00,92.5,195.5,754.5,405
15-04-2024 12:00,61.5,157.5,491.5,102
15-04-2024 13:00,52.5,145.5,473,49
15-04-2024 14:00,56.5,152.5,482,57
15-04-2024 15:00,53,147,598,92
15-04-2024 16:00,46,127.5,735.5,118.5
15-04-2024 17:00,37.5,103,835,218.5
15-04-2024 18:00,33.5,89,846.5,195
15-04-2024 19:00,84.5,169.5,699.5,163.5
15-04-2024 20:00,91.5,186.5,812,257
15-04-2024 21:00,63,158.5,879,328
15-04-2024 22:00,54.5,149,1090.5,673.5
15-04-2024 23:00,52.5,144.5,1023,824
16-04-2024 00:00,54,148.5,869,1054
16-04-2024 01:00,57,153,854,1094
16-04-2024 02:00,60.5,156.5,831.5,1096.5
16-04-2024 03:00,60,156,813.5,1093
16-04-2024 04:00,57.5,153.5,787,908
16-04-2024 05:00,56,152,733,585.5
16-04-2024 06:00,60,156,729.5,562.5
16-04-2024 07:00,78.5,173.5,685.5,377.5
16-04-2024 08:00,86.5,182.5,841,719.5
16-04-2024 09:00,88,182.5,595,168.5
16-04-2024 10:00,80.5,174.5,515,82.5
16-04-2024 11:00,101,198,527,61
16-04-2024 12:00,60.5,154,455,38.5
16-04-2024 13:00,43.5,114,482,86
16-04-2024 14:00,33,88.5,615.5,129
16-04-2024 15:00,25,66,644.5,128
16-04-2024 16:00,22,58,612.5,120.5
16-04-2024 17:00,18,43.5,571,119
16-04-2024 18:00,62,144.5,744,237
16-04-2024 19:00,28,75.5,601.5,128
16-04-2024 20:00,23.5,63.5,746.5,436
16-04-2024 21:00,75.5,152,739.5,564
16-04-2024 22:00,77,171.5,879,894
16-04-2024 23:00,42.5,116,841,1134.5
17-04-2024 00:00,28,75,771,1049.5
17-04-2024 01:00,24,62.5,717,699.5
17-04-2024 02:00,21.5,58.5,659.5,479.5
17-04-2024 03:00,21,56.5,615.5,292
17-04-2024 04:00,21,56,578,209
17-04-2024 05:00,21,56,553.5,187.5
17-04-2024 06:00,21,56,537.5,201
17-04-2024 07:00,26,70,518,195.5
17-04-2024 08:00,37.5,102.5,454,107.5
17-04-2024 09:00,38,102.5,669,404
17-04-2024 10:00,65.5,162,706.5,391
17-04-2024 11:00,84.5,177.5,590.5,353.5
17-04-2024 12:00,31,82,505.5,55
17-04-2024 13:00,25,66.5,599.5,107.5
17-04-2024 14:00,16.5,39,588,118
17-04-2024 15:00,13,29,708,152.5
17-04-2024 16:00,13.5,31.5,587,88
17-04-2024 17:00,13,28.5,501,53.5
17-04-2024 18:00,11.5,27,605.5,147
17-04-2024 19:00,13,30,660.5,211
17-04-2024 20:00,47,102.5,741,376
17-04-2024 21:00,77.5,173,897,674.5
17-04-2024 22:00,42.5,117,1031,1215
17-04-2024 23:00,30,81.5,929.5,1029.5
18-04-2024 00:00,23.5,62.5,780.5,684
18-04-2024 01:00,23.5,62,758.5,649
18-04-2024 02:00,24,65,732.5,617
18-04-2024 03:00,25.5,68.5,693,518.5
18-04-2024 04:00,24,65.5,689.5,610
18-04-2024 05:00,26.5,72,698,632.5
18-04-2024 06:00,27,71.5,718.5,598
18-04-2024 07:00,26,70,735,648.5
18-04-2024 08:00,44.5,123.5,746.5,601
18-04-2024 09:00,43.5,120,777.5,602.5
18-04-2024 10:00,40.5,112,666,361.5
18-04-2024 11:00,35,95,573,213
18-04-2024 12:00,33,89.5,467,106
18-04-2024 13:00,27.5,75,442,75.5
18-04-2024 14:00,32,86,620.5,197
18-04-2024 15:00,24,63.5,788.5,283
18-04-2024 16:00,20,52,873.5,315.5
18-04-2024 17:00,15.5,36,1214.5,752.5
18-04-2024 18:00,13.5,30,1450,1292
18-04-2024 19:00,12.5,27.5,1580,1782.5
18-04-2024 20:00,39,105.5,1299.5,1451.5
18-04-2024 21:00,35,95,1356,1365
18-04-2024 22:00,27.5,74,1534.5,1609
18-04-2024 23:00,24.5,65,1303,1325
19-04-2024 00:00,23,61.5,1059,965
19-04-2024 01:00,25,66.5,999,1056
19-04-2024 02:00,27,74,940,1153
19-04-2024 03:00,27.5,74.5,876,1140
19-04-2024 04:00,28,76.5,825.5,1260
19-04-2024 05:00,27,72.5,792,1244.5
19-04-2024 06:00,29,77,741,882.5
19-04-2024 07:00,30.5,84,629.5,398.5
19-04-2024 08:00,39,106.5,805,774.5
19-04-2024 09:00,31.5,85.5,850.5,707
19-04-2024 10:00,36.5,102,579.5,219
19-04-2024 11:00,34.5,94,624.5,179
19-04-2024 12:00,40.5,113.5,585,223.5
19-04-2024 13:00,82,177,513.5,241.5
19-04-2024 14:00,48.5,130.5,476,160
19-04-2024 15:00,32.5,87.5,536.5,201
19-04-2024 16:00,24.5,64.5,764.5,406.5
19-04-2024 17:00,20,50,766.5,401.5
19-04-2024 18:00,15.5,36,720,313.5
19-04-2024 19:00,15,37,939.5,544
19-04-2024 20:00,21.5,55.5,1230,1079.5
19-04-2024 21:00,199.5,320.5,1090.5,1203
19-04-2024 22:00,110.5,209,1155,1231.5
19-04-2024 23:00,55.5,144,798.5,531
20-04-2024 00:00,35.5,96,653,369
20-04-2024 01:00,31.5,85,654.5,476.5
20-04-2024 02:00,31,83,652,637.5
20-04-2024 03:00,35,93.5,642.5,712.5
20-04-2024 04:00,37.5,102.5,632,712
20-04-2024 05:00,37,101.5,636.5,780
20-04-2024 06:00,36.5,100,646.5,597.5
20-04-2024 07:00,36.5,101,717.5,635
20-04-2024 08:00,42,116,739.5,565
20-04-2024 09:00,44,122.5,761.5,326.5
20-04-2024 10:00,36.5,98,761,211.5
20-04-2024 11:00,38.5,103.5,669,422.5
20-04-2024 12:00,30,83.5,614.5,124
20-04-2024 13:00,26,73,562,52.5
20-04-2024 14:00,36.5,98,657.5,134
20-04-2024 15:00,22,58.5,860.5,215.5
20-04-2024 16:00,18.5,50,731,181
20-04-2024 17:00,13.5,32.5,975,299
20-04-2024 18:00,10.5,23,1185,408.5
20-04-2024 19:00,31,71.5,785,211
20-04-2024 20:00,44,116.5,589.5,95
20-04-2024 21:00,27.5,73.5,720.5,272
20-04-2024 22:00,24.5,64.5,950.5,643.5
20-04-2024 23:00,20.5,56,1070,962.5
21-04-2024 00:00,19.5,48,935,704
21-04-2024 01:00,19,47.5,759,387.5
21-04-2024 02:00,20,52,683.5,304
21-04-2024 03:00,21,55.5,652.5,249.5
21-04-2024 04:00,22,58.5,619.5,175
21-04-2024 05:00,22,59.5,637,195
21-04-2024 06:00,22.5,60,643.5,159.5
21-04-2024 07:00,25.5,68.5,570.5,116.5
21-04-2024 08:00,28,76,470,101.5
21-04-2024 09:00,29.5,78.5,616,237.5
21-04-2024 10:00,40.5,112.5,561,119.5
21-04-2024 11:00,40.5,110.5,672,180
21-04-2024 12:00,36,98,592,135
21-04-2024 13:00,157.5,232,731,325
21-04-2024 14:00,416.5,587.5,779.5,324
21-04-2024 15:00,136.5,243,786.5,213
21-04-2024 16:00,91,186,1023.5,265
21-04-2024 17:00,34,91,744,86
21-04-2024 18:00,23,60.5,789,167
21-04-2024 19:00,17,40.5,1117.5,383.5
21-04-2024 20:00,15,34.5,1147.5,510.5
21-04-2024 21:00,14.5,33.5,1449,984
21-04-2024 22:00,22.5,58.5,1112.5,963
21-04-2024 23:00,21.5,57,997,909
22-04-2024 00:00,21,55.5,1012.5,1056
22-04-2024 01:00,21,56,906.5,961.5
22-04-2024 02:00,24,63,793.5,906
22-04-2024 03:00,24,63.5,712.5,971
22-04-2024 04:00,18.5,44.5,598,560.5
22-04-2024 05:00,15,35.5,542.5,450.5
22-04-2024 06:00,12.5,27.5,539,389.5
22-04-2024 07:00,10,20.5,554.5,397.5
22-04-2024 08:00,30,77.5,597.5,315.5
22-04-2024 09:00,23,61.5,566.5,175
22-04-2024 10:00,37.5,100.5,638,195
22-04-2024 11:00,53,131.5,549,147
22-04-2024 12:00,41,112,449,47
22-04-2024 13:00,31.5,83.5,515.5,61
22-04-2024 14:00,26,69,682,131
22-04-2024 15:00,20.5,53.5,748.5,128.5
22-04-2024 16:00,16,37.5,859.5,289.5
22-04-2024 17:00,12,27.5,956.5,546
22-04-2024 18:00,10.5,22.5,1133,714.5
22-04-2024 19:00,11,25,1019.5,552
22-04-2024 20:00,119,214,1029,727
22-04-2024 21:00,86,181,997,952
22-04-2024 22:00,51.5,138,886.5,851
22-04-2024 23:00,42,115,706,494.5
23-04-2024 00:00,40,109,660.5,391
23-04-2024 01:00,38,104,640.5,360
23-04-2024 02:00,39,106.5,635.5,318
23-04-2024 03:00,39.5,107.5,654,307
23-04-2024 04:00,38.5,105,663.5,334.5
23-04-2024 05:00,39,106,664.5,470
23-04-2024 06:00,34,91,660,462
23-04-2024 07:00,30,79,717.5,524
23-04-2024 08:00,45.5,116.5,773,704
23-04-2024 09:00,35,96,641.5,307
23-04-2024 10:00,34,89.5,549.5,162
23-04-2024 11:00,93.5,192,638.5,227
23-04-2024 12:00,46.5,128,744.5,357
23-04-2024 13:00,92,189.5,599.5,172.5
23-04-2024 14:00,97,196,662.5,178
23-04-2024 15:00,60.5,155,792,260
23-04-2024 16:00,42.5,116,896,315
23-04-2024 17:00,30,81,968,421.5
23-04-2024 18:00,23.5,62,1052.5,752
23-04-2024 19:00,75.5,157.5,612.5,169
23-04-2024 20:00,27.5,74,429,145.5
23-04-2024 21:00,23,60,419,147
23-04-2024 22:00,22,57.5,420.5,216.5
23-04-2024 23:00,29.5,80,444,282.5
24-04-2024 00:00,30.5,80.5,471,454
24-04-2024 01:00,32.5,85.5,498.5,651
24-04-2024 02:00,33.5,88.5,510.5,692.5
24-04-2024 03:00,30.5,81,504,518
24-04-2024 04:00,28.5,76.5,514,512
24-04-2024 05:00,38.5,106.5,485.5,383
24-04-2024 06:00,54,149.5,483,358
24-04-2024 07:00,60,157.5,477.5,251.5
24-04-2024 08:00,84,182,485.5,227
24-04-2024 09:00,56,149,497.5,200.5
24-04-2024 10:00,56.5,136.5,504,201
24-04-2024 11:00,62.5,145,460,97.5
24-04-2024 12:00,33,88.5,500.5,72.5
24-04-2024 13:00,25,66,456,59.5
24-04-2024 14:00,117,217.5,549.5,133.5
24-04-2024 15:00,75,170,650.5,238.5
24-04-2024 16:00,48,129,743,634
24-04-2024 17:00,30.5,80.5,805,624
24-04-2024 18:00,22.5,59,1012.5,880.5
24-04-2024 19:00,18.5,45,1105,1086.5
24-04-2024 20:00,303,385.5,983,891.5
24-04-2024 21:00,196,321.5,744.5,665
24-04-2024 22:00,81.5,176.5,619.5,674
24-04-2024 23:00,50.5,138,577,697.5
25-04-2024 00:00,39,106.5,562.5,726
25-04-2024 01:00,33.5,89,562.5,1094.5
25-04-2024 02:00,32.5,86.5,604.5,1598
25-04-2024 03:00,34.5,91,641.5,1518
25-04-2024 04:00,38.5,105,645.5,1364
25-04-2024 05:00,45,123.5,624.5,1136
25-04-2024 06:00,49,137,634.5,962
25-04-2024 07:00,51,141,660.5,1055
25-04-2024 08:00,58,154,648,671
25-04-2024 09:00,59.5,155.5,655.5,507
25-04-2024 10:00,65,161,559,401.5
25-04-2024 11:00,52.5,142,561,265
25-04-2024 12:00,49,130,649.5,315
25-04-2024 13:00,85,170.5,490,146.5
25-04-2024 14:00,104.5,200.5,716,338.5
25-04-2024 15:00,62.5,156.5,845,772.5
25-04-2024 16:00,41,112.5,836.5,1839.5
25-04-2024 17:00,31.5,84.5,821,1206
25-04-2024 18:00,24.5,64.5,955,950.5
25-04-2024 19:00,18.5,45,760.5,435
25-04-2024 20:00,159.5,272,864,926
25-04-2024 21:00,81.5,175.5,959,2032.5
25-04-2024 22:00,61,157,968,2101
25-04-2024 23:00,50,139,1013,1936
26-04-2024 00:00,39.5,107.5,863,1164
26-04-2024 01:00,34,90,752.5,803
26-04-2024 02:00,34,91.5,757.5,779
26-04-2024 03:00,36,97,755,728.5
26-04-2024 04:00,34,89.5,724.5,620
26-04-2024 05:00,30.5,82,695,533
26-04-2024 06:00,31.5,83.5,721,566.5
26-04-2024 07:00,33.5,89,759,597.5
26-04-2024 08:00,42.5,117,804.5,721.5
26-04-2024 09:00,38,103.5,792,653
26-04-2024 10:00,68.5,146,623.5,347.5
26-04-2024 11:00,70.5,165.5,874,540
26-04-2024 12:00,53,132.5,704,297
26-04-2024 13:00,104,195,1237.5,840
26-04-2024 14:00,74.5,170,1233.5,1127.5
26-04-2024 15:00,47,131,1272,1177
26-04-2024 16:00,36,98,1344,1335.5
26-04-2024 17:00,30.5,82,1210,1044
26-04-2024 18:00,23.5,63,1171.5,837
26-04-2024 19:00,19,46.5,1082.5,800.5
26-04-2024 20:00,25,62.5,825.5,506.5
26-04-2024 21:00,56,128.5,488.5,131.5
26-04-2024 22:00,40.5,110.5,756.5,457
26-04-2024 23:00,27.5,73,867.5,757
27-04-2024 00:00,25.5,66.5,884,805
27-04-2024 01:00,22.5,60,864,702.5
27-04-2024 02:00,20.5,53.5,836.5,626.5
27-04-2024 03:00,20,52,821,826
27-04-2024 04:00,24.5,65.5,799.5,1282
27-04-2024 05:00,29.5,78,773,1512
27-04-2024 06:00,32,84.5,742.5,1534
27-04-2024 07:00,29.5,79.5,936.5,2049.5
27-04-2024 08:00,27.5,74,960.5,1470.5
27-04-2024 09:00,29.5,79,650,461
27-04-2024 10:00,28.5,76.5,567.5,201
27-04-2024 11:00,73,168.5,752.5,331.5
27-04-2024 12:00,69,158,713,397
27-04-2024 13:00,29.5,79.5,663,164
27-04-2024 14:00,25,67,609.5,93.5
27-04-2024 15:00,21.5,55,658.5,216.5
27-04-2024 16:00,18,44,991,603
27-04-2024 17:00,18,43,982,542
27-04-2024 18:00,15.5,37.5,1067,647.5
27-04-2024 19:00,76,121.5,975,422
27-04-2024 20:00,186,304.5,893,312
27-04-2024 21:00,82,177,927,414.5
27-04-2024 22:00,57.5,151.5,1063,701.5
27-04-2024 23:00,42,114.5,1000,714
28-04-2024 00:00,29,76,888,501.5
28-04-2024 01:00,24.5,66,778,424
28-04-2024 02:00,25,67,728.5,454.5
28-04-2024 03:00,25,67,700,489
28-04-2024 04:00,25.5,68.5,693,586
28-04-2024 05:00,26.5,71,676.5,690
28-04-2024 06:00,29.5,79,650.5,787
28-04-2024 07:00,30.5,82.5,665.5,715.5
28-04-2024 08:00,35,92.5,571,294
28-04-2024 09:00,46,126,492.5,88
28-04-2024 10:00,66.5,162,562.5,193.5
28-04-2024 11:00,285,424,792.5,381.5
28-04-2024 12:00,233,360,930,580
28-04-2024 13:00,57.5,141.5,709,291.5
28-04-2024 14:00,24,63.5,667,101.5
28-04-2024 15:00,20.5,52.5,834.5,288
28-04-2024 16:00,19.5,48,838.5,489.5
28-04-2024 17:00,16,36.5,896,625
28-04-2024 18:00,11.5,26,1113,938.5
28-04-2024 19:00,55.5,107.5,1107.5,863.5
28-04-2024 20:00,38,102.5,846.5,494.5
28-04-2024 21:00,32.5,85.5,918,719.5
28-04-2024 22:00,30.5,80.5,1038,1272
28-04-2024 23:00,34,91,855,941.5
29-04-2024 00:00,41.5,115.5,765,699.5
29-04-2024 01:00,36,97.5,785,751.5
29-04-2024 02:00,33.5,89,794,832.5
29-04-2024 03:00,32.5,86,792,831
29-04-2024 04:00,31,83,788.5,803.5
29-04-2024 05:00,33,86.5,772.5,799.5
29-04-2024 06:00,38.5,105,821,887.5
29-04-2024 07:00,48.5,134,781.5,840.5
29-04-2024 08:00,62,158.5,677.5,516
29-04-2024 09:00,75,170,651,355.5
29-04-2024 10:00,72,167,594.5,150.5
29-04-2024 11:00,276.5,401.5,727,209
29-04-2024 12:00,70.5,163,594.5,67
29-04-2024 13:00,53,138.5,607,66.5
29-04-2024 14:00,33,88.5,533.5,62.5
29-04-2024 15:00,27.5,73.5,596,177.5
29-04-2024 16:00,26.5,68.5,690,268
29-04-2024 17:00,24,63,619.5,112
29-04-2024 18:00,20,51.5,647,117.5
29-04-2024 19:00,21,56,745.5,202.5
29-04-2024 20:00,354,488,841,324
29-04-2024 21:00,139,253,866.5,301
29-04-2024 22:00,47,122,636.5,175.5
29-04-2024 23:00,28,75,526.5,106.5
30-04-2024 00:00,23,62.5,511,103
30-04-2024 01:00,24.5,65.5,517.5,125.5
30-04-2024 02:00,33,88,506.5,201.5
30-04-2024 03:00,29.5,78.5,503.5,233.5
30-04-2024 04:00,26,68.5,494,197.5
30-04-2024 05:00,26,68.5,498,708
30-04-2024 06:00,29,78,510,338
30-04-2024 07:00,29.5,79,516.5,202
30-04-2024 08:00,59,153,524,237
30-04-2024 09:00,63.5,160.5,464,56
30-04-2024 10:00,47.5,134.5,426.5,34.5
30-04-2024 11:00,37,101,501.5,64
30-04-2024 12:00,38.5,106,560,119.5
30-04-2024 13:00,28,75,473.5,64
30-04-2024 14:00,22,58.5,607,88.5
30-04-2024 15:00,19,48,676.5,116.5
30-04-2024 16:00,18,43,652.5,115.5
30-04-2024 17:00,16,38,736,236.5
30-04-2024 18:00,16.5,40,790,320
30-04-2024 19:00,44,117,798,357.5
30-04-2024 20:00,27,73,543,162.5
30-04-2024 21:00,28,75,503.5,275
30-04-2024 22:00,29,78,642.5,517
30-04-2024 23:00,38,104,550.5,410.5
,,,,
,,,,
