CreatedDate,pm25_Piyush: Living room ,pm10_Piyush: Living room ,aqi_Piyush: Living room 
01-05-2024 00:00,33,89,89
01-05-2024 00:15,32,85,85
01-05-2024 00:30,32,85,85
01-05-2024 00:45,32,84,84
01-05-2024 01:00,31,83,83
01-05-2024 01:15,34,91,91
01-05-2024 01:30,38,104,103
01-05-2024 01:45,41,113,109
01-05-2024 02:00,41,112,108
01-05-2024 02:15,42,117,111
01-05-2024 02:30,47,131,121
01-05-2024 02:45,51,144,129
01-05-2024 03:00,52,145,130
01-05-2024 03:15,51,143,129
01-05-2024 03:30,49,139,126
01-05-2024 03:45,47,132,121
01-05-2024 04:00,42,116,111
01-05-2024 04:15,38,103,102
01-05-2024 04:30,34,92,92
01-05-2024 04:45,31,84,84
01-05-2024 05:00,29,77,77
01-05-2024 05:15,27,71,71
01-05-2024 05:30,25,67,67
01-05-2024 05:45,24,65,65
01-05-2024 06:00,23,63,63
01-05-2024 06:15,23,64,64
01-05-2024 06:30,25,67,67
01-05-2024 06:45,25,67,67
01-05-2024 07:00,25,66,66
01-05-2024 07:15,25,67,67
01-05-2024 07:30,27,73,73
01-05-2024 07:45,27,73,73
01-05-2024 08:00,28,75,75
01-05-2024 08:15,30,81,81
01-05-2024 08:30,32,86,86
01-05-2024 08:45,34,93,93
01-05-2024 09:00,36,101,101
01-05-2024 09:15,41,117,111
01-05-2024 09:30,43,121,114
01-05-2024 09:45,37,103,102
01-05-2024 10:00,31,85,85
01-05-2024 10:15,25,67,67
01-05-2024 10:30,22,60,60
01-05-2024 10:45,32,91,91
01-05-2024 11:00,25,70,70
01-05-2024 11:15,21,58,58
01-05-2024 11:30,19,49,49
01-05-2024 11:45,18,48,48
01-05-2024 12:00,18,54,54
01-05-2024 12:15,22,60,60
01-05-2024 12:30,17,42,42
01-05-2024 12:45,13,32,32
01-05-2024 13:00,10,25,25
01-05-2024 13:15,10,24,24
01-05-2024 13:30,11,25,25
01-05-2024 13:45,11,25,25
01-05-2024 14:00,11,26,26
01-05-2024 14:15,11,28,28
01-05-2024 14:30,12,29,29
01-05-2024 14:45,10,23,23
01-05-2024 15:00,10,24,24
01-05-2024 15:15,11,28,28
01-05-2024 15:30,12,30,30
01-05-2024 15:45,12,30,30
01-05-2024 16:00,13,31,31
01-05-2024 16:15,12,28,28
01-05-2024 16:30,13,31,31
01-05-2024 16:45,13,31,31
01-05-2024 17:00,22,58,58
01-05-2024 17:15,36,97,97
01-05-2024 17:30,30,80,80
01-05-2024 17:45,27,71,71
01-05-2024 18:00,23,61,61
01-05-2024 18:15,21,55,55
01-05-2024 18:30,19,48,48
01-05-2024 18:45,22,56,56
01-05-2024 19:00,43,119,113
01-05-2024 19:15,75,160,150
01-05-2024 19:30,110,208,267
01-05-2024 19:45,86,181,187
01-05-2024 20:00,66,162,141
01-05-2024 20:15,64,159,139
01-05-2024 20:30,58,154,136
01-05-2024 20:45,53,147,131
01-05-2024 21:00,50,139,126
01-05-2024 21:15,45,125,117
01-05-2024 21:30,39,108,105
01-05-2024 21:45,35,96,96
01-05-2024 22:00,33,89,89
01-05-2024 22:15,32,85,85
01-05-2024 22:30,30,81,81
01-05-2024 22:45,29,78,78
01-05-2024 23:00,27,74,74
01-05-2024 23:15,27,73,73
01-05-2024 23:30,27,71,71
01-05-2024 23:45,27,70,70
02-05-2024 00:00,27,71,71
02-05-2024 00:15,26,70,70
02-05-2024 00:30,26,69,69
02-05-2024 00:45,26,68,68
02-05-2024 01:00,26,68,68
02-05-2024 01:15,25,67,67
02-05-2024 01:30,26,68,68
02-05-2024 01:45,26,70,70
02-05-2024 02:00,26,69,69
02-05-2024 02:15,26,70,70
02-05-2024 02:30,27,73,73
02-05-2024 02:45,27,73,73
02-05-2024 03:00,27,75,75
02-05-2024 03:15,28,75,75
02-05-2024 03:30,28,77,77
02-05-2024 03:45,28,76,76
02-05-2024 04:00,28,76,76
02-05-2024 04:15,28,77,77
02-05-2024 04:30,28,76,76
02-05-2024 04:45,29,78,78
02-05-2024 05:00,29,77,77
02-05-2024 05:15,29,78,78
02-05-2024 05:30,30,80,80
02-05-2024 05:45,30,81,81
02-05-2024 06:00,32,85,85
02-05-2024 06:15,33,88,88
02-05-2024 06:30,33,87,87
02-05-2024 06:45,34,90,90
02-05-2024 07:00,35,97,97
02-05-2024 07:15,43,118,112
02-05-2024 07:30,53,148,132
02-05-2024 07:45,54,148,132
02-05-2024 08:00,55,151,134
02-05-2024 08:15,54,150,133
02-05-2024 08:30,51,142,128
02-05-2024 08:45,47,132,121
02-05-2024 09:00,46,128,119
02-05-2024 09:15,39,107,105
02-05-2024 09:30,36,97,97
02-05-2024 09:45,34,92,92
02-05-2024 10:00,200,312,362
02-05-2024 10:15,191,327,355
02-05-2024 10:30,421,560,562
02-05-2024 10:45,164,287,334
02-05-2024 11:00,90,185,200
02-05-2024 11:15,61,156,137
02-05-2024 11:30,86,181,187
02-05-2024 11:45,52,142,128
02-05-2024 12:00,36,99,99
02-05-2024 12:15,29,79,79
02-05-2024 12:30,27,73,73
02-05-2024 12:45,26,68,68
02-05-2024 13:00,25,66,66
02-05-2024 13:15,24,64,64
02-05-2024 13:30,22,60,60
02-05-2024 13:45,22,58,58
02-05-2024 14:00,22,58,58
02-05-2024 14:15,20,55,55
02-05-2024 14:30,20,51,51
02-05-2024 14:45,19,47,47
02-05-2024 15:00,19,46,46
02-05-2024 15:15,17,41,41
02-05-2024 15:30,17,41,41
02-05-2024 15:45,15,37,37
02-05-2024 16:00,16,38,38
02-05-2024 16:15,15,36,36
02-05-2024 16:30,15,35,35
02-05-2024 16:45,15,35,35
02-05-2024 17:00,14,34,34
02-05-2024 17:15,16,37,37
02-05-2024 17:30,15,36,36
02-05-2024 17:45,16,38,38
02-05-2024 18:00,19,46,46
02-05-2024 18:15,18,44,44
02-05-2024 18:30,17,42,42
02-05-2024 18:45,19,46,46
02-05-2024 19:00,21,53,53
02-05-2024 19:15,35,99,99
02-05-2024 19:30,44,126,117
02-05-2024 19:45,55,149,133
02-05-2024 20:00,69,164,143
02-05-2024 20:15,54,148,132
02-05-2024 20:30,47,132,121
02-05-2024 20:45,45,125,117
02-05-2024 21:00,43,120,113
02-05-2024 21:15,43,119,113
02-05-2024 21:30,45,126,117
02-05-2024 21:45,45,128,119
02-05-2024 22:00,46,130,120
02-05-2024 22:15,47,131,121
02-05-2024 22:30,48,135,123
02-05-2024 22:45,53,148,132
02-05-2024 23:00,54,150,133
02-05-2024 23:15,52,146,131
02-05-2024 23:30,50,140,127
02-05-2024 23:45,51,142,128
03-05-2024 00:00,49,138,125
03-05-2024 00:15,49,138,125
03-05-2024 00:30,49,138,125
03-05-2024 00:45,49,136,124
03-05-2024 01:00,49,138,125
03-05-2024 01:15,50,140,127
03-05-2024 01:30,52,146,131
03-05-2024 01:45,55,151,134
03-05-2024 02:00,57,153,135
03-05-2024 02:15,57,153,135
03-05-2024 02:30,58,155,137
03-05-2024 02:45,60,156,137
03-05-2024 03:00,60,157,138
03-05-2024 03:15,62,157,138
03-05-2024 03:30,63,159,139
03-05-2024 03:45,63,159,139
03-05-2024 04:00,64,160,140
03-05-2024 04:15,64,160,140
03-05-2024 04:30,64,160,140
03-05-2024 04:45,64,159,139
03-05-2024 05:00,64,159,139
03-05-2024 05:15,64,159,139
03-05-2024 05:30,64,160,140
03-05-2024 05:45,66,162,141
03-05-2024 06:00,72,167,145
03-05-2024 06:15,72,167,145
03-05-2024 06:30,73,168,145
03-05-2024 06:45,75,169,150
03-05-2024 07:00,77,171,157
03-05-2024 07:15,89,184,197
03-05-2024 07:30,93,188,210
03-05-2024 07:45,89,183,197
03-05-2024 08:00,86,180,187
03-05-2024 08:15,84,179,180
03-05-2024 08:30,92,187,207
03-05-2024 08:45,98,193,227
03-05-2024 09:00,93,188,210
03-05-2024 09:15,99,196,230
03-05-2024 09:30,86,181,187
03-05-2024 09:45,76,170,153
03-05-2024 10:00,80,175,167
03-05-2024 10:15,78,172,160
03-05-2024 10:30,70,165,143
03-05-2024 10:45,66,162,141
03-05-2024 11:00,64,159,139
03-05-2024 11:15,65,160,140
03-05-2024 11:30,60,156,137
03-05-2024 11:45,54,147,131
03-05-2024 12:00,37,100,100
03-05-2024 12:15,33,87,87
03-05-2024 12:30,154,270,326
03-05-2024 12:45,111,208,270
03-05-2024 13:00,83,178,177
03-05-2024 13:15,61,156,137
03-05-2024 13:30,43,120,113
03-05-2024 13:45,37,101,101
03-05-2024 14:00,43,123,115
03-05-2024 14:15,40,108,105
03-05-2024 14:30,38,103,102
03-05-2024 14:45,40,109,106
03-05-2024 15:00,37,97,97
03-05-2024 15:15,35,90,90
03-05-2024 15:30,32,80,80
03-05-2024 15:45,32,77,77
03-05-2024 16:00,30,70,70
03-05-2024 16:15,30,69,69
03-05-2024 16:30,29,65,65
03-05-2024 16:45,30,69,69
03-05-2024 17:00,31,75,75
03-05-2024 17:15,30,68,68
03-05-2024 17:30,29,66,66
03-05-2024 17:45,27,61,61
03-05-2024 18:00,27,57,57
03-05-2024 18:15,32,81,81
03-05-2024 18:30,48,144,129
03-05-2024 18:45,155,370,327
03-05-2024 19:00,146,365,320
03-05-2024 19:15,109,303,263
03-05-2024 19:30,91,276,226
03-05-2024 19:45,81,261,211
03-05-2024 20:00,77,256,206
03-05-2024 20:15,75,251,201
03-05-2024 20:30,72,244,196
03-05-2024 20:45,72,245,197
03-05-2024 21:00,68,230,187
03-05-2024 21:15,64,213,175
03-05-2024 21:30,64,211,174
03-05-2024 21:45,62,203,169
03-05-2024 22:00,60,191,161
03-05-2024 22:15,59,190,160
03-05-2024 22:30,61,199,166
03-05-2024 22:45,65,215,177
03-05-2024 23:00,67,224,183
03-05-2024 23:15,70,236,191
03-05-2024 23:30,70,236,191
03-05-2024 23:45,69,233,189
04-05-2024 00:00,67,225,183
04-05-2024 00:15,65,217,178
04-05-2024 00:30,62,202,168
04-05-2024 00:45,58,186,157
04-05-2024 01:00,56,176,151
04-05-2024 01:15,54,168,145
04-05-2024 01:30,52,163,142
04-05-2024 01:45,52,159,139
04-05-2024 02:00,51,156,137
04-05-2024 02:15,49,148,132
04-05-2024 02:30,49,145,130
04-05-2024 02:45,47,140,127
04-05-2024 03:00,47,137,125
04-05-2024 03:15,47,141,127
04-05-2024 03:30,48,144,129
04-05-2024 03:45,48,142,128
04-05-2024 04:00,49,147,131
04-05-2024 04:15,49,146,131
04-05-2024 04:30,48,142,128
04-05-2024 04:45,48,144,129
04-05-2024 05:00,50,151,134
04-05-2024 05:15,53,167,145
04-05-2024 05:30,53,164,143
04-05-2024 05:45,53,164,143
04-05-2024 06:00,55,172,148
04-05-2024 06:15,58,184,156
04-05-2024 06:30,71,236,191
04-05-2024 06:45,86,269,219
04-05-2024 07:00,102,292,242
04-05-2024 07:15,113,310,277
04-05-2024 07:30,125,330,304
04-05-2024 07:45,124,330,303
04-05-2024 08:00,120,323,300
04-05-2024 08:15,120,322,300
04-05-2024 08:30,114,313,280
04-05-2024 08:45,100,290,240
04-05-2024 09:00,87,271,221
04-05-2024 09:15,80,260,210
04-05-2024 09:30,76,253,203
04-05-2024 09:45,91,276,226
04-05-2024 10:00,94,279,229
04-05-2024 10:15,98,286,236
04-05-2024 10:30,104,295,247
04-05-2024 10:45,104,296,247
04-05-2024 11:00,105,298,250
04-05-2024 11:15,97,285,235
04-05-2024 11:30,87,271,221
04-05-2024 11:45,84,265,215
04-05-2024 12:00,95,281,231
04-05-2024 12:15,87,270,220
04-05-2024 12:30,77,254,204
04-05-2024 12:45,70,235,190
04-05-2024 13:00,230,455,431
04-05-2024 13:15,158,386,345
04-05-2024 13:30,141,359,316
04-05-2024 13:45,131,342,308
04-05-2024 14:00,122,327,302
04-05-2024 14:15,115,314,283
04-05-2024 14:30,108,303,260
04-05-2024 14:45,100,289,239
04-05-2024 15:00,91,276,226
04-05-2024 15:15,86,270,220
04-05-2024 15:30,81,262,212
04-05-2024 15:45,79,259,209
04-05-2024 16:00,73,245,197
04-05-2024 16:15,64,215,177
04-05-2024 16:30,58,183,155
04-05-2024 16:45,55,172,148
04-05-2024 17:00,52,160,140
04-05-2024 17:15,49,146,131
04-05-2024 17:30,47,140,127
04-05-2024 17:45,46,133,122
04-05-2024 18:00,48,144,129
04-05-2024 18:15,47,140,127
04-05-2024 18:30,50,150,133
04-05-2024 18:45,49,149,133
04-05-2024 19:00,50,153,135
04-05-2024 19:15,49,146,131
04-05-2024 19:30,46,135,123
04-05-2024 19:45,46,134,123
04-05-2024 20:00,269,483,466
04-05-2024 20:15,176,404,368
04-05-2024 20:30,141,360,316
04-05-2024 20:45,126,333,305
04-05-2024 21:00,118,318,293
04-05-2024 21:15,110,306,267
04-05-2024 21:30,99,288,238
04-05-2024 21:45,90,275,225
04-05-2024 22:00,84,266,216
04-05-2024 22:15,83,265,215
04-05-2024 22:30,81,262,212
04-05-2024 22:45,81,261,211
04-05-2024 23:00,82,263,213
04-05-2024 23:15,83,264,214
04-05-2024 23:30,84,265,215
04-05-2024 23:45,83,264,214
05-05-2024 00:00,84,265,215
05-05-2024 00:15,82,263,213
05-05-2024 00:30,81,262,212
05-05-2024 00:45,80,260,210
05-05-2024 01:00,80,260,210
05-05-2024 01:15,78,257,207
05-05-2024 01:30,78,256,206
05-05-2024 01:45,77,255,205
05-05-2024 02:00,77,254,204
05-05-2024 02:15,75,252,202
05-05-2024 02:30,76,254,204
05-05-2024 02:45,76,253,203
05-05-2024 03:00,75,252,202
05-05-2024 03:15,75,251,201
05-05-2024 03:30,74,249,199
05-05-2024 03:45,73,247,198
05-05-2024 04:00,72,246,197
05-05-2024 04:15,72,245,197
05-05-2024 04:30,71,242,195
05-05-2024 04:45,70,238,192
05-05-2024 05:00,72,243,195
05-05-2024 05:15,71,241,194
05-05-2024 05:30,72,243,195
05-05-2024 05:45,74,248,199
05-05-2024 06:00,72,244,196
05-05-2024 06:15,73,248,199
05-05-2024 06:30,80,259,209
05-05-2024 06:45,91,276,226
05-05-2024 07:00,99,287,237
05-05-2024 07:15,108,302,260
05-05-2024 07:30,126,333,305
05-05-2024 07:45,174,402,365
05-05-2024 08:00,193,423,391
05-05-2024 08:15,200,430,400
05-05-2024 08:30,207,438,410
05-05-2024 08:45,214,446,420
05-05-2024 09:00,231,465,444
05-05-2024 09:15,230,465,444
05-05-2024 09:30,212,443,416
05-05-2024 09:45,183,412,378
05-05-2024 10:00,148,372,328
05-05-2024 10:15,138,355,314
05-05-2024 10:30,134,348,311
05-05-2024 10:45,141,360,316
05-05-2024 11:00,128,337,306
05-05-2024 11:15,116,315,287
05-05-2024 11:30,109,304,263
05-05-2024 11:45,94,280,230
05-05-2024 12:00,80,260,210
05-05-2024 12:15,74,247,198
05-05-2024 12:30,96,280,230
05-05-2024 12:45,114,314,280
05-05-2024 13:00,63,205,170
05-05-2024 13:15,51,154,136
05-05-2024 13:30,45,130,120
05-05-2024 13:45,43,123,115
05-05-2024 14:00,42,116,111
05-05-2024 14:15,40,108,105
05-05-2024 14:30,37,98,98
05-05-2024 14:45,38,101,101
05-05-2024 15:00,35,91,91
05-05-2024 15:15,33,85,85
05-05-2024 15:30,32,80,80
05-05-2024 15:45,30,71,71
05-05-2024 16:00,29,68,68
05-05-2024 16:15,28,63,63
05-05-2024 16:30,28,62,62
05-05-2024 16:45,29,65,65
05-05-2024 17:00,29,68,68
05-05-2024 17:15,29,66,66
05-05-2024 17:30,28,62,62
05-05-2024 17:45,27,59,59
05-05-2024 18:00,27,58,58
05-05-2024 18:15,27,58,58
05-05-2024 18:30,28,62,62
05-05-2024 18:45,,,
05-05-2024 19:00,,,
05-05-2024 19:15,,,
05-05-2024 19:30,,,
05-05-2024 19:45,,,
05-05-2024 20:00,,,
05-05-2024 20:15,,,
05-05-2024 20:30,,,
05-05-2024 20:45,189,418,385
05-05-2024 21:00,,,
05-05-2024 21:15,,,
05-05-2024 21:30,251,487,471
05-05-2024 21:45,,,
05-05-2024 22:00,,,
05-05-2024 22:15,,,
05-05-2024 22:30,108,302,260
05-05-2024 22:45,,,
05-05-2024 23:00,,,
05-05-2024 23:15,,,
05-05-2024 23:30,,,
05-05-2024 23:45,,,
06-05-2024 00:00,,,
06-05-2024 00:15,,,
06-05-2024 00:30,,,
06-05-2024 00:45,,,
06-05-2024 01:00,,,
06-05-2024 01:15,,,
06-05-2024 01:30,,,
06-05-2024 01:45,,,
06-05-2024 02:00,63,211,174
06-05-2024 02:15,,,
06-05-2024 02:30,,,
06-05-2024 02:45,,,
06-05-2024 03:00,,,
06-05-2024 03:15,,,
06-05-2024 03:30,,,
06-05-2024 03:45,,,
06-05-2024 04:00,,,
06-05-2024 04:15,,,
06-05-2024 04:30,,,
06-05-2024 04:45,,,
06-05-2024 05:00,,,
06-05-2024 05:15,,,
06-05-2024 05:30,,,
06-05-2024 05:45,,,
06-05-2024 06:00,,,
06-05-2024 06:15,,,
06-05-2024 06:30,,,
06-05-2024 06:45,,,
06-05-2024 07:00,,,
06-05-2024 07:15,,,
06-05-2024 07:30,,,
06-05-2024 07:45,,,
06-05-2024 08:00,,,
06-05-2024 08:15,,,
06-05-2024 08:30,,,
06-05-2024 08:45,,,
06-05-2024 09:00,,,
06-05-2024 09:15,,,
06-05-2024 09:30,,,
06-05-2024 09:45,,,
06-05-2024 10:00,,,
06-05-2024 10:15,,,
06-05-2024 10:30,,,
06-05-2024 10:45,,,
06-05-2024 11:00,,,
06-05-2024 11:15,,,
06-05-2024 11:30,,,
06-05-2024 11:45,,,
06-05-2024 12:00,,,
06-05-2024 12:15,,,
06-05-2024 12:30,,,
06-05-2024 12:45,,,
06-05-2024 13:00,,,
06-05-2024 13:15,,,
06-05-2024 13:30,,,
06-05-2024 13:45,,,
06-05-2024 14:00,,,
06-05-2024 14:15,,,
06-05-2024 14:30,,,
06-05-2024 14:45,,,
06-05-2024 15:00,,,
06-05-2024 15:15,,,
06-05-2024 15:30,,,
06-05-2024 15:45,,,
06-05-2024 16:00,,,
06-05-2024 16:15,,,
06-05-2024 16:30,,,
06-05-2024 16:45,,,
06-05-2024 17:00,,,
06-05-2024 17:15,,,
06-05-2024 17:30,,,
06-05-2024 17:45,,,
06-05-2024 18:00,,,
06-05-2024 18:15,,,
06-05-2024 18:30,,,
06-05-2024 18:45,,,
06-05-2024 19:00,,,
06-05-2024 19:15,,,
06-05-2024 19:30,,,
06-05-2024 19:45,,,
06-05-2024 20:00,,,
06-05-2024 20:15,,,
06-05-2024 20:30,,,
06-05-2024 20:45,,,
06-05-2024 21:00,,,
06-05-2024 21:15,,,
06-05-2024 21:30,,,
06-05-2024 21:45,,,
06-05-2024 22:00,,,
06-05-2024 22:15,,,
06-05-2024 22:30,,,
06-05-2024 22:45,,,
06-05-2024 23:00,,,
06-05-2024 23:15,,,
06-05-2024 23:30,,,
06-05-2024 23:45,,,
07-05-2024 00:00,,,
07-05-2024 00:15,,,
07-05-2024 00:30,,,
07-05-2024 00:45,,,
07-05-2024 01:00,,,
07-05-2024 01:15,,,
07-05-2024 01:30,,,
07-05-2024 01:45,,,
07-05-2024 02:00,,,
07-05-2024 02:15,,,
07-05-2024 02:30,,,
07-05-2024 02:45,,,
07-05-2024 03:00,,,
07-05-2024 03:15,,,
07-05-2024 03:30,,,
07-05-2024 03:45,,,
07-05-2024 04:00,,,
07-05-2024 04:15,,,
07-05-2024 04:30,,,
07-05-2024 04:45,,,
07-05-2024 05:00,,,
07-05-2024 05:15,,,
07-05-2024 05:30,,,
07-05-2024 05:45,,,
07-05-2024 06:00,,,
07-05-2024 06:15,,,
07-05-2024 06:30,,,
07-05-2024 06:45,,,
07-05-2024 07:00,,,
07-05-2024 07:15,,,
07-05-2024 07:30,,,
07-05-2024 07:45,,,
07-05-2024 08:00,,,
07-05-2024 08:15,,,
07-05-2024 08:30,,,
07-05-2024 08:45,,,
07-05-2024 09:00,,,
07-05-2024 09:15,,,
07-05-2024 09:30,,,
07-05-2024 09:45,,,
07-05-2024 10:00,,,
07-05-2024 10:15,,,
07-05-2024 10:30,,,
07-05-2024 10:45,,,
07-05-2024 11:00,,,
07-05-2024 11:15,,,
07-05-2024 11:30,,,
07-05-2024 11:45,,,
07-05-2024 12:00,,,
07-05-2024 12:15,,,
07-05-2024 12:30,,,
07-05-2024 12:45,,,
07-05-2024 13:00,,,
07-05-2024 13:15,,,
07-05-2024 13:30,62,203,169
07-05-2024 13:45,56,176,151
07-05-2024 14:00,51,155,137
07-05-2024 14:15,49,148,132
07-05-2024 14:30,49,147,131
07-05-2024 14:45,48,144,129
07-05-2024 15:00,49,149,133
07-05-2024 15:15,48,143,129
07-05-2024 15:30,47,138,125
07-05-2024 15:45,45,129,119
07-05-2024 16:00,43,121,114
07-05-2024 16:15,42,119,113
07-05-2024 16:30,41,114,109
07-05-2024 16:45,41,113,109
07-05-2024 17:00,40,110,107
07-05-2024 17:15,39,106,104
07-05-2024 17:30,40,109,106
07-05-2024 17:45,41,111,107
07-05-2024 18:00,45,129,119
07-05-2024 18:15,48,140,127
07-05-2024 18:30,49,147,131
07-05-2024 18:45,53,164,143
07-05-2024 19:00,54,169,146
07-05-2024 19:15,78,233,189
07-05-2024 19:30,107,300,257
07-05-2024 19:45,208,432,402
07-05-2024 20:00,181,409,374
07-05-2024 20:15,156,383,341
07-05-2024 20:30,139,356,315
07-05-2024 20:45,117,317,290
07-05-2024 21:00,109,303,263
07-05-2024 21:15,102,291,241
07-05-2024 21:30,95,281,231
07-05-2024 21:45,88,272,222
07-05-2024 22:00,84,265,215
07-05-2024 22:15,81,262,212
07-05-2024 22:30,78,257,207
07-05-2024 22:45,75,251,201
07-05-2024 23:00,71,241,194
07-05-2024 23:15,66,219,179
07-05-2024 23:30,64,213,175
07-05-2024 23:45,62,202,168
08-05-2024 00:00,59,189,159
08-05-2024 00:15,60,193,162
08-05-2024 00:30,61,199,166
08-05-2024 00:45,63,208,172
08-05-2024 01:00,63,209,173
08-05-2024 01:15,64,213,175
08-05-2024 01:30,67,224,183
08-05-2024 01:45,68,230,187
08-05-2024 02:00,69,232,188
08-05-2024 02:15,69,232,188
08-05-2024 02:30,68,231,187
08-05-2024 02:45,66,220,180
08-05-2024 03:00,63,208,172
08-05-2024 03:15,62,202,168
08-05-2024 03:30,62,204,169
08-05-2024 03:45,61,198,165
08-05-2024 04:00,60,196,164
08-05-2024 04:15,60,194,163
08-05-2024 04:30,58,186,157
08-05-2024 04:45,57,182,155
08-05-2024 05:00,56,179,153
08-05-2024 05:15,56,178,152
08-05-2024 05:30,56,179,153
08-05-2024 05:45,55,175,150
08-05-2024 06:00,54,168,145
08-05-2024 06:15,52,163,142
08-05-2024 06:30,51,158,139
08-05-2024 06:45,47,136,124
08-05-2024 07:00,46,134,123
08-05-2024 07:15,46,133,122
08-05-2024 07:30,52,159,139
08-05-2024 07:45,62,201,167
08-05-2024 08:00,61,195,163
08-05-2024 08:15,64,212,175
08-05-2024 08:30,61,198,165
08-05-2024 08:45,61,196,164
08-05-2024 09:00,62,202,168
08-05-2024 09:15,66,218,179
08-05-2024 09:30,66,220,180
08-05-2024 09:45,64,212,175
08-05-2024 10:00,64,212,175
08-05-2024 10:15,75,249,199
08-05-2024 10:30,67,223,182
08-05-2024 10:45,64,211,174
08-05-2024 11:00,70,230,187
08-05-2024 11:15,94,274,224
08-05-2024 11:30,77,244,196
08-05-2024 11:45,61,200,167
08-05-2024 12:00,58,185,157
08-05-2024 12:15,56,176,151
08-05-2024 12:30,54,169,146
08-05-2024 12:45,53,165,143
08-05-2024 13:00,60,193,162
08-05-2024 13:15,54,167,145
08-05-2024 13:30,50,152,135
08-05-2024 13:45,48,143,129
08-05-2024 14:00,48,145,130
08-05-2024 14:15,49,149,133
08-05-2024 14:30,49,148,132
08-05-2024 14:45,48,144,129
08-05-2024 15:00,48,143,129
08-05-2024 15:15,48,143,129
08-05-2024 15:30,49,147,131
08-05-2024 15:45,48,142,128
08-05-2024 16:00,47,138,125
08-05-2024 16:15,47,139,126
08-05-2024 16:30,46,134,123
08-05-2024 16:45,45,129,119
08-05-2024 17:00,42,118,112
08-05-2024 17:15,42,117,111
08-05-2024 17:30,39,107,105
08-05-2024 17:45,40,108,105
08-05-2024 18:00,39,106,104
08-05-2024 18:15,46,137,125
08-05-2024 18:30,105,281,250
08-05-2024 18:45,121,325,301
08-05-2024 19:00,93,278,228
08-05-2024 19:15,90,275,225
08-05-2024 19:30,278,488,472
08-05-2024 19:45,282,501,489
08-05-2024 20:00,101,291,241
08-05-2024 20:15,84,267,217
08-05-2024 20:30,78,256,206
08-05-2024 20:45,69,234,189
08-05-2024 21:00,66,221,181
08-05-2024 21:15,60,195,163
08-05-2024 21:30,59,189,159
08-05-2024 21:45,57,179,153
08-05-2024 22:00,56,178,152
08-05-2024 22:15,55,172,148
08-05-2024 22:30,54,169,146
08-05-2024 22:45,50,153,135
08-05-2024 23:00,48,142,128
08-05-2024 23:15,46,133,122
08-05-2024 23:30,45,131,121
08-05-2024 23:45,45,128,119
09-05-2024 00:00,46,131,121
09-05-2024 00:15,44,126,117
09-05-2024 00:30,47,138,125
09-05-2024 00:45,49,149,133
09-05-2024 01:00,49,148,132
09-05-2024 01:15,49,146,131
09-05-2024 01:30,48,140,127
09-05-2024 01:45,46,134,123
09-05-2024 02:00,46,132,121
09-05-2024 02:15,46,131,121
09-05-2024 02:30,44,126,117
09-05-2024 02:45,44,127,118
09-05-2024 03:00,42,119,113
09-05-2024 03:15,42,119,113
09-05-2024 03:30,40,111,107
09-05-2024 03:45,39,106,104
09-05-2024 04:00,40,109,106
09-05-2024 04:15,39,104,103
09-05-2024 04:30,37,98,98
09-05-2024 04:45,37,98,98
09-05-2024 05:00,36,93,93
09-05-2024 05:15,36,93,93
09-05-2024 05:30,36,92,92
09-05-2024 05:45,36,94,94
09-05-2024 06:00,36,94,94
09-05-2024 06:15,36,94,94
09-05-2024 06:30,36,93,93
09-05-2024 06:45,36,92,92
09-05-2024 07:00,35,90,90
09-05-2024 07:15,37,97,97
09-05-2024 07:30,38,100,100
09-05-2024 07:45,37,99,99
09-05-2024 08:00,41,112,108
09-05-2024 08:15,41,114,109
09-05-2024 08:30,41,114,109
09-05-2024 08:45,44,126,117
09-05-2024 09:00,44,127,118
09-05-2024 09:15,46,132,121
09-05-2024 09:30,47,139,126
09-05-2024 09:45,50,151,134
09-05-2024 10:00,53,166,144
09-05-2024 10:15,54,168,145
09-05-2024 10:30,50,154,136
09-05-2024 10:45,53,163,142
09-05-2024 11:00,50,151,134
09-05-2024 11:15,48,143,129
09-05-2024 11:30,48,144,129
09-05-2024 11:45,73,233,189
09-05-2024 12:00,52,163,142
09-05-2024 12:15,54,169,146
09-05-2024 12:30,66,204,169
09-05-2024 12:45,52,161,141
09-05-2024 13:00,51,157,138
09-05-2024 13:15,50,151,134
09-05-2024 13:30,47,137,125
09-05-2024 13:45,44,126,117
09-05-2024 14:00,43,122,115
09-05-2024 14:15,44,124,116
09-05-2024 14:30,48,143,129
09-05-2024 14:45,48,144,129
09-05-2024 15:00,45,128,119
09-05-2024 15:15,43,124,116
09-05-2024 15:30,41,115,110
09-05-2024 15:45,42,118,112
09-05-2024 16:00,42,116,111
09-05-2024 16:15,42,119,113
09-05-2024 16:30,42,117,111
09-05-2024 16:45,42,118,112
09-05-2024 17:00,41,114,109
09-05-2024 17:15,42,117,111
09-05-2024 17:30,41,113,109
09-05-2024 17:45,38,103,102
09-05-2024 18:00,45,130,120
09-05-2024 18:15,93,279,229
09-05-2024 18:30,58,185,157
09-05-2024 18:45,53,165,143
09-05-2024 19:00,52,163,142
09-05-2024 19:15,50,152,135
09-05-2024 19:30,48,142,128
09-05-2024 19:45,49,148,132
09-05-2024 20:00,90,249,200
09-05-2024 20:15,154,375,331
09-05-2024 20:30,105,297,250
09-05-2024 20:45,78,257,207
09-05-2024 21:00,66,220,180
09-05-2024 21:15,58,186,157
09-05-2024 21:30,56,178,152
09-05-2024 21:45,56,177,151
09-05-2024 22:00,53,167,145
09-05-2024 22:15,51,157,138
09-05-2024 22:30,50,151,134
09-05-2024 22:45,48,144,129
09-05-2024 23:00,48,141,127
09-05-2024 23:15,46,135,123
09-05-2024 23:30,46,131,121
09-05-2024 23:45,44,125,117
10-05-2024 00:00,43,121,114
10-05-2024 00:15,42,119,113
10-05-2024 00:30,44,124,116
10-05-2024 00:45,46,134,123
10-05-2024 01:00,48,141,127
10-05-2024 01:15,49,145,130
10-05-2024 01:30,49,146,131
10-05-2024 01:45,48,142,128
10-05-2024 02:00,47,138,125
10-05-2024 02:15,47,138,125
10-05-2024 02:30,47,139,126
10-05-2024 02:45,50,150,133
10-05-2024 03:00,52,164,143
10-05-2024 03:15,56,175,150
10-05-2024 03:30,56,178,152
10-05-2024 03:45,57,179,153
10-05-2024 04:00,56,177,151
10-05-2024 04:15,56,178,152
10-05-2024 04:30,57,179,153
10-05-2024 04:45,58,186,157
10-05-2024 05:00,60,195,163
10-05-2024 05:15,61,199,166
10-05-2024 05:30,62,203,169
10-05-2024 05:45,62,203,169
10-05-2024 06:00,64,211,174
10-05-2024 06:15,62,203,169
10-05-2024 06:30,60,192,161
10-05-2024 06:45,60,192,161
10-05-2024 07:00,59,190,160
10-05-2024 07:15,64,213,175
10-05-2024 07:30,63,208,172
10-05-2024 07:45,60,194,163
10-05-2024 08:00,61,196,164
10-05-2024 08:15,61,197,165
10-05-2024 08:30,61,201,167
10-05-2024 08:45,62,202,168
10-05-2024 09:00,65,216,177
10-05-2024 09:15,66,219,179
10-05-2024 09:30,63,207,171
10-05-2024 09:45,60,194,163
10-05-2024 10:00,61,198,165
10-05-2024 10:15,61,199,166
10-05-2024 10:30,62,205,170
10-05-2024 10:45,63,210,173
10-05-2024 11:00,69,231,187
10-05-2024 11:15,138,350,314
10-05-2024 11:30,75,246,197
10-05-2024 11:45,62,202,168
10-05-2024 12:00,144,362,318
10-05-2024 12:15,133,342,310
10-05-2024 12:30,78,255,205
10-05-2024 12:45,67,225,183
10-05-2024 13:00,70,232,188
10-05-2024 13:15,71,239,193
10-05-2024 13:30,61,197,165
10-05-2024 13:45,57,179,153
10-05-2024 14:00,56,177,151
10-05-2024 14:15,54,170,147
10-05-2024 14:30,56,178,152
10-05-2024 14:45,55,171,147
10-05-2024 15:00,56,177,151
10-05-2024 15:15,57,178,152
10-05-2024 15:30,54,169,146
10-05-2024 15:45,53,166,144
10-05-2024 16:00,52,160,140
10-05-2024 16:15,51,157,138
10-05-2024 16:30,54,168,145
10-05-2024 16:45,55,171,147
10-05-2024 17:00,51,158,139
10-05-2024 17:15,50,150,133
10-05-2024 17:30,49,145,130
10-05-2024 17:45,48,145,130
10-05-2024 18:00,69,221,181
10-05-2024 18:15,66,221,181
10-05-2024 18:30,58,185,157
10-05-2024 18:45,54,171,147
10-05-2024 19:00,59,189,159
10-05-2024 19:15,150,359,323
10-05-2024 19:30,98,286,236
10-05-2024 19:45,87,270,220
10-05-2024 20:00,79,259,209
10-05-2024 20:15,74,248,199
10-05-2024 20:30,68,227,185
10-05-2024 20:45,66,218,179
10-05-2024 21:00,63,211,174
10-05-2024 21:15,64,213,175
10-05-2024 21:30,63,209,173
10-05-2024 21:45,60,195,163
10-05-2024 22:00,57,181,154
10-05-2024 22:15,59,192,161
10-05-2024 22:30,53,173,149
10-05-2024 22:45,43,124,116
10-05-2024 23:00,38,100,100
10-05-2024 23:15,35,89,89
10-05-2024 23:30,32,78,78
10-05-2024 23:45,30,70,70
11-05-2024 00:00,28,63,63
11-05-2024 00:15,26,56,56
11-05-2024 00:30,25,51,51
11-05-2024 00:45,24,47,47
11-05-2024 01:00,21,41,41
11-05-2024 01:15,20,37,37
11-05-2024 01:30,19,36,36
11-05-2024 01:45,21,41,41
11-05-2024 02:00,20,39,39
11-05-2024 02:15,20,39,39
11-05-2024 02:30,20,39,39
11-05-2024 02:45,19,36,36
11-05-2024 03:00,19,37,37
11-05-2024 03:15,17,32,32
11-05-2024 03:30,17,32,32
11-05-2024 03:45,17,34,34
11-05-2024 04:00,20,39,39
11-05-2024 04:15,21,42,42
11-05-2024 04:30,24,48,48
11-05-2024 04:45,26,53,53
11-05-2024 05:00,27,59,59
11-05-2024 05:15,29,66,66
11-05-2024 05:30,29,66,66
11-05-2024 05:45,29,67,67
11-05-2024 06:00,29,66,66
11-05-2024 06:15,29,65,65
11-05-2024 06:30,28,64,64
11-05-2024 06:45,28,65,65
11-05-2024 07:00,30,71,71
11-05-2024 07:15,32,79,79
11-05-2024 07:30,32,78,78
11-05-2024 07:45,33,82,82
11-05-2024 08:00,37,97,97
11-05-2024 08:15,39,104,103
11-05-2024 08:30,40,110,107
11-05-2024 08:45,41,115,110
11-05-2024 09:00,44,128,119
11-05-2024 09:15,356,593,604
11-05-2024 09:30,982,1771,2076
11-05-2024 09:45,255,470,450
11-05-2024 10:00,95,283,233
11-05-2024 10:15,72,239,193
11-05-2024 10:30,54,169,146
11-05-2024 10:45,49,148,132
11-05-2024 11:00,47,136,124
11-05-2024 11:15,46,133,122
11-05-2024 11:30,44,127,118
11-05-2024 11:45,60,180,153
11-05-2024 12:00,62,203,169
11-05-2024 12:15,50,152,135
11-05-2024 12:30,48,143,129
11-05-2024 12:45,61,198,165
11-05-2024 13:00,57,180,153
11-05-2024 13:15,57,180,153
11-05-2024 13:30,58,185,157
11-05-2024 13:45,290,497,484
11-05-2024 14:00,317,542,540
11-05-2024 14:15,237,471,451
11-05-2024 14:30,217,449,424
11-05-2024 14:45,203,433,404
11-05-2024 15:00,186,414,380
11-05-2024 15:15,178,405,369
11-05-2024 15:30,169,396,358
11-05-2024 15:45,153,380,338
11-05-2024 16:00,146,369,324
11-05-2024 16:15,141,359,316
11-05-2024 16:30,133,345,310
11-05-2024 16:45,127,335,305
11-05-2024 17:00,121,323,301
11-05-2024 17:15,114,312,280
11-05-2024 17:30,104,296,247
11-05-2024 17:45,98,285,235
11-05-2024 18:00,87,269,219
11-05-2024 18:15,80,260,210
11-05-2024 18:30,77,254,204
11-05-2024 18:45,72,244,196
11-05-2024 19:00,62,204,169
11-05-2024 19:15,49,148,132
11-05-2024 19:30,46,132,121
11-05-2024 19:45,44,124,116
11-05-2024 20:00,42,117,111
11-05-2024 20:15,42,117,111
11-05-2024 20:30,41,113,109
11-05-2024 20:45,42,117,111
11-05-2024 21:00,42,117,111
11-05-2024 21:15,43,123,115
11-05-2024 21:30,48,143,129
11-05-2024 21:45,58,186,157
11-05-2024 22:00,61,201,167
11-05-2024 22:15,60,193,162
11-05-2024 22:30,56,179,153
11-05-2024 22:45,53,166,144
11-05-2024 23:00,50,154,136
11-05-2024 23:15,48,141,127
11-05-2024 23:30,46,131,121
11-05-2024 23:45,45,128,119
12-05-2024 00:00,42,119,113
12-05-2024 00:15,42,116,111
12-05-2024 00:30,41,114,109
12-05-2024 00:45,41,113,109
12-05-2024 01:00,41,115,110
12-05-2024 01:15,42,117,111
12-05-2024 01:30,42,119,113
12-05-2024 01:45,44,125,117
12-05-2024 02:00,47,136,124
12-05-2024 02:15,47,138,125
12-05-2024 02:30,47,136,124
12-05-2024 02:45,47,136,124
12-05-2024 03:00,47,136,124
12-05-2024 03:15,48,141,127
12-05-2024 03:30,48,141,127
12-05-2024 03:45,49,148,132
12-05-2024 04:00,52,163,142
12-05-2024 04:15,54,168,145
12-05-2024 04:30,51,159,139
12-05-2024 04:45,51,156,137
12-05-2024 05:00,49,146,131
12-05-2024 05:15,45,130,120
12-05-2024 05:30,43,121,114
12-05-2024 05:45,43,122,115
12-05-2024 06:00,45,129,119
12-05-2024 06:15,48,141,127
12-05-2024 06:30,52,160,140
12-05-2024 06:45,59,188,159
12-05-2024 07:00,63,210,173
12-05-2024 07:15,68,228,185
12-05-2024 07:30,68,228,185
12-05-2024 07:45,64,215,177
12-05-2024 08:00,59,192,161
12-05-2024 08:15,52,164,143
12-05-2024 08:30,54,168,145
12-05-2024 08:45,49,146,131
12-05-2024 09:00,44,124,116
12-05-2024 09:15,41,115,110
12-05-2024 09:30,41,115,110
12-05-2024 09:45,49,147,131
12-05-2024 10:00,49,147,131
12-05-2024 10:15,55,172,148
12-05-2024 10:30,53,164,143
12-05-2024 10:45,52,161,141
12-05-2024 11:00,51,156,137
12-05-2024 11:15,51,157,138
12-05-2024 11:30,70,234,189
12-05-2024 11:45,75,251,201
12-05-2024 12:00,78,256,206
12-05-2024 12:15,78,257,207
12-05-2024 12:30,78,257,207
12-05-2024 12:45,74,248,199
12-05-2024 13:00,67,225,183
12-05-2024 13:15,59,191,161
12-05-2024 13:30,74,241,194
12-05-2024 13:45,75,251,201
12-05-2024 14:00,82,264,214
12-05-2024 14:15,78,256,206
12-05-2024 14:30,72,242,195
12-05-2024 14:45,65,216,177
12-05-2024 15:00,60,192,161
12-05-2024 15:15,58,185,157
12-05-2024 15:30,54,167,145
12-05-2024 15:45,49,149,133
12-05-2024 16:00,45,130,120
12-05-2024 16:15,44,124,116
12-05-2024 16:30,42,118,112
12-05-2024 16:45,41,112,108
12-05-2024 17:00,39,105,103
12-05-2024 17:15,75,190,160
12-05-2024 17:30,187,416,382
12-05-2024 17:45,151,376,332
12-05-2024 18:00,129,338,307
12-05-2024 18:15,107,301,257
12-05-2024 18:30,184,406,370
12-05-2024 18:45,167,394,355
12-05-2024 19:00,146,369,324
12-05-2024 19:15,132,343,309
12-05-2024 19:30,119,320,297
12-05-2024 19:45,92,277,227
12-05-2024 20:00,70,234,189
12-05-2024 20:15,75,246,197
12-05-2024 20:30,82,263,213
12-05-2024 20:45,76,253,203
12-05-2024 21:00,73,247,198
12-05-2024 21:15,69,232,188
12-05-2024 21:30,66,222,181
12-05-2024 21:45,64,214,176
12-05-2024 22:00,63,206,171
12-05-2024 22:15,62,202,168
12-05-2024 22:30,62,206,171
12-05-2024 22:45,62,206,171
12-05-2024 23:00,62,204,169
12-05-2024 23:15,61,200,167
12-05-2024 23:30,61,197,165
12-05-2024 23:45,67,226,184
13-05-2024 00:00,75,252,202
13-05-2024 00:15,84,265,215
13-05-2024 00:30,106,299,253
13-05-2024 00:45,117,317,290
13-05-2024 01:00,125,330,304
13-05-2024 01:15,128,336,306
13-05-2024 01:30,130,341,308
13-05-2024 01:45,127,335,305
13-05-2024 02:00,124,330,303
13-05-2024 02:15,127,335,305
13-05-2024 02:30,124,329,303
13-05-2024 02:45,124,330,303
13-05-2024 03:00,121,324,301
13-05-2024 03:15,119,321,297
13-05-2024 03:30,118,318,293
13-05-2024 03:45,119,320,297
13-05-2024 04:00,116,316,287
13-05-2024 04:15,119,321,297
13-05-2024 04:30,122,326,302
13-05-2024 04:45,123,328,302
13-05-2024 05:00,121,323,301
13-05-2024 05:15,118,319,293
13-05-2024 05:30,115,313,283
13-05-2024 05:45,111,308,270
13-05-2024 06:00,106,299,253
13-05-2024 06:15,101,290,240
13-05-2024 06:30,96,283,233
13-05-2024 06:45,90,274,224
13-05-2024 07:00,82,263,213
13-05-2024 07:15,80,260,210
13-05-2024 07:30,78,256,206
13-05-2024 07:45,77,255,205
13-05-2024 08:00,80,260,210
13-05-2024 08:15,77,255,205
13-05-2024 08:30,70,239,193
13-05-2024 08:45,67,222,181
13-05-2024 09:00,72,244,196
13-05-2024 09:15,78,256,206
13-05-2024 09:30,78,256,206
13-05-2024 09:45,78,257,207
13-05-2024 10:00,81,261,211
13-05-2024 10:15,96,282,232
13-05-2024 10:30,98,285,235
13-05-2024 10:45,97,285,235
13-05-2024 11:00,93,278,228
13-05-2024 11:15,96,283,233
13-05-2024 11:30,91,276,226
13-05-2024 11:45,89,273,223
13-05-2024 12:00,88,272,222
13-05-2024 12:15,127,335,305
13-05-2024 12:30,106,299,253
13-05-2024 12:45,91,275,225
13-05-2024 13:00,85,266,216
13-05-2024 13:15,87,270,220
13-05-2024 13:30,90,275,225
13-05-2024 13:45,83,264,214
13-05-2024 14:00,76,253,203
13-05-2024 14:15,69,234,189
13-05-2024 14:30,68,227,185
13-05-2024 14:45,59,192,161
13-05-2024 15:00,54,170,147
13-05-2024 15:15,51,157,138
13-05-2024 15:30,47,137,125
13-05-2024 15:45,43,123,115
13-05-2024 16:00,42,117,111
13-05-2024 16:15,39,105,103
13-05-2024 16:30,36,94,94
13-05-2024 16:45,33,83,83
13-05-2024 17:00,31,74,74
13-05-2024 17:15,31,73,73
13-05-2024 17:30,31,72,72
13-05-2024 17:45,30,70,70
13-05-2024 18:00,29,68,68
13-05-2024 18:15,28,64,64
13-05-2024 18:30,29,65,65
13-05-2024 18:45,36,93,93
13-05-2024 19:00,38,103,102
13-05-2024 19:15,37,97,97
13-05-2024 19:30,39,105,103
13-05-2024 19:45,43,123,115
13-05-2024 20:00,41,113,109
13-05-2024 20:15,40,125,117
13-05-2024 20:30,39,124,116
13-05-2024 20:45,40,126,117
13-05-2024 21:00,42,136,124
13-05-2024 21:15,44,141,127
13-05-2024 21:30,44,143,129
13-05-2024 21:45,45,148,132
13-05-2024 22:00,47,156,137
13-05-2024 22:15,49,165,143
13-05-2024 22:30,54,188,159
13-05-2024 22:45,57,200,167
13-05-2024 23:00,58,204,169
13-05-2024 23:15,60,214,176
13-05-2024 23:30,61,219,179
13-05-2024 23:45,61,219,179
14-05-2024 00:00,61,217,178
14-05-2024 00:15,61,220,180
14-05-2024 00:30,60,215,177
14-05-2024 00:45,59,209,173
14-05-2024 01:00,57,201,167
14-05-2024 01:15,57,198,165
14-05-2024 01:30,54,188,159
14-05-2024 01:45,54,186,157
14-05-2024 02:00,53,184,156
14-05-2024 02:15,53,185,157
14-05-2024 02:30,53,183,155
14-05-2024 02:45,54,185,157
14-05-2024 03:00,55,193,162
14-05-2024 03:15,56,195,163
14-05-2024 03:30,55,190,160
14-05-2024 03:45,56,196,164
14-05-2024 04:00,58,204,169
14-05-2024 04:15,55,193,162
14-05-2024 04:30,56,195,163
14-05-2024 04:45,56,195,163
14-05-2024 05:00,59,207,171
14-05-2024 05:15,59,208,172
14-05-2024 05:30,63,225,183
14-05-2024 05:45,64,234,189
14-05-2024 06:00,68,247,198
14-05-2024 06:15,67,246,197
14-05-2024 06:30,68,247,198
14-05-2024 06:45,61,218,179
14-05-2024 07:00,72,255,205
14-05-2024 07:15,87,289,239
14-05-2024 07:30,105,315,265
14-05-2024 07:45,113,327,277
14-05-2024 08:00,118,336,293
14-05-2024 08:15,117,334,290
14-05-2024 08:30,117,334,290
14-05-2024 08:45,114,329,280
14-05-2024 09:00,110,323,273
14-05-2024 09:15,107,318,268
14-05-2024 09:30,104,312,262
14-05-2024 09:45,100,307,257
14-05-2024 10:00,171,405,369
14-05-2024 10:15,151,384,342
14-05-2024 10:30,116,330,287
14-05-2024 10:45,97,302,252
14-05-2024 11:00,86,287,237
14-05-2024 11:15,95,298,248
14-05-2024 11:30,93,297,247
14-05-2024 11:45,95,298,248
14-05-2024 12:00,91,293,243
14-05-2024 12:15,92,296,246
14-05-2024 12:30,82,282,232
14-05-2024 12:45,77,275,225
14-05-2024 13:00,74,268,218
14-05-2024 13:15,62,224,183
14-05-2024 13:30,53,185,157
14-05-2024 13:45,52,179,153
14-05-2024 14:00,50,171,147
14-05-2024 14:15,48,162,141
14-05-2024 14:30,63,224,183
14-05-2024 14:45,56,194,163
14-05-2024 15:00,54,187,158
14-05-2024 15:15,51,174,149
14-05-2024 15:30,48,158,139
14-05-2024 15:45,47,153,135
14-05-2024 16:00,46,148,132
14-05-2024 16:15,43,138,125
14-05-2024 16:30,41,128,119
14-05-2024 16:45,40,126,117
14-05-2024 17:00,38,119,113
14-05-2024 17:15,37,116,111
14-05-2024 17:30,35,106,104
14-05-2024 17:45,35,107,105
14-05-2024 18:00,35,105,103
14-05-2024 18:15,33,99,99
14-05-2024 18:30,35,105,103
14-05-2024 18:45,35,105,103
14-05-2024 19:00,77,252,202
14-05-2024 19:15,79,278,228
14-05-2024 19:30,69,252,202
14-05-2024 19:45,62,221,181
14-05-2024 20:00,55,193,162
14-05-2024 20:15,57,189,159
14-05-2024 20:30,59,190,160
14-05-2024 20:45,61,196,164
14-05-2024 21:00,61,199,166
14-05-2024 21:15,62,200,167
14-05-2024 21:30,62,202,168
14-05-2024 21:45,64,209,173
14-05-2024 22:00,64,210,173
14-05-2024 22:15,64,208,172
14-05-2024 22:30,65,213,175
14-05-2024 22:45,66,219,179
14-05-2024 23:00,67,227,185
14-05-2024 23:15,69,237,191
14-05-2024 23:30,70,243,195
14-05-2024 23:45,71,248,199
15-05-2024 00:00,73,256,206
15-05-2024 00:15,74,260,210
15-05-2024 00:30,74,260,210
15-05-2024 00:45,81,283,233
15-05-2024 01:00,78,275,225
15-05-2024 01:15,75,264,214
15-05-2024 01:30,77,273,223
15-05-2024 01:45,76,269,219
15-05-2024 02:00,74,260,210
15-05-2024 02:15,75,265,215
15-05-2024 02:30,78,276,226
15-05-2024 02:45,78,276,226
15-05-2024 03:00,78,278,228
15-05-2024 03:15,78,277,227
15-05-2024 03:30,78,276,226
15-05-2024 03:45,75,264,214
15-05-2024 04:00,71,249,199
15-05-2024 04:15,68,234,189
15-05-2024 04:30,69,235,190
15-05-2024 04:45,73,253,203
15-05-2024 05:00,74,261,211
15-05-2024 05:15,74,258,208
15-05-2024 05:30,72,252,202
15-05-2024 05:45,78,276,226
15-05-2024 06:00,81,282,232
15-05-2024 06:15,81,282,232
15-05-2024 06:30,82,285,235
15-05-2024 06:45,84,290,240
15-05-2024 07:00,89,300,250
15-05-2024 07:15,116,347,297
15-05-2024 07:30,128,363,316
15-05-2024 07:45,128,363,316
15-05-2024 08:00,121,354,305
15-05-2024 08:15,115,346,296
15-05-2024 08:30,111,342,292
15-05-2024 08:45,110,339,289
15-05-2024 09:00,109,338,288
15-05-2024 09:15,106,332,282
15-05-2024 09:30,106,333,283
15-05-2024 09:45,105,330,280
15-05-2024 10:00,102,324,274
15-05-2024 10:15,178,428,398
15-05-2024 10:30,170,415,381
15-05-2024 10:45,137,373,329
15-05-2024 11:00,113,342,292
15-05-2024 11:15,104,328,278
15-05-2024 11:30,106,328,278
15-05-2024 11:45,111,338,288
15-05-2024 12:00,84,289,239
15-05-2024 12:15,74,261,211
15-05-2024 12:30,68,234,189
15-05-2024 12:45,63,205,170
15-05-2024 13:00,59,191,161
15-05-2024 13:15,57,177,151
15-05-2024 13:30,57,177,151
15-05-2024 13:45,59,189,159
15-05-2024 14:00,57,177,151
15-05-2024 14:15,55,165,143
15-05-2024 14:30,55,166,144
15-05-2024 14:45,54,159,139
15-05-2024 15:00,54,159,139
15-05-2024 15:15,54,160,140
15-05-2024 15:30,53,156,137
15-05-2024 15:45,54,158,139
15-05-2024 16:00,56,169,146
15-05-2024 16:15,56,174,149
15-05-2024 16:30,57,177,151
15-05-2024 16:45,55,166,144
15-05-2024 17:00,52,152,135
15-05-2024 17:15,51,148,132
15-05-2024 17:30,49,140,127
15-05-2024 17:45,48,137,125
15-05-2024 18:00,48,133,122
15-05-2024 18:15,48,135,123
15-05-2024 18:30,47,132,121
15-05-2024 18:45,48,134,123
15-05-2024 19:00,48,133,122
15-05-2024 19:15,48,137,125
15-05-2024 19:30,49,138,125
15-05-2024 19:45,52,152,135
15-05-2024 20:00,54,164,143
15-05-2024 20:15,59,188,159
15-05-2024 20:30,61,197,165
15-05-2024 20:45,63,204,169
15-05-2024 21:00,66,218,179
15-05-2024 21:15,67,228,185
15-05-2024 21:30,71,248,199
15-05-2024 21:45,74,260,210
15-05-2024 22:00,73,254,204
15-05-2024 22:15,72,248,199
15-05-2024 22:30,72,250,200
15-05-2024 22:45,73,255,205
15-05-2024 23:00,72,252,202
15-05-2024 23:15,72,251,201
15-05-2024 23:30,73,256,206
15-05-2024 23:45,73,254,204
16-05-2024 00:00,74,262,212
16-05-2024 00:15,79,277,227
16-05-2024 00:30,88,297,247
16-05-2024 00:45,87,296,246
16-05-2024 01:00,81,284,234
16-05-2024 01:15,77,276,226
16-05-2024 01:30,74,261,211
16-05-2024 01:45,70,241,194
16-05-2024 02:00,66,221,181
16-05-2024 02:15,65,213,175
16-05-2024 02:30,63,207,171
16-05-2024 02:45,63,204,169
16-05-2024 03:00,62,201,167
16-05-2024 03:15,61,198,165
16-05-2024 03:30,61,197,165
16-05-2024 03:45,65,213,175
16-05-2024 04:00,67,227,185
16-05-2024 04:15,69,239,193
16-05-2024 04:30,71,248,199
16-05-2024 04:45,70,244,196
16-05-2024 05:00,69,239,193
16-05-2024 05:15,68,234,189
16-05-2024 05:30,67,229,186
16-05-2024 05:45,66,222,181
16-05-2024 06:00,66,222,181
16-05-2024 06:15,67,225,183
16-05-2024 06:30,64,209,173
16-05-2024 06:45,65,213,175
16-05-2024 07:00,71,240,193
16-05-2024 07:15,86,294,244
16-05-2024 07:30,96,313,263
16-05-2024 07:45,95,311,261
16-05-2024 08:00,86,295,245
16-05-2024 08:15,84,291,241
16-05-2024 08:30,83,289,239
16-05-2024 08:45,82,287,237
16-05-2024 09:00,87,295,245
16-05-2024 09:15,85,292,242
16-05-2024 09:30,86,294,244
16-05-2024 09:45,90,301,251
16-05-2024 10:00,86,294,244
16-05-2024 10:15,96,309,259
16-05-2024 10:30,165,404,368
16-05-2024 10:45,85,293,243
16-05-2024 11:00,79,280,230
16-05-2024 11:15,80,282,232
16-05-2024 11:30,77,273,223
16-05-2024 11:45,79,280,230
16-05-2024 12:00,80,283,233
16-05-2024 12:15,82,287,237
16-05-2024 12:30,83,290,240
16-05-2024 12:45,82,286,236
16-05-2024 13:00,81,283,233
16-05-2024 13:15,81,283,233
16-05-2024 13:30,79,280,230
16-05-2024 13:45,77,272,222
16-05-2024 14:00,74,260,210
16-05-2024 14:15,,,
16-05-2024 14:30,,,
16-05-2024 14:45,,,
16-05-2024 15:00,,,
16-05-2024 15:15,,,
16-05-2024 15:30,,,
16-05-2024 15:45,,,
16-05-2024 16:00,,,
16-05-2024 16:15,,,
16-05-2024 16:30,,,
16-05-2024 16:45,,,
16-05-2024 17:00,,,
16-05-2024 17:15,,,
16-05-2024 17:30,,,
16-05-2024 17:45,,,
16-05-2024 18:00,,,
16-05-2024 18:15,,,
16-05-2024 18:30,,,
16-05-2024 18:45,,,
16-05-2024 19:00,,,
16-05-2024 19:15,,,
16-05-2024 19:30,,,
16-05-2024 19:45,,,
16-05-2024 20:00,,,
16-05-2024 20:15,,,
16-05-2024 20:30,,,
16-05-2024 20:45,83,289,239
16-05-2024 21:00,,,
16-05-2024 21:15,,,
16-05-2024 21:30,,,
16-05-2024 21:45,,,
16-05-2024 22:00,,,
16-05-2024 22:15,,,
16-05-2024 22:30,,,
16-05-2024 22:45,,,
16-05-2024 23:00,,,
16-05-2024 23:15,,,
16-05-2024 23:30,,,
16-05-2024 23:45,,,
17-05-2024 00:00,,,
17-05-2024 00:15,,,
17-05-2024 00:30,,,
17-05-2024 00:45,,,
17-05-2024 01:00,,,
17-05-2024 01:15,,,
17-05-2024 01:30,,,
17-05-2024 01:45,,,
17-05-2024 02:00,,,
17-05-2024 02:15,,,
17-05-2024 02:30,,,
17-05-2024 02:45,,,
17-05-2024 03:00,,,
17-05-2024 03:15,,,
17-05-2024 03:30,,,
17-05-2024 03:45,,,
17-05-2024 04:00,,,
17-05-2024 04:15,,,
17-05-2024 04:30,,,
17-05-2024 04:45,,,
17-05-2024 05:00,,,
17-05-2024 05:15,,,
17-05-2024 05:30,,,
17-05-2024 05:45,,,
17-05-2024 06:00,,,
17-05-2024 06:15,,,
17-05-2024 06:30,,,
17-05-2024 06:45,,,
17-05-2024 07:00,,,
17-05-2024 07:15,,,
17-05-2024 07:30,,,
17-05-2024 07:45,,,
17-05-2024 08:00,,,
17-05-2024 08:15,,,
17-05-2024 08:30,,,
17-05-2024 08:45,,,
17-05-2024 09:00,,,
17-05-2024 09:15,,,
17-05-2024 09:30,,,
17-05-2024 09:45,,,
17-05-2024 10:00,,,
17-05-2024 10:15,,,
17-05-2024 10:30,,,
17-05-2024 10:45,,,
17-05-2024 11:00,,,
17-05-2024 11:15,,,
17-05-2024 11:30,,,
17-05-2024 11:45,,,
17-05-2024 12:00,,,
17-05-2024 12:15,,,
17-05-2024 12:30,,,
17-05-2024 12:45,,,
17-05-2024 13:00,,,
17-05-2024 13:15,,,
17-05-2024 13:30,,,
17-05-2024 13:45,,,
17-05-2024 14:00,,,
17-05-2024 14:15,,,
17-05-2024 14:30,,,
17-05-2024 14:45,,,
17-05-2024 15:00,,,
17-05-2024 15:15,,,
17-05-2024 15:30,,,
17-05-2024 15:45,,,
17-05-2024 16:00,76,266,216
17-05-2024 16:15,66,221,181
17-05-2024 16:30,61,198,165
17-05-2024 16:45,59,189,159
17-05-2024 17:00,57,179,153
17-05-2024 17:15,55,164,143
17-05-2024 17:30,53,156,137
17-05-2024 17:45,49,141,127
17-05-2024 18:00,47,132,121
17-05-2024 18:15,46,126,117
17-05-2024 18:30,45,120,113
17-05-2024 18:45,44,117,111
17-05-2024 19:00,58,184,156
17-05-2024 19:15,56,175,150
17-05-2024 19:30,66,220,180
17-05-2024 19:45,56,173,149
17-05-2024 20:00,98,293,243
17-05-2024 20:15,101,321,271
17-05-2024 20:30,89,299,249
17-05-2024 20:45,83,288,238
17-05-2024 21:00,75,264,214
17-05-2024 21:15,71,245,197
17-05-2024 21:30,66,223,182
17-05-2024 21:45,64,209,173
17-05-2024 22:00,62,200,167
17-05-2024 22:15,60,193,162
17-05-2024 22:30,58,187,158
17-05-2024 22:45,58,183,155
17-05-2024 23:00,59,188,159
17-05-2024 23:15,59,192,161
17-05-2024 23:30,59,189,159
17-05-2024 23:45,59,189,159
18-05-2024 00:00,61,199,166
18-05-2024 00:15,68,231,187
18-05-2024 00:30,72,252,202
18-05-2024 00:45,72,249,199
18-05-2024 01:00,74,261,211
18-05-2024 01:15,75,265,215
18-05-2024 01:30,74,261,211
18-05-2024 01:45,76,268,218
18-05-2024 02:00,76,270,220
18-05-2024 02:15,75,264,214
18-05-2024 02:30,73,253,203
18-05-2024 02:45,72,249,199
18-05-2024 03:00,71,246,197
18-05-2024 03:15,68,229,186
18-05-2024 03:30,67,225,183
18-05-2024 03:45,67,225,183
18-05-2024 04:00,67,227,185
18-05-2024 04:15,70,242,195
18-05-2024 04:30,70,243,195
18-05-2024 04:45,70,244,196
18-05-2024 05:00,68,234,189
18-05-2024 05:15,69,238,192
18-05-2024 05:30,71,246,197
18-05-2024 05:45,69,240,193
18-05-2024 06:00,71,247,198
18-05-2024 06:15,71,246,197
18-05-2024 06:30,70,240,193
18-05-2024 06:45,71,247,198
18-05-2024 07:00,72,249,199
18-05-2024 07:15,72,251,201
18-05-2024 07:30,71,245,197
18-05-2024 07:45,71,249,199
18-05-2024 08:00,81,282,232
18-05-2024 08:15,85,292,242
18-05-2024 08:30,82,287,237
18-05-2024 08:45,80,281,231
18-05-2024 09:00,77,275,225
18-05-2024 09:15,75,267,217
18-05-2024 09:30,75,264,214
18-05-2024 09:45,81,283,233
18-05-2024 10:00,80,282,232
18-05-2024 10:15,83,288,238
18-05-2024 10:30,83,289,239
18-05-2024 10:45,95,309,259
18-05-2024 11:00,100,320,270
18-05-2024 11:15,96,313,263
18-05-2024 11:30,86,295,245
18-05-2024 11:45,81,283,233
18-05-2024 12:00,80,282,232
18-05-2024 12:15,83,288,238
18-05-2024 12:30,79,280,230
18-05-2024 12:45,82,276,226
18-05-2024 13:00,107,332,282
18-05-2024 13:15,90,300,250
18-05-2024 13:30,83,288,238
18-05-2024 13:45,75,266,216
18-05-2024 14:00,66,223,182
18-05-2024 14:15,61,196,164
18-05-2024 14:30,57,177,151
18-05-2024 14:45,55,167,145
18-05-2024 15:00,52,152,135
18-05-2024 15:15,49,139,126
18-05-2024 15:30,47,129,119
18-05-2024 15:45,46,123,115
18-05-2024 16:00,45,120,113
18-05-2024 16:15,45,119,113
18-05-2024 16:30,44,117,111
18-05-2024 16:45,44,115,110
18-05-2024 17:00,44,115,110
18-05-2024 17:15,42,108,105
18-05-2024 17:30,,,
18-05-2024 17:45,,,
18-05-2024 18:00,,,
18-05-2024 18:15,,,
18-05-2024 18:30,,,
18-05-2024 18:45,,,
18-05-2024 19:00,,,
18-05-2024 19:15,,,
18-05-2024 19:30,,,
18-05-2024 19:45,,,
18-05-2024 20:00,55,165,143
18-05-2024 20:15,,,
18-05-2024 20:30,,,
18-05-2024 20:45,,,
18-05-2024 21:00,48,135,123
18-05-2024 21:15,,,
18-05-2024 21:30,,,
18-05-2024 21:45,,,
18-05-2024 22:00,,,
18-05-2024 22:15,,,
18-05-2024 22:30,,,
18-05-2024 22:45,,,
18-05-2024 23:00,,,
18-05-2024 23:15,,,
18-05-2024 23:30,,,
18-05-2024 23:45,,,
19-05-2024 00:00,,,
19-05-2024 00:15,,,
19-05-2024 00:30,,,
19-05-2024 00:45,99,317,267
19-05-2024 01:00,,,
19-05-2024 01:15,,,
19-05-2024 01:30,,,
19-05-2024 01:45,,,
19-05-2024 02:00,,,
19-05-2024 02:15,,,
19-05-2024 02:30,,,
19-05-2024 02:45,,,
19-05-2024 03:00,,,
19-05-2024 03:15,,,
19-05-2024 03:30,,,
19-05-2024 03:45,,,
19-05-2024 04:00,,,
19-05-2024 04:15,,,
19-05-2024 04:30,,,
19-05-2024 04:45,,,
19-05-2024 05:00,,,
19-05-2024 05:15,,,
19-05-2024 05:30,,,
19-05-2024 05:45,,,
19-05-2024 06:00,,,
19-05-2024 06:15,,,
19-05-2024 06:30,,,
19-05-2024 06:45,,,
19-05-2024 07:00,,,
19-05-2024 07:15,,,
19-05-2024 07:30,,,
19-05-2024 07:45,,,
19-05-2024 08:00,,,
19-05-2024 08:15,,,
19-05-2024 08:30,,,
19-05-2024 08:45,,,
19-05-2024 09:00,,,
19-05-2024 09:15,,,
19-05-2024 09:30,,,
19-05-2024 09:45,,,
19-05-2024 10:00,,,
19-05-2024 10:15,,,
19-05-2024 10:30,,,
19-05-2024 10:45,,,
19-05-2024 11:00,,,
19-05-2024 11:15,,,
19-05-2024 11:30,,,
19-05-2024 11:45,,,
19-05-2024 12:00,,,
19-05-2024 12:15,,,
19-05-2024 12:30,,,
19-05-2024 12:45,,,
19-05-2024 13:00,,,
19-05-2024 13:15,,,
19-05-2024 13:30,,,
19-05-2024 13:45,,,
19-05-2024 14:00,80,277,227
19-05-2024 14:15,66,220,180
19-05-2024 14:30,60,194,163
19-05-2024 14:45,53,160,140
19-05-2024 15:00,47,132,121
19-05-2024 15:15,45,120,113
19-05-2024 15:30,41,104,103
19-05-2024 15:45,39,95,95
19-05-2024 16:00,37,85,85
19-05-2024 16:15,36,77,77
19-05-2024 16:30,33,69,69
19-05-2024 16:45,30,60,60
19-05-2024 17:00,28,57,57
19-05-2024 17:15,26,52,52
19-05-2024 17:30,22,43,43
19-05-2024 17:45,66,211,174
19-05-2024 18:00,104,327,277
19-05-2024 18:15,82,286,236
19-05-2024 18:30,67,227,185
19-05-2024 18:45,50,145,130
19-05-2024 19:00,44,116,111
19-05-2024 19:15,42,107,105
19-05-2024 19:30,46,127,118
19-05-2024 19:45,71,259,209
19-05-2024 20:00,56,181,154
19-05-2024 20:15,57,175,150
19-05-2024 20:30,55,167,145
19-05-2024 20:45,49,142,128
19-05-2024 21:00,47,132,121
19-05-2024 21:15,46,125,117
19-05-2024 21:30,46,124,116
19-05-2024 21:45,46,124,116
19-05-2024 22:00,44,117,111
19-05-2024 22:15,42,110,107
19-05-2024 22:30,40,102,101
19-05-2024 22:45,40,98,98
19-05-2024 23:00,38,89,89
19-05-2024 23:15,37,83,83
19-05-2024 23:30,36,77,77
19-05-2024 23:45,35,75,75
20-05-2024 00:00,35,74,74
20-05-2024 00:15,34,71,71
20-05-2024 00:30,34,71,71
20-05-2024 00:45,34,70,70
20-05-2024 01:00,34,71,71
20-05-2024 01:15,32,67,67
20-05-2024 01:30,36,79,79
20-05-2024 01:45,37,86,86
20-05-2024 02:00,39,94,94
20-05-2024 02:15,41,105,103
20-05-2024 02:30,42,109,106
20-05-2024 02:45,42,107,105
20-05-2024 03:00,41,105,103
20-05-2024 03:15,40,102,101
20-05-2024 03:30,40,98,98
20-05-2024 03:45,40,99,99
20-05-2024 04:00,40,100,100
20-05-2024 04:15,40,102,101
20-05-2024 04:30,40,102,101
20-05-2024 04:45,41,104,103
20-05-2024 05:00,42,108,105
20-05-2024 05:15,43,114,109
20-05-2024 05:30,45,122,115
20-05-2024 05:45,44,118,112
20-05-2024 06:00,43,117,111
20-05-2024 06:15,48,135,123
20-05-2024 06:30,55,169,146
20-05-2024 06:45,91,303,253
20-05-2024 07:00,89,299,249
20-05-2024 07:15,94,309,259
20-05-2024 07:30,95,310,260
20-05-2024 07:45,90,301,251
20-05-2024 08:00,88,297,247
20-05-2024 08:15,87,295,245
20-05-2024 08:30,85,293,243
20-05-2024 08:45,84,291,241
20-05-2024 09:00,83,288,238
20-05-2024 09:15,85,292,242
20-05-2024 09:30,84,291,241
20-05-2024 09:45,83,289,239
20-05-2024 10:00,153,388,348
20-05-2024 10:15,212,474,455
20-05-2024 10:30,199,456,432
20-05-2024 10:45,128,363,316
20-05-2024 11:00,109,337,287
20-05-2024 11:15,94,309,259
20-05-2024 11:30,93,306,256
20-05-2024 11:45,87,296,246
20-05-2024 12:00,75,264,214
20-05-2024 12:15,67,225,183
20-05-2024 12:30,104,307,257
20-05-2024 12:45,102,323,273
20-05-2024 13:00,86,293,243
20-05-2024 13:15,72,251,201
20-05-2024 13:30,62,201,167
20-05-2024 13:45,54,161,141
20-05-2024 14:00,49,139,126
20-05-2024 14:15,45,120,113
20-05-2024 14:30,42,108,105
20-05-2024 14:45,40,100,100
20-05-2024 15:00,39,97,97
20-05-2024 15:15,38,92,92
20-05-2024 15:30,37,84,84
20-05-2024 15:45,35,74,74
20-05-2024 16:00,34,70,70
20-05-2024 16:15,32,65,65
20-05-2024 16:30,32,66,66
20-05-2024 16:45,30,60,60
20-05-2024 17:00,29,59,59
20-05-2024 17:15,28,55,55
20-05-2024 17:30,28,57,57
20-05-2024 17:45,29,58,58
20-05-2024 18:00,29,58,58
20-05-2024 18:15,29,58,58
20-05-2024 18:30,29,58,58
20-05-2024 18:45,30,61,61
20-05-2024 19:00,52,164,143
20-05-2024 19:15,55,175,150
20-05-2024 19:30,48,137,125
20-05-2024 19:45,45,123,115
20-05-2024 20:00,44,117,111
20-05-2024 20:15,100,302,252
20-05-2024 20:30,94,309,259
20-05-2024 20:45,86,294,244
20-05-2024 21:00,81,285,235
20-05-2024 21:15,76,268,218
20-05-2024 21:30,73,253,203
20-05-2024 21:45,71,247,198
20-05-2024 22:00,71,245,197
20-05-2024 22:15,69,237,191
20-05-2024 22:30,67,229,186
20-05-2024 22:45,66,224,183
20-05-2024 23:00,67,224,183
20-05-2024 23:15,68,235,190
20-05-2024 23:30,68,231,187
20-05-2024 23:45,66,220,180
21-05-2024 00:00,64,211,174
21-05-2024 00:15,66,219,179
21-05-2024 00:30,65,214,176
21-05-2024 00:45,63,204,169
21-05-2024 01:00,63,204,169
21-05-2024 01:15,61,199,166
21-05-2024 01:30,60,195,163
21-05-2024 01:45,61,197,165
21-05-2024 02:00,60,192,161
21-05-2024 02:15,60,192,161
21-05-2024 02:30,63,204,169
21-05-2024 02:45,65,213,175
21-05-2024 03:00,67,226,184
21-05-2024 03:15,70,244,196
21-05-2024 03:30,74,259,209
21-05-2024 03:45,67,226,184
21-05-2024 04:00,62,201,167
21-05-2024 04:15,58,187,158
21-05-2024 04:30,57,181,154
21-05-2024 04:45,58,181,154
21-05-2024 05:00,57,177,151
21-05-2024 05:15,57,178,152
21-05-2024 05:30,58,183,155
21-05-2024 05:45,57,177,151
21-05-2024 06:00,57,176,151
21-05-2024 06:15,55,168,145
21-05-2024 06:30,53,158,139
21-05-2024 06:45,52,152,135
21-05-2024 07:00,52,152,135
21-05-2024 07:15,53,155,137
21-05-2024 07:30,54,163,142
21-05-2024 07:45,55,168,145
21-05-2024 08:00,56,171,147
21-05-2024 08:15,57,179,153
21-05-2024 08:30,53,158,139
21-05-2024 08:45,100,279,233
21-05-2024 09:00,79,262,212
21-05-2024 09:15,57,181,154
21-05-2024 09:30,56,169,146
21-05-2024 09:45,56,170,147
21-05-2024 10:00,54,161,141
21-05-2024 10:15,54,160,140
21-05-2024 10:30,54,162,141
21-05-2024 10:45,55,164,143
21-05-2024 11:00,55,168,145
21-05-2024 11:15,55,164,143
21-05-2024 11:30,52,152,135
21-05-2024 11:45,52,153,135
21-05-2024 12:00,52,154,136
21-05-2024 12:15,51,149,133
21-05-2024 12:30,53,156,137
21-05-2024 12:45,51,148,132
21-05-2024 13:00,50,144,129
21-05-2024 13:15,51,149,133
21-05-2024 13:30,48,133,122
21-05-2024 13:45,47,128,119
21-05-2024 14:00,46,123,115
21-05-2024 14:15,47,128,119
21-05-2024 14:30,46,125,117
21-05-2024 14:45,46,123,115
21-05-2024 15:00,46,124,116
21-05-2024 15:15,46,124,116
21-05-2024 15:30,45,121,114
21-05-2024 15:45,46,124,116
21-05-2024 16:00,47,128,119
21-05-2024 16:15,47,132,121
21-05-2024 16:30,47,129,119
21-05-2024 16:45,46,127,118
21-05-2024 17:00,46,127,118
21-05-2024 17:15,47,129,119
21-05-2024 17:30,47,128,119
21-05-2024 17:45,45,122,115
21-05-2024 18:00,45,122,115
21-05-2024 18:15,45,120,113
21-05-2024 18:30,45,119,113
21-05-2024 18:45,45,121,114
21-05-2024 19:00,69,235,190
21-05-2024 19:15,69,235,190
21-05-2024 19:30,58,182,155
21-05-2024 19:45,54,160,140
21-05-2024 20:00,124,356,308
21-05-2024 20:15,103,325,275
21-05-2024 20:30,88,299,249
21-05-2024 20:45,81,283,233
21-05-2024 21:00,75,263,213
21-05-2024 21:15,69,236,191
21-05-2024 21:30,66,221,181
21-05-2024 21:45,63,206,171
21-05-2024 22:00,61,197,165
21-05-2024 22:15,57,181,154
21-05-2024 22:30,55,165,143
21-05-2024 22:45,56,173,149
21-05-2024 23:00,56,173,149
21-05-2024 23:15,56,175,150
21-05-2024 23:30,57,179,153
21-05-2024 23:45,55,167,145
22-05-2024 00:00,55,166,144
22-05-2024 00:15,54,161,141
22-05-2024 00:30,53,158,139
22-05-2024 00:45,54,159,139
22-05-2024 01:00,55,169,146
22-05-2024 01:15,59,189,159
22-05-2024 01:30,60,196,164
22-05-2024 01:45,61,198,165
22-05-2024 02:00,61,197,165
22-05-2024 02:15,60,192,161
22-05-2024 02:30,58,185,157
22-05-2024 02:45,58,183,155
22-05-2024 03:00,57,180,153
22-05-2024 03:15,56,173,149
22-05-2024 03:30,56,171,147
22-05-2024 03:45,55,164,143
22-05-2024 04:00,55,163,142
22-05-2024 04:15,56,169,146
22-05-2024 04:30,59,187,158
22-05-2024 04:45,61,198,165
22-05-2024 05:00,62,200,167
22-05-2024 05:15,63,207,171
22-05-2024 05:30,66,220,180
22-05-2024 05:45,67,225,183
22-05-2024 06:00,65,214,176
22-05-2024 06:15,65,213,175
22-05-2024 06:30,64,208,172
22-05-2024 06:45,65,214,176
22-05-2024 07:00,66,221,181
22-05-2024 07:15,65,214,176
22-05-2024 07:30,68,225,183
22-05-2024 07:45,96,312,262
22-05-2024 08:00,87,296,246
22-05-2024 08:15,67,224,183
22-05-2024 08:30,62,202,168
22-05-2024 08:45,76,251,201
22-05-2024 09:00,126,359,311
22-05-2024 09:15,72,244,196
22-05-2024 09:30,83,270,220
22-05-2024 09:45,67,224,183
22-05-2024 10:00,64,211,174
22-05-2024 10:15,68,233,189
22-05-2024 10:30,65,214,176
22-05-2024 10:45,85,276,226
22-05-2024 11:00,83,278,228
22-05-2024 11:15,65,213,175
22-05-2024 11:30,67,229,186
22-05-2024 11:45,63,207,171
22-05-2024 12:00,65,217,178
22-05-2024 12:15,60,192,161
22-05-2024 12:30,56,171,147
22-05-2024 12:45,55,166,144
22-05-2024 13:00,53,157,138
22-05-2024 13:15,52,153,135
22-05-2024 13:30,51,149,133
22-05-2024 13:45,51,148,132
22-05-2024 14:00,51,148,132
22-05-2024 14:15,51,151,134
22-05-2024 14:30,51,150,133
22-05-2024 14:45,50,147,131
22-05-2024 15:00,50,144,129
22-05-2024 15:15,50,144,129
22-05-2024 15:30,51,149,133
22-05-2024 15:45,51,149,133
22-05-2024 16:00,51,149,133
22-05-2024 16:15,51,149,133
22-05-2024 16:30,51,147,131
22-05-2024 16:45,51,151,134
22-05-2024 17:00,52,152,135
22-05-2024 17:15,53,158,139
22-05-2024 17:30,54,159,139
22-05-2024 17:45,53,156,137
22-05-2024 18:00,53,156,137
22-05-2024 18:15,52,154,136
22-05-2024 18:30,53,155,137
22-05-2024 18:45,53,157,138
22-05-2024 19:00,82,255,205
22-05-2024 19:15,103,323,273
22-05-2024 19:30,80,281,231
22-05-2024 19:45,68,230,187
22-05-2024 20:00,61,197,165
22-05-2024 20:15,58,186,157
22-05-2024 20:30,56,174,149
22-05-2024 20:45,57,177,151
22-05-2024 21:00,59,188,159
22-05-2024 21:15,57,181,154
22-05-2024 21:30,57,177,151
22-05-2024 21:45,80,276,226
22-05-2024 22:00,65,215,177
22-05-2024 22:15,57,175,150
22-05-2024 22:30,65,215,177
22-05-2024 22:45,59,189,159
22-05-2024 23:00,53,157,138
22-05-2024 23:15,49,141,127
22-05-2024 23:30,48,136,124
22-05-2024 23:45,49,141,127
23-05-2024 00:00,78,275,225
23-05-2024 00:15,60,194,163
23-05-2024 00:30,53,156,137
23-05-2024 00:45,49,140,127
23-05-2024 01:00,46,127,118
23-05-2024 01:15,46,126,117
23-05-2024 01:30,46,125,117
23-05-2024 01:45,46,123,115
23-05-2024 02:00,46,123,115
23-05-2024 02:15,47,128,119
23-05-2024 02:30,47,128,119
23-05-2024 02:45,46,127,118
23-05-2024 03:00,46,124,116
23-05-2024 03:15,45,121,114
23-05-2024 03:30,43,114,109
23-05-2024 03:45,43,112,108
23-05-2024 04:00,42,110,107
23-05-2024 04:15,42,109,106
23-05-2024 04:30,42,110,107
23-05-2024 04:45,43,113,109
23-05-2024 05:00,45,120,113
23-05-2024 05:15,46,126,117
23-05-2024 05:30,46,124,116
23-05-2024 05:45,45,122,115
23-05-2024 06:00,47,129,119
23-05-2024 06:15,47,128,119
23-05-2024 06:30,44,118,112
23-05-2024 06:45,45,121,114
23-05-2024 07:00,47,129,119
23-05-2024 07:15,48,137,125
23-05-2024 07:30,51,147,131
23-05-2024 07:45,51,149,133
23-05-2024 08:00,54,161,141
23-05-2024 08:15,51,149,133
23-05-2024 08:30,52,153,135
23-05-2024 08:45,55,167,145
23-05-2024 09:00,55,167,145
23-05-2024 09:15,55,165,143
23-05-2024 09:30,55,166,144
23-05-2024 09:45,54,162,141
23-05-2024 10:00,55,166,144
23-05-2024 10:15,55,168,145
23-05-2024 10:30,55,165,143
23-05-2024 10:45,56,170,147
23-05-2024 11:00,57,178,152
23-05-2024 11:15,59,189,159
23-05-2024 11:30,56,173,149
23-05-2024 11:45,64,213,175
23-05-2024 12:00,58,184,156
23-05-2024 12:15,62,200,167
23-05-2024 12:30,57,179,153
23-05-2024 12:45,53,154,136
23-05-2024 13:00,51,150,133
23-05-2024 13:15,49,142,128
23-05-2024 13:30,48,135,123
23-05-2024 13:45,47,130,120
23-05-2024 14:00,47,131,121
23-05-2024 14:15,48,133,122
23-05-2024 14:30,80,273,223
23-05-2024 14:45,59,187,158
23-05-2024 15:00,51,151,134
23-05-2024 15:15,48,136,124
23-05-2024 15:30,46,127,118
23-05-2024 15:45,45,121,114
23-05-2024 16:00,45,118,112
23-05-2024 16:15,44,116,111
23-05-2024 16:30,44,118,112
23-05-2024 16:45,46,123,115
23-05-2024 17:00,46,123,115
23-05-2024 17:15,46,123,115
23-05-2024 17:30,45,121,114
23-05-2024 17:45,44,116,111
23-05-2024 18:00,43,113,109
23-05-2024 18:15,42,110,107
23-05-2024 18:30,59,191,161
23-05-2024 18:45,54,160,140
23-05-2024 19:00,51,147,131
23-05-2024 19:15,79,261,211
23-05-2024 19:30,94,310,260
23-05-2024 19:45,68,228,185
23-05-2024 20:00,55,167,145
23-05-2024 20:15,50,144,129
23-05-2024 20:30,49,138,125
23-05-2024 20:45,48,133,122
23-05-2024 21:00,52,156,137
23-05-2024 21:15,66,223,182
23-05-2024 21:30,56,174,149
23-05-2024 21:45,53,157,138
23-05-2024 22:00,50,146,131
23-05-2024 22:15,48,137,125
23-05-2024 22:30,49,140,127
23-05-2024 22:45,49,142,128
23-05-2024 23:00,50,145,130
23-05-2024 23:15,50,144,129
23-05-2024 23:30,50,147,131
23-05-2024 23:45,51,149,133
24-05-2024 00:00,54,160,140
24-05-2024 00:15,57,180,153
24-05-2024 00:30,58,186,157
24-05-2024 00:45,62,201,167
24-05-2024 01:00,60,193,162
24-05-2024 01:15,59,189,159
24-05-2024 01:30,58,185,157
24-05-2024 01:45,56,175,150
24-05-2024 02:00,54,160,140
24-05-2024 02:15,53,155,137
24-05-2024 02:30,50,145,130
24-05-2024 02:45,48,135,123
24-05-2024 03:00,47,128,119
24-05-2024 03:15,46,125,117
24-05-2024 03:30,45,121,114
24-05-2024 03:45,44,116,111
24-05-2024 04:00,43,114,109
24-05-2024 04:15,42,109,106
24-05-2024 04:30,41,105,103
24-05-2024 04:45,41,104,103
24-05-2024 05:00,40,102,101
24-05-2024 05:15,41,103,102
24-05-2024 05:30,41,105,103
24-05-2024 05:45,41,104,103
24-05-2024 06:00,41,104,103
24-05-2024 06:15,41,104,103
24-05-2024 06:30,41,102,101
24-05-2024 06:45,42,110,107
24-05-2024 07:00,44,115,110
24-05-2024 07:15,45,120,113
24-05-2024 07:30,72,206,171
24-05-2024 07:45,63,200,167
24-05-2024 08:00,56,171,147
24-05-2024 08:15,57,179,153
24-05-2024 08:30,55,168,145
24-05-2024 08:45,50,146,131
24-05-2024 09:00,48,134,123
24-05-2024 09:15,48,133,122
24-05-2024 09:30,53,156,137
24-05-2024 09:45,47,128,119
24-05-2024 10:00,45,121,114
24-05-2024 10:15,44,117,111
24-05-2024 10:30,45,120,113
24-05-2024 10:45,45,119,113
24-05-2024 11:00,57,163,142
24-05-2024 11:15,72,245,197
24-05-2024 11:30,52,152,135
24-05-2024 11:45,45,119,113
24-05-2024 12:00,43,111,107
24-05-2024 12:15,43,112,108
24-05-2024 12:30,45,121,114
24-05-2024 12:45,50,142,128
24-05-2024 13:00,48,134,123
24-05-2024 13:15,46,123,115
24-05-2024 13:30,57,177,151
24-05-2024 13:45,56,175,150
24-05-2024 14:00,49,138,125
24-05-2024 14:15,47,130,120
24-05-2024 14:30,46,124,116
24-05-2024 14:45,45,121,114
24-05-2024 15:00,44,116,111
24-05-2024 15:15,44,118,112
24-05-2024 15:30,45,121,114
24-05-2024 15:45,45,121,114
24-05-2024 16:00,45,121,114
24-05-2024 16:15,44,118,112
24-05-2024 16:30,45,120,113
24-05-2024 16:45,45,120,113
24-05-2024 17:00,44,118,112
24-05-2024 17:15,41,106,104
24-05-2024 17:30,41,106,104
24-05-2024 17:45,41,107,105
24-05-2024 18:00,42,108,105
24-05-2024 18:15,42,111,107
24-05-2024 18:30,43,112,108
24-05-2024 18:45,42,110,107
24-05-2024 19:00,44,119,113
24-05-2024 19:15,49,138,125
24-05-2024 19:30,51,151,134
24-05-2024 19:45,113,342,292
24-05-2024 20:00,95,311,261
24-05-2024 20:15,84,289,239
24-05-2024 20:30,73,255,205
24-05-2024 20:45,64,210,173
24-05-2024 21:00,59,186,157
24-05-2024 21:15,55,167,145
24-05-2024 21:30,54,159,139
24-05-2024 21:45,53,155,137
24-05-2024 22:00,52,153,135
24-05-2024 22:15,52,151,134
24-05-2024 22:30,52,154,136
24-05-2024 22:45,51,148,132
24-05-2024 23:00,51,149,133
24-05-2024 23:15,53,155,137
24-05-2024 23:30,53,157,138
24-05-2024 23:45,53,158,139
25-05-2024 00:00,54,160,140
25-05-2024 00:15,54,161,141
25-05-2024 00:30,58,181,154
25-05-2024 00:45,62,199,166
25-05-2024 01:00,65,214,176
25-05-2024 01:15,67,230,187
25-05-2024 01:30,69,239,193
25-05-2024 01:45,69,240,193
25-05-2024 02:00,69,239,193
25-05-2024 02:15,72,250,200
25-05-2024 02:30,73,258,208
25-05-2024 02:45,73,256,206
25-05-2024 03:00,74,260,210
25-05-2024 03:15,74,261,211
25-05-2024 03:30,74,259,209
25-05-2024 03:45,72,250,200
25-05-2024 04:00,67,229,186
25-05-2024 04:15,63,206,171
25-05-2024 04:30,59,190,160
25-05-2024 04:45,57,179,153
25-05-2024 05:00,56,174,149
25-05-2024 05:15,55,164,143
25-05-2024 05:30,53,156,137
25-05-2024 05:45,51,150,133
25-05-2024 06:00,47,132,121
25-05-2024 06:15,48,134,123
25-05-2024 06:30,48,133,122
25-05-2024 06:45,42,107,105
25-05-2024 07:00,53,159,139
25-05-2024 07:15,59,189,159
25-05-2024 07:30,62,200,167
25-05-2024 07:45,63,205,170
25-05-2024 08:00,59,190,160
25-05-2024 08:15,56,173,149
25-05-2024 08:30,66,224,183
25-05-2024 08:45,72,253,203
25-05-2024 09:00,66,219,179
25-05-2024 09:15,63,205,170
25-05-2024 09:30,98,315,265
25-05-2024 09:45,125,358,310
25-05-2024 10:00,106,331,281
25-05-2024 10:15,98,315,265
25-05-2024 10:30,74,258,208
25-05-2024 10:45,65,216,177
25-05-2024 11:00,62,200,167
25-05-2024 11:15,63,205,170
25-05-2024 11:30,65,215,177
25-05-2024 11:45,69,233,189
25-05-2024 12:00,75,262,212
25-05-2024 12:15,67,226,184
25-05-2024 12:30,88,287,237
25-05-2024 12:45,83,289,239
25-05-2024 13:00,82,287,237
25-05-2024 13:15,81,283,233
25-05-2024 13:30,79,279,229
25-05-2024 13:45,76,270,220
25-05-2024 14:00,71,245,197
25-05-2024 14:15,66,223,182
25-05-2024 14:30,76,261,211
25-05-2024 14:45,71,248,199
25-05-2024 15:00,64,212,175
25-05-2024 15:15,59,188,159
25-05-2024 15:30,76,261,211
25-05-2024 15:45,77,268,218
25-05-2024 16:00,61,199,166
25-05-2024 16:15,55,166,144
25-05-2024 16:30,49,138,125
25-05-2024 16:45,43,112,108
25-05-2024 17:00,39,94,94
25-05-2024 17:15,38,91,91
25-05-2024 17:30,39,93,93
25-05-2024 17:45,39,95,95
25-05-2024 18:00,39,97,97
25-05-2024 18:15,38,90,90
25-05-2024 18:30,37,86,86
25-05-2024 18:45,37,85,85
25-05-2024 19:00,38,91,91
25-05-2024 19:15,39,96,96
25-05-2024 19:30,49,141,127
25-05-2024 19:45,57,177,151
25-05-2024 20:00,64,205,170
25-05-2024 20:15,120,349,300
25-05-2024 20:30,96,313,263
25-05-2024 20:45,89,300,250
25-05-2024 21:00,84,289,239
25-05-2024 21:15,81,283,233
25-05-2024 21:30,76,271,221
25-05-2024 21:45,71,245,197
25-05-2024 22:00,64,212,175
25-05-2024 22:15,61,198,165
25-05-2024 22:30,59,191,161
25-05-2024 22:45,56,173,149
25-05-2024 23:00,53,158,139
25-05-2024 23:15,51,150,133
25-05-2024 23:30,49,140,127
25-05-2024 23:45,47,128,119
26-05-2024 00:00,45,120,113
26-05-2024 00:15,43,112,108
26-05-2024 00:30,42,107,105
26-05-2024 00:45,40,102,101
26-05-2024 01:00,40,99,99
26-05-2024 01:15,39,95,95
26-05-2024 01:30,38,90,90
26-05-2024 01:45,37,87,87
26-05-2024 02:00,37,84,84
26-05-2024 02:15,36,82,82
26-05-2024 02:30,36,80,80
26-05-2024 02:45,36,79,79
26-05-2024 03:00,36,77,77
26-05-2024 03:15,37,84,84
26-05-2024 03:30,37,84,84
26-05-2024 03:45,36,79,79
26-05-2024 04:00,36,79,79
26-05-2024 04:15,37,84,84
26-05-2024 04:30,37,84,84
26-05-2024 04:45,36,79,79
26-05-2024 05:00,36,76,76
26-05-2024 05:15,35,74,74
26-05-2024 05:30,35,73,73
26-05-2024 05:45,38,88,88
26-05-2024 06:00,41,103,102
26-05-2024 06:15,47,133,122
26-05-2024 06:30,53,163,142
26-05-2024 06:45,57,181,154
26-05-2024 07:00,57,182,155
26-05-2024 07:15,57,178,152
26-05-2024 07:30,56,173,149
26-05-2024 07:45,56,176,151
26-05-2024 08:00,52,156,137
26-05-2024 08:15,67,228,185
26-05-2024 08:30,68,235,190
26-05-2024 08:45,63,209,173
26-05-2024 09:00,56,173,149
26-05-2024 09:15,52,153,135
26-05-2024 09:30,55,166,144
26-05-2024 09:45,53,156,137
26-05-2024 10:00,51,147,131
26-05-2024 10:15,54,165,143
26-05-2024 10:30,48,134,123
26-05-2024 10:45,63,206,171
26-05-2024 11:00,58,184,156
26-05-2024 11:15,59,190,160
26-05-2024 11:30,48,133,122
26-05-2024 11:45,45,119,113
26-05-2024 12:00,42,110,107
26-05-2024 12:15,42,107,105
26-05-2024 12:30,52,153,135
26-05-2024 12:45,40,97,97
26-05-2024 13:00,38,89,89
26-05-2024 13:15,34,73,73
26-05-2024 13:30,29,59,59
26-05-2024 13:45,27,55,55
26-05-2024 14:00,27,55,55
26-05-2024 14:15,27,54,54
26-05-2024 14:30,29,60,60
26-05-2024 14:45,30,62,62
26-05-2024 15:00,29,59,59
26-05-2024 15:15,29,59,59
26-05-2024 15:30,29,58,58
26-05-2024 15:45,30,61,61
26-05-2024 16:00,29,59,59
26-05-2024 16:15,29,59,59
26-05-2024 16:30,28,57,57
26-05-2024 16:45,31,64,64
26-05-2024 17:00,30,61,61
26-05-2024 17:15,32,67,67
26-05-2024 17:30,32,66,66
26-05-2024 17:45,30,62,62
26-05-2024 18:00,33,67,67
26-05-2024 18:15,33,68,68
26-05-2024 18:30,33,68,68
26-05-2024 18:45,35,74,74
26-05-2024 19:00,35,75,75
26-05-2024 19:15,47,128,119
26-05-2024 19:30,190,437,409
26-05-2024 19:45,140,377,334
26-05-2024 20:00,131,366,320
26-05-2024 20:15,123,356,308
26-05-2024 20:30,117,349,299
26-05-2024 20:45,121,354,305
26-05-2024 21:00,119,351,301
26-05-2024 21:15,112,342,292
26-05-2024 21:30,131,366,320
26-05-2024 21:45,118,350,300
26-05-2024 22:00,111,341,291
26-05-2024 22:15,106,332,282
26-05-2024 22:30,101,322,272
26-05-2024 22:45,94,309,259
26-05-2024 23:00,90,302,252
26-05-2024 23:15,86,295,245
26-05-2024 23:30,83,289,239
26-05-2024 23:45,81,284,234
27-05-2024 00:00,76,268,218
27-05-2024 00:15,71,247,198
27-05-2024 00:30,70,241,194
27-05-2024 00:45,66,224,183
27-05-2024 01:00,65,215,177
27-05-2024 01:15,64,212,175
27-05-2024 01:30,61,198,165
27-05-2024 01:45,58,186,157
27-05-2024 02:00,55,167,145
27-05-2024 02:15,53,155,137
27-05-2024 02:30,50,147,131
27-05-2024 02:45,49,140,127
27-05-2024 03:00,48,136,124
27-05-2024 03:15,47,131,121
27-05-2024 03:30,47,131,121
27-05-2024 03:45,48,134,123
27-05-2024 04:00,48,134,123
27-05-2024 04:15,47,129,119
27-05-2024 04:30,47,132,121
27-05-2024 04:45,48,134,123
27-05-2024 05:00,47,132,121
27-05-2024 05:15,47,130,120
27-05-2024 05:30,46,123,115
27-05-2024 05:45,45,121,114
27-05-2024 06:00,44,117,111
27-05-2024 06:15,43,113,109
27-05-2024 06:30,42,111,107
27-05-2024 06:45,41,105,103
27-05-2024 07:00,41,102,101
27-05-2024 07:15,53,155,137
27-05-2024 07:30,57,178,152
27-05-2024 07:45,62,203,169
27-05-2024 08:00,64,211,174
27-05-2024 08:15,96,294,244
27-05-2024 08:30,108,333,283
27-05-2024 08:45,86,295,245
27-05-2024 09:00,77,266,216
27-05-2024 09:15,61,199,166
27-05-2024 09:30,57,177,151
27-05-2024 09:45,87,273,223
27-05-2024 10:00,86,293,243
27-05-2024 10:15,72,251,201
27-05-2024 10:30,67,225,183
27-05-2024 10:45,65,216,177
27-05-2024 11:00,77,260,210
27-05-2024 11:15,86,294,244
27-05-2024 11:30,106,330,280
27-05-2024 11:45,94,309,259
27-05-2024 12:00,83,288,238
27-05-2024 12:15,78,277,227
27-05-2024 12:30,77,275,225
27-05-2024 12:45,74,261,211
27-05-2024 13:00,85,277,227
27-05-2024 13:15,123,355,306
27-05-2024 13:30,105,330,280
27-05-2024 13:45,96,311,261
27-05-2024 14:00,88,298,248
27-05-2024 14:15,84,291,241
27-05-2024 14:30,79,281,231
27-05-2024 14:45,82,285,235
27-05-2024 15:00,77,273,223
27-05-2024 15:15,71,245,197
27-05-2024 15:30,66,223,182
27-05-2024 15:45,62,201,167
27-05-2024 16:00,58,182,155
27-05-2024 16:15,55,166,144
27-05-2024 16:30,53,155,137
27-05-2024 16:45,51,148,132
27-05-2024 17:00,49,140,127
27-05-2024 17:15,47,128,119
27-05-2024 17:30,46,125,117
27-05-2024 17:45,46,123,115
27-05-2024 18:00,45,120,113
27-05-2024 18:15,43,111,107
27-05-2024 18:30,42,109,106
27-05-2024 18:45,41,106,104
27-05-2024 19:00,42,107,105
27-05-2024 19:15,43,113,109
27-05-2024 19:30,49,139,126
27-05-2024 19:45,63,206,171
27-05-2024 20:00,62,200,167
27-05-2024 20:15,70,238,192
27-05-2024 20:30,82,285,235
27-05-2024 20:45,74,260,210
27-05-2024 21:00,68,232,188
27-05-2024 21:15,67,228,185
27-05-2024 21:30,67,225,183
27-05-2024 21:45,67,229,186
27-05-2024 22:00,69,236,191
27-05-2024 22:15,65,216,177
27-05-2024 22:30,62,201,167
27-05-2024 22:45,59,188,159
27-05-2024 23:00,57,182,155
27-05-2024 23:15,56,171,147
27-05-2024 23:30,55,164,143
27-05-2024 23:45,54,161,141
28-05-2024 00:00,55,166,144
28-05-2024 00:15,56,170,147
28-05-2024 00:30,56,171,147
28-05-2024 00:45,56,172,148
28-05-2024 01:00,56,174,149
28-05-2024 01:15,56,171,147
28-05-2024 01:30,56,175,150
28-05-2024 01:45,56,171,147
28-05-2024 02:00,57,176,151
28-05-2024 02:15,59,189,159
28-05-2024 02:30,58,186,157
28-05-2024 02:45,56,174,149
28-05-2024 03:00,55,168,145
28-05-2024 03:15,55,166,144
28-05-2024 03:30,54,159,139
28-05-2024 03:45,53,156,137
28-05-2024 04:00,52,150,133
28-05-2024 04:15,51,149,133
28-05-2024 04:30,50,145,130
28-05-2024 04:45,49,140,127
28-05-2024 05:00,49,138,125
28-05-2024 05:15,49,138,125
28-05-2024 05:30,47,132,121
28-05-2024 05:45,46,127,118
28-05-2024 06:00,45,120,113
28-05-2024 06:15,43,112,108
28-05-2024 06:30,41,105,103
28-05-2024 06:45,43,111,107
28-05-2024 07:00,47,129,119
28-05-2024 07:15,70,220,180
28-05-2024 07:30,100,320,270
28-05-2024 07:45,85,292,242
28-05-2024 08:00,67,227,185
28-05-2024 08:15,64,210,173
28-05-2024 08:30,59,191,161
28-05-2024 08:45,57,181,154
28-05-2024 09:00,56,173,149
28-05-2024 09:15,56,175,150
28-05-2024 09:30,60,188,159
28-05-2024 09:45,61,197,165
28-05-2024 10:00,55,167,145
28-05-2024 10:15,61,196,164
28-05-2024 10:30,92,305,255
28-05-2024 10:45,87,296,246
28-05-2024 11:00,82,287,237
28-05-2024 11:15,80,281,231
28-05-2024 11:30,83,288,238
28-05-2024 11:45,77,273,223
28-05-2024 12:00,99,317,267
28-05-2024 12:15,94,308,258
28-05-2024 12:30,96,312,262
28-05-2024 12:45,92,305,255
28-05-2024 13:00,85,293,243
28-05-2024 13:15,77,270,220
28-05-2024 13:30,67,227,185
28-05-2024 13:45,61,199,166
28-05-2024 14:00,56,172,148
28-05-2024 14:15,49,138,125
28-05-2024 14:30,67,192,161
28-05-2024 14:45,76,175,153
28-05-2024 15:00,65,129,119
28-05-2024 15:15,62,120,113
28-05-2024 15:30,62,118,112
28-05-2024 15:45,60,111,107
28-05-2024 16:00,59,109,106
28-05-2024 16:15,58,105,103
28-05-2024 16:30,57,100,100
28-05-2024 16:45,52,86,87
28-05-2024 17:00,51,77,85
28-05-2024 17:15,50,75,83
28-05-2024 17:30,47,69,78
28-05-2024 17:45,45,65,75
28-05-2024 18:00,46,67,77
28-05-2024 18:15,114,233,280
28-05-2024 18:30,151,343,324
28-05-2024 18:45,129,309,307
28-05-2024 19:00,117,291,290
28-05-2024 19:15,129,308,307
28-05-2024 19:30,106,274,253
28-05-2024 19:45,124,299,303
28-05-2024 20:00,111,281,270
28-05-2024 20:15,99,257,230
28-05-2024 20:30,91,233,203
28-05-2024 20:45,85,210,183
28-05-2024 21:00,80,189,167
28-05-2024 21:15,77,177,157
28-05-2024 21:30,74,165,147
28-05-2024 21:45,71,154,137
28-05-2024 22:00,70,148,133
28-05-2024 22:15,68,140,127
28-05-2024 22:30,67,139,126
28-05-2024 22:45,64,129,119
28-05-2024 23:00,63,124,116
28-05-2024 23:15,61,118,112
28-05-2024 23:30,60,114,109
28-05-2024 23:45,58,107,105
29-05-2024 00:00,57,103,102
29-05-2024 00:15,57,101,101
29-05-2024 00:30,57,101,101
29-05-2024 00:45,56,99,99
29-05-2024 01:00,58,105,103
29-05-2024 01:15,60,111,107
29-05-2024 01:30,62,121,114
29-05-2024 01:45,66,132,121
29-05-2024 02:00,72,155,140
29-05-2024 02:15,72,157,140
29-05-2024 02:30,72,155,140
29-05-2024 02:45,71,151,137
29-05-2024 03:00,69,145,130
29-05-2024 03:15,66,135,123
29-05-2024 03:30,66,132,121
29-05-2024 03:45,65,131,121
29-05-2024 04:00,64,128,119
29-05-2024 04:15,63,124,116
29-05-2024 04:30,63,124,116
29-05-2024 04:45,65,129,119
29-05-2024 05:00,66,134,123
29-05-2024 05:15,67,136,124
29-05-2024 05:30,68,140,127
29-05-2024 05:45,69,146,131
29-05-2024 06:00,71,152,137
29-05-2024 06:15,70,150,133
29-05-2024 06:30,63,124,116
29-05-2024 06:45,62,121,114
29-05-2024 07:00,63,123,115
29-05-2024 07:15,60,114,109
29-05-2024 07:30,62,123,115
29-05-2024 07:45,59,112,108
29-05-2024 08:00,56,102,101
29-05-2024 08:15,54,94,94
29-05-2024 08:30,52,85,87
29-05-2024 08:45,48,74,80
29-05-2024 09:00,46,73,77
29-05-2024 09:15,44,69,73
29-05-2024 09:30,43,69,72
29-05-2024 09:45,45,69,75
29-05-2024 10:00,49,78,82
29-05-2024 10:15,45,73,75
29-05-2024 10:30,44,69,73
29-05-2024 10:45,48,81,81
29-05-2024 11:00,131,310,308
29-05-2024 11:15,120,293,300
29-05-2024 11:30,71,155,137
29-05-2024 11:45,61,121,114
29-05-2024 12:00,131,268,308
29-05-2024 12:15,83,201,177
29-05-2024 12:30,56,107,105
29-05-2024 12:45,57,116,111
29-05-2024 13:00,55,101,101
29-05-2024 13:15,52,89,89
29-05-2024 13:30,51,79,85
29-05-2024 13:45,50,80,83
29-05-2024 14:00,49,74,82
29-05-2024 14:15,46,69,77
29-05-2024 14:30,39,57,65
29-05-2024 14:45,37,53,62
29-05-2024 15:00,35,49,58
29-05-2024 15:15,32,44,53
29-05-2024 15:30,33,44,55
29-05-2024 15:45,30,39,50
29-05-2024 16:00,31,42,52
29-05-2024 16:15,34,48,57
29-05-2024 16:30,35,48,58
29-05-2024 16:45,46,68,77
29-05-2024 17:00,50,75,83
29-05-2024 17:15,47,69,78
29-05-2024 17:30,48,72,80
29-05-2024 17:45,48,70,80
29-05-2024 18:00,123,281,302
29-05-2024 18:15,104,266,247
29-05-2024 18:30,70,150,133
29-05-2024 18:45,55,97,97
29-05-2024 19:00,50,78,83
29-05-2024 19:15,44,63,73
29-05-2024 19:30,37,51,62
29-05-2024 19:45,44,63,73
29-05-2024 20:00,46,67,77
29-05-2024 20:15,64,127,118
29-05-2024 20:30,55,94,94
29-05-2024 20:45,51,80,85
29-05-2024 21:00,50,75,83
29-05-2024 21:15,48,71,80
29-05-2024 21:30,51,82,85
29-05-2024 21:45,53,88,88
29-05-2024 22:00,55,95,95
29-05-2024 22:15,55,95,95
29-05-2024 22:30,55,93,93
29-05-2024 22:45,53,89,89
29-05-2024 23:00,53,87,88
29-05-2024 23:15,52,85,87
29-05-2024 23:30,51,79,85
29-05-2024 23:45,51,78,85
30-05-2024 00:00,51,78,85
30-05-2024 00:15,51,78,85
30-05-2024 00:30,52,83,87
30-05-2024 00:45,51,81,85
30-05-2024 01:00,52,84,87
30-05-2024 01:15,52,82,87
30-05-2024 01:30,51,80,85
30-05-2024 01:45,51,78,85
30-05-2024 02:00,50,76,83
30-05-2024 02:15,48,70,80
30-05-2024 02:30,48,69,80
30-05-2024 02:45,52,85,87
30-05-2024 03:00,55,93,93
30-05-2024 03:15,53,86,88
30-05-2024 03:30,53,87,88
30-05-2024 03:45,52,86,87
30-05-2024 04:00,53,86,88
30-05-2024 04:15,52,83,87
30-05-2024 04:30,53,88,88
30-05-2024 04:45,52,84,87
30-05-2024 05:00,53,87,88
30-05-2024 05:15,53,86,88
30-05-2024 05:30,52,86,87
30-05-2024 05:45,53,89,89
30-05-2024 06:00,54,91,91
30-05-2024 06:15,53,89,89
30-05-2024 06:30,54,90,90
30-05-2024 06:45,53,87,88
30-05-2024 07:00,52,87,87
30-05-2024 07:15,52,88,88
30-05-2024 07:30,87,209,190
30-05-2024 07:45,57,103,102
30-05-2024 08:00,52,86,87
30-05-2024 08:15,52,85,87
30-05-2024 08:30,52,85,87
30-05-2024 08:45,52,83,87
30-05-2024 09:00,56,98,98
30-05-2024 09:15,68,145,130
30-05-2024 09:30,60,117,111
30-05-2024 09:45,57,103,102
30-05-2024 10:00,55,93,93
30-05-2024 10:15,53,88,88
30-05-2024 10:30,53,88,88
30-05-2024 10:45,53,86,88
30-05-2024 11:00,54,92,92
30-05-2024 11:15,65,129,119
30-05-2024 11:30,57,103,102
30-05-2024 11:45,54,90,90
30-05-2024 12:00,51,79,85
30-05-2024 12:15,50,74,83
30-05-2024 12:30,47,69,78
30-05-2024 12:45,36,54,60
30-05-2024 13:00,33,51,55
30-05-2024 13:15,32,49,53
30-05-2024 13:30,28,42,47
30-05-2024 13:45,27,40,45
30-05-2024 14:00,24,36,40
30-05-2024 14:15,26,38,43
30-05-2024 14:30,25,36,42
30-05-2024 14:45,26,38,43
30-05-2024 15:00,27,40,45
30-05-2024 15:15,27,40,45
30-05-2024 15:30,25,37,42
30-05-2024 15:45,25,37,42
30-05-2024 16:00,23,34,38
30-05-2024 16:15,24,35,40
30-05-2024 16:30,22,32,37
30-05-2024 16:45,21,30,35
30-05-2024 17:00,18,25,30
30-05-2024 17:15,17,22,28
30-05-2024 17:30,17,22,28
30-05-2024 17:45,14,19,23
30-05-2024 18:00,14,18,23
30-05-2024 18:15,13,16,22
30-05-2024 18:30,40,87,87
30-05-2024 18:45,119,304,297
30-05-2024 19:00,109,278,263
30-05-2024 19:15,115,301,283
30-05-2024 19:30,123,316,302
30-05-2024 19:45,82,198,173
30-05-2024 20:00,59,126,117
30-05-2024 20:15,49,91,91
30-05-2024 20:30,45,79,79
30-05-2024 20:45,38,61,63
30-05-2024 21:00,34,54,57
30-05-2024 21:15,34,54,57
30-05-2024 21:30,36,56,60
30-05-2024 21:45,35,55,58
30-05-2024 22:00,34,53,57
30-05-2024 22:15,33,51,55
30-05-2024 22:30,33,51,55
30-05-2024 22:45,32,50,53
30-05-2024 23:00,32,49,53
30-05-2024 23:15,35,55,58
30-05-2024 23:30,30,46,50
30-05-2024 23:45,28,42,47
31-05-2024 00:00,28,43,47
31-05-2024 00:15,26,39,43
31-05-2024 00:30,25,38,42
31-05-2024 00:45,26,39,43
31-05-2024 01:00,27,41,45
31-05-2024 01:15,25,37,42
31-05-2024 01:30,23,33,38
31-05-2024 01:45,23,33,38
31-05-2024 02:00,23,34,38
31-05-2024 02:15,22,32,37
31-05-2024 02:30,21,29,35
31-05-2024 02:45,21,30,35
31-05-2024 03:00,20,28,33
31-05-2024 03:15,21,29,35
31-05-2024 03:30,21,30,35
31-05-2024 03:45,21,29,35
31-05-2024 04:00,22,32,37
31-05-2024 04:15,23,34,38
31-05-2024 04:30,24,36,40
31-05-2024 04:45,24,36,40
31-05-2024 05:00,25,37,42
31-05-2024 05:15,29,43,48
31-05-2024 05:30,29,44,48
31-05-2024 05:45,29,44,48
31-05-2024 06:00,31,48,52
31-05-2024 06:15,32,49,53
31-05-2024 06:30,33,51,55
31-05-2024 06:45,36,56,60
31-05-2024 07:00,41,66,68
31-05-2024 07:15,43,72,72
31-05-2024 07:30,47,85,85
31-05-2024 07:45,57,119,113
31-05-2024 08:00,89,232,197
31-05-2024 08:15,76,184,156
31-05-2024 08:30,63,142,128
31-05-2024 08:45,44,80,80
31-05-2024 09:00,42,76,76
31-05-2024 09:15,40,69,69
31-05-2024 09:30,40,72,72
31-05-2024 09:45,183,408,372
31-05-2024 10:00,67,149,133
31-05-2024 10:15,144,350,318
31-05-2024 10:30,137,340,313
31-05-2024 10:45,102,265,240
31-05-2024 11:00,68,154,136
31-05-2024 11:15,61,131,121
31-05-2024 11:30,102,278,240
31-05-2024 11:45,57,125,117
31-05-2024 12:00,48,93,93
31-05-2024 12:15,39,66,66
31-05-2024 12:30,48,92,92
31-05-2024 12:45,56,114,109
31-05-2024 13:00,40,65,67
31-05-2024 13:15,36,56,60
31-05-2024 13:30,32,49,53
31-05-2024 13:45,30,45,50
31-05-2024 14:00,29,44,48
31-05-2024 14:15,31,49,52
31-05-2024 14:30,32,50,53
31-05-2024 14:45,33,50,55
31-05-2024 15:00,31,48,52
31-05-2024 15:15,29,45,48
31-05-2024 15:30,31,48,52
31-05-2024 15:45,31,47,52
31-05-2024 16:00,31,48,52
31-05-2024 16:15,30,45,50
31-05-2024 16:30,29,44,48
31-05-2024 16:45,29,45,48
31-05-2024 17:00,30,45,50
31-05-2024 17:15,31,48,52
31-05-2024 17:30,30,46,50
31-05-2024 17:45,33,53,55
31-05-2024 18:00,85,211,183
31-05-2024 18:15,62,133,122
31-05-2024 18:30,53,105,103
31-05-2024 18:45,50,95,95
31-05-2024 19:00,112,286,273
31-05-2024 19:15,113,293,277
31-05-2024 19:30,91,229,203
31-05-2024 19:45,150,336,323
31-05-2024 20:00,191,428,398
31-05-2024 20:15,174,401,364
31-05-2024 20:30,154,365,326
31-05-2024 20:45,138,343,314
31-05-2024 21:00,126,323,305
31-05-2024 21:15,116,303,287
31-05-2024 21:30,105,276,250
31-05-2024 21:45,97,250,223
31-05-2024 22:00,92,234,207
31-05-2024 22:15,90,227,200
31-05-2024 22:30,90,226,200
31-05-2024 22:45,89,223,197
31-05-2024 23:00,85,209,183
31-05-2024 23:15,80,191,167
31-05-2024 23:30,76,176,153
31-05-2024 23:45,73,167,145
