CreatedDate,pm25_Robin: Living room,pm10_Robin: Living room,aqi_Robin: Living room
01-05-2024 00:00,38,100,100
01-05-2024 00:15,38,99,99
01-05-2024 00:30,38,99,99
01-05-2024 00:45,38,100,100
01-05-2024 01:00,38,100,100
01-05-2024 01:15,39,101,101
01-05-2024 01:30,38,100,100
01-05-2024 01:45,38,101,101
01-05-2024 02:00,40,104,103
01-05-2024 02:15,44,117,111
01-05-2024 02:30,51,135,123
01-05-2024 02:45,56,149,133
01-05-2024 03:00,59,153,135
01-05-2024 03:15,60,155,137
01-05-2024 03:30,60,155,137
01-05-2024 03:45,58,152,135
01-05-2024 04:00,54,143,129
01-05-2024 04:15,46,121,114
01-05-2024 04:30,38,100,100
01-05-2024 04:45,34,89,89
01-05-2024 05:00,34,90,90
01-05-2024 05:15,34,89,89
01-05-2024 05:30,52,125,117
01-05-2024 05:45,44,120,113
01-05-2024 06:00,42,113,109
01-05-2024 06:15,43,116,111
01-05-2024 06:30,52,142,128
01-05-2024 06:45,51,138,125
01-05-2024 07:00,53,146,131
01-05-2024 07:15,56,152,135
01-05-2024 07:30,58,154,136
01-05-2024 07:45,61,156,137
01-05-2024 08:00,60,157,138
01-05-2024 08:15,58,155,137
01-05-2024 08:30,59,156,137
01-05-2024 08:45,57,154,136
01-05-2024 09:00,55,150,133
01-05-2024 09:15,49,134,123
01-05-2024 09:30,44,120,113
01-05-2024 09:45,42,115,110
01-05-2024 10:00,43,117,111
01-05-2024 10:15,42,115,110
01-05-2024 10:30,39,106,104
01-05-2024 10:45,37,100,100
01-05-2024 11:00,37,101,101
01-05-2024 11:15,38,113,109
01-05-2024 11:30,41,131,121
01-05-2024 11:45,52,160,140
01-05-2024 12:00,60,170,147
01-05-2024 12:15,47,154,136
01-05-2024 12:30,40,130,120
01-05-2024 12:45,34,103,102
01-05-2024 13:00,35,109,106
01-05-2024 13:15,38,133,122
01-05-2024 13:30,31,97,97
01-05-2024 13:45,27,85,85
01-05-2024 14:00,25,76,76
01-05-2024 14:15,24,72,72
01-05-2024 14:30,24,68,68
01-05-2024 14:45,23,67,67
01-05-2024 15:00,24,69,69
01-05-2024 15:15,31,89,89
01-05-2024 15:30,39,107,105
01-05-2024 15:45,35,97,97
01-05-2024 16:00,36,103,102
01-05-2024 16:15,38,112,108
01-05-2024 16:30,38,117,111
01-05-2024 16:45,36,111,107
01-05-2024 17:00,47,148,132
01-05-2024 17:15,46,149,133
01-05-2024 17:30,42,140,127
01-05-2024 17:45,36,109,106
01-05-2024 18:00,30,89,89
01-05-2024 18:15,27,77,77
01-05-2024 18:30,25,71,71
01-05-2024 18:45,24,69,69
01-05-2024 19:00,25,71,71
01-05-2024 19:15,29,80,80
01-05-2024 19:30,33,90,90
01-05-2024 19:45,29,80,80
01-05-2024 20:00,28,78,78
01-05-2024 20:15,27,76,76
01-05-2024 20:30,30,81,81
01-05-2024 20:45,31,84,84
01-05-2024 21:00,31,82,82
01-05-2024 21:15,31,81,81
01-05-2024 21:30,31,83,83
01-05-2024 21:45,38,101,101
01-05-2024 22:00,42,111,107
01-05-2024 22:15,39,102,101
01-05-2024 22:30,38,101,101
01-05-2024 22:45,36,95,95
01-05-2024 23:00,34,87,87
01-05-2024 23:15,31,81,81
01-05-2024 23:30,30,78,78
01-05-2024 23:45,28,76,76
02-05-2024 00:00,28,75,75
02-05-2024 00:15,28,75,75
02-05-2024 00:30,28,76,76
02-05-2024 00:45,29,77,77
02-05-2024 01:00,30,79,79
02-05-2024 01:15,31,81,81
02-05-2024 01:30,33,87,87
02-05-2024 01:45,34,90,90
02-05-2024 02:00,36,94,94
02-05-2024 02:15,37,98,98
02-05-2024 02:30,38,101,101
02-05-2024 02:45,40,103,102
02-05-2024 03:00,40,105,103
02-05-2024 03:15,41,109,106
02-05-2024 03:30,41,110,107
02-05-2024 03:45,43,114,109
02-05-2024 04:00,42,112,108
02-05-2024 04:15,41,110,107
02-05-2024 04:30,41,108,105
02-05-2024 04:45,42,111,107
02-05-2024 05:00,46,122,115
02-05-2024 05:15,51,136,124
02-05-2024 05:30,55,147,131
02-05-2024 05:45,56,151,134
02-05-2024 06:00,59,154,136
02-05-2024 06:15,61,155,137
02-05-2024 06:30,63,157,138
02-05-2024 06:45,70,162,141
02-05-2024 07:00,79,170,163
02-05-2024 07:15,109,202,263
02-05-2024 07:30,115,210,283
02-05-2024 07:45,109,203,263
02-05-2024 08:00,98,191,227
02-05-2024 08:15,92,183,207
02-05-2024 08:30,86,177,187
02-05-2024 08:45,80,171,167
02-05-2024 09:00,71,163,142
02-05-2024 09:15,59,153,135
02-05-2024 09:30,53,141,127
02-05-2024 09:45,52,142,128
02-05-2024 10:00,46,124,116
02-05-2024 10:15,47,125,117
02-05-2024 10:30,45,120,113
02-05-2024 10:45,51,137,125
02-05-2024 11:00,53,143,129
02-05-2024 11:15,49,130,120
02-05-2024 11:30,45,120,113
02-05-2024 11:45,40,106,104
02-05-2024 12:00,38,101,101
02-05-2024 12:15,35,93,93
02-05-2024 12:30,33,87,87
02-05-2024 12:45,32,83,83
02-05-2024 13:00,30,79,79
02-05-2024 13:15,29,78,78
02-05-2024 13:30,29,77,77
02-05-2024 13:45,29,76,76
02-05-2024 14:00,28,76,76
02-05-2024 14:15,27,75,75
02-05-2024 14:30,26,72,72
02-05-2024 14:45,26,70,70
02-05-2024 15:00,26,70,70
02-05-2024 15:15,26,68,68
02-05-2024 15:30,26,69,69
02-05-2024 15:45,25,67,67
02-05-2024 16:00,25,67,67
02-05-2024 16:15,25,67,67
02-05-2024 16:30,26,68,68
02-05-2024 16:45,25,66,66
02-05-2024 17:00,24,65,65
02-05-2024 17:15,24,63,63
02-05-2024 17:30,23,61,61
02-05-2024 17:45,23,63,63
02-05-2024 18:00,23,63,63
02-05-2024 18:15,23,62,62
02-05-2024 18:30,23,62,62
02-05-2024 18:45,24,65,65
02-05-2024 19:00,26,69,69
02-05-2024 19:15,25,66,66
02-05-2024 19:30,50,117,111
02-05-2024 19:45,186,327,351
02-05-2024 20:00,217,378,375
02-05-2024 20:15,132,241,309
02-05-2024 20:30,81,172,170
02-05-2024 20:45,61,155,137
02-05-2024 21:00,56,150,133
02-05-2024 21:15,54,144,129
02-05-2024 21:30,52,137,125
02-05-2024 21:45,49,130,120
02-05-2024 22:00,46,122,115
02-05-2024 22:15,44,116,111
02-05-2024 22:30,41,107,105
02-05-2024 22:45,40,104,103
02-05-2024 23:00,39,103,102
02-05-2024 23:15,38,101,101
02-05-2024 23:30,38,100,100
02-05-2024 23:45,37,97,97
03-05-2024 00:00,36,95,95
03-05-2024 00:15,35,93,93
03-05-2024 00:30,35,92,92
03-05-2024 00:45,35,93,93
03-05-2024 01:00,36,95,95
03-05-2024 01:15,36,95,95
03-05-2024 01:30,36,95,95
03-05-2024 01:45,36,96,96
03-05-2024 02:00,38,100,100
03-05-2024 02:15,40,104,103
03-05-2024 02:30,42,112,108
03-05-2024 02:45,46,121,114
03-05-2024 03:00,50,134,123
03-05-2024 03:15,56,149,133
03-05-2024 03:30,63,156,137
03-05-2024 03:45,72,163,142
03-05-2024 04:00,81,171,170
03-05-2024 04:15,88,177,193
03-05-2024 04:30,92,182,207
03-05-2024 04:45,95,185,217
03-05-2024 05:00,98,189,227
03-05-2024 05:15,97,188,223
03-05-2024 05:30,96,186,220
03-05-2024 05:45,95,185,217
03-05-2024 06:00,98,189,227
03-05-2024 06:15,100,191,233
03-05-2024 06:30,100,191,233
03-05-2024 06:45,127,224,305
03-05-2024 07:00,163,280,333
03-05-2024 07:15,343,480,472
03-05-2024 07:30,277,433,421
03-05-2024 07:45,230,389,385
03-05-2024 08:00,206,351,366
03-05-2024 08:15,192,328,355
03-05-2024 08:30,291,432,432
03-05-2024 08:45,568,698,735
03-05-2024 09:00,184,313,349
03-05-2024 09:15,115,209,283
03-05-2024 09:30,92,182,207
03-05-2024 09:45,85,176,183
03-05-2024 10:00,83,175,177
03-05-2024 10:15,93,185,210
03-05-2024 10:30,62,155,137
03-05-2024 10:45,54,144,129
03-05-2024 11:00,50,135,123
03-05-2024 11:15,48,128,119
03-05-2024 11:30,48,127,118
03-05-2024 11:45,47,124,116
03-05-2024 12:00,45,120,113
03-05-2024 12:15,45,120,113
03-05-2024 12:30,41,110,107
03-05-2024 12:45,39,105,103
03-05-2024 13:00,38,99,99
03-05-2024 13:15,35,94,94
03-05-2024 13:30,34,91,91
03-05-2024 13:45,34,88,88
03-05-2024 14:00,43,118,112
03-05-2024 14:15,42,116,111
03-05-2024 14:30,43,118,112
03-05-2024 14:45,42,116,111
03-05-2024 15:00,42,114,109
03-05-2024 15:15,42,115,110
03-05-2024 15:30,43,117,111
03-05-2024 15:45,42,114,109
03-05-2024 16:00,41,111,107
03-05-2024 16:15,40,105,103
03-05-2024 16:30,40,104,103
03-05-2024 16:45,39,101,101
03-05-2024 17:00,38,99,99
03-05-2024 17:15,37,98,98
03-05-2024 17:30,38,98,98
03-05-2024 17:45,41,109,106
03-05-2024 18:00,42,112,108
03-05-2024 18:15,42,114,109
03-05-2024 18:30,43,117,111
03-05-2024 18:45,45,123,115
03-05-2024 19:00,46,130,120
03-05-2024 19:15,48,137,125
03-05-2024 19:30,52,151,134
03-05-2024 19:45,54,160,140
03-05-2024 20:00,69,218,179
03-05-2024 20:15,66,208,172
03-05-2024 20:30,72,226,184
03-05-2024 20:45,93,274,224
03-05-2024 21:00,89,269,219
03-05-2024 21:15,81,257,207
03-05-2024 21:30,77,250,200
03-05-2024 21:45,74,239,193
03-05-2024 22:00,76,248,199
03-05-2024 22:15,75,245,197
03-05-2024 22:30,75,244,196
03-05-2024 22:45,75,241,194
03-05-2024 23:00,74,238,192
03-05-2024 23:15,75,242,195
03-05-2024 23:30,76,245,197
03-05-2024 23:45,77,250,200
04-05-2024 00:00,78,252,202
04-05-2024 00:15,78,253,203
04-05-2024 00:30,79,254,204
04-05-2024 00:45,78,253,203
04-05-2024 01:00,78,252,202
04-05-2024 01:15,78,252,202
04-05-2024 01:30,73,236,191
04-05-2024 01:45,70,221,181
04-05-2024 02:00,65,203,169
04-05-2024 02:15,62,190,160
04-05-2024 02:30,59,178,152
04-05-2024 02:45,56,168,145
04-05-2024 03:00,54,161,141
04-05-2024 03:15,54,159,139
04-05-2024 03:30,53,155,137
04-05-2024 03:45,54,161,141
04-05-2024 04:00,55,162,141
04-05-2024 04:15,55,162,141
04-05-2024 04:30,53,158,139
04-05-2024 04:45,57,172,148
04-05-2024 05:00,64,197,165
04-05-2024 05:15,72,229,186
04-05-2024 05:30,79,255,205
04-05-2024 05:45,85,264,214
04-05-2024 06:00,92,272,222
04-05-2024 06:15,97,278,228
04-05-2024 06:30,103,287,243
04-05-2024 06:45,110,296,267
04-05-2024 07:00,112,299,273
04-05-2024 07:15,113,302,277
04-05-2024 07:30,114,303,280
04-05-2024 07:45,166,389,349
04-05-2024 08:00,197,423,391
04-05-2024 08:15,212,441,414
04-05-2024 08:30,206,433,404
04-05-2024 08:45,196,422,390
04-05-2024 09:00,188,412,378
04-05-2024 09:15,182,406,370
04-05-2024 09:30,173,397,359
04-05-2024 09:45,159,383,341
04-05-2024 10:00,153,374,330
04-05-2024 10:15,170,393,354
04-05-2024 10:30,169,392,352
04-05-2024 10:45,154,375,331
04-05-2024 11:00,156,379,336
04-05-2024 11:15,169,393,354
04-05-2024 11:30,152,370,325
04-05-2024 11:45,159,381,339
04-05-2024 12:00,145,358,319
04-05-2024 12:15,134,339,311
04-05-2024 12:30,118,310,293
04-05-2024 12:45,111,298,270
04-05-2024 13:00,103,287,243
04-05-2024 13:15,97,278,228
04-05-2024 13:30,89,269,219
04-05-2024 13:45,80,257,207
04-05-2024 14:00,93,274,224
04-05-2024 14:15,83,261,211
04-05-2024 14:30,74,239,193
04-05-2024 14:45,70,221,181
04-05-2024 15:00,67,210,173
04-05-2024 15:15,66,206,171
04-05-2024 15:30,64,200,167
04-05-2024 15:45,62,189,159
04-05-2024 16:00,58,175,150
04-05-2024 16:15,55,163,142
04-05-2024 16:30,53,157,138
04-05-2024 16:45,51,149,133
04-05-2024 17:00,50,142,128
04-05-2024 17:15,47,134,123
04-05-2024 17:30,47,132,121
04-05-2024 17:45,46,129,119
04-05-2024 18:00,46,129,119
04-05-2024 18:15,47,133,122
04-05-2024 18:30,47,134,123
04-05-2024 18:45,47,132,121
04-05-2024 19:00,48,135,123
04-05-2024 19:15,50,142,128
04-05-2024 19:30,53,157,138
04-05-2024 19:45,100,280,233
04-05-2024 20:00,115,305,283
04-05-2024 20:15,117,309,290
04-05-2024 20:30,113,302,277
04-05-2024 20:45,112,299,273
04-05-2024 21:00,117,308,290
04-05-2024 21:15,113,301,277
04-05-2024 21:30,113,303,277
04-05-2024 21:45,114,303,280
04-05-2024 22:00,109,296,263
04-05-2024 22:15,111,300,270
04-05-2024 22:30,120,313,300
04-05-2024 22:45,116,306,287
04-05-2024 23:00,114,303,280
04-05-2024 23:15,108,294,260
04-05-2024 23:30,102,285,240
04-05-2024 23:45,96,277,227
05-05-2024 00:00,90,270,220
05-05-2024 00:15,86,265,215
05-05-2024 00:30,84,262,212
05-05-2024 00:45,84,262,212
05-05-2024 01:00,78,252,202
05-05-2024 01:15,76,245,197
05-05-2024 01:30,75,243,195
05-05-2024 01:45,74,240,193
05-05-2024 02:00,71,225,183
05-05-2024 02:15,69,219,179
05-05-2024 02:30,67,211,174
05-05-2024 02:45,66,205,170
05-05-2024 03:00,65,201,167
05-05-2024 03:15,64,200,167
05-05-2024 03:30,66,204,169
05-05-2024 03:45,64,200,167
05-05-2024 04:00,61,188,159
05-05-2024 04:15,59,178,152
05-05-2024 04:30,58,174,149
05-05-2024 04:45,56,166,144
05-05-2024 05:00,54,160,140
05-05-2024 05:15,54,161,141
05-05-2024 05:30,55,165,143
05-05-2024 05:45,62,192,161
05-05-2024 06:00,71,227,185
05-05-2024 06:15,79,253,203
05-05-2024 06:30,82,259,209
05-05-2024 06:45,84,262,212
05-05-2024 07:00,92,273,223
05-05-2024 07:15,96,277,227
05-05-2024 07:30,95,276,226
05-05-2024 07:45,95,276,226
05-05-2024 08:00,101,284,237
05-05-2024 08:15,96,277,227
05-05-2024 08:30,91,272,222
05-05-2024 08:45,90,270,220
05-05-2024 09:00,90,270,220
05-05-2024 09:15,99,281,231
05-05-2024 09:30,101,284,237
05-05-2024 09:45,95,276,226
05-05-2024 10:00,100,282,233
05-05-2024 10:15,107,294,257
05-05-2024 10:30,186,409,374
05-05-2024 10:45,201,426,395
05-05-2024 11:00,169,393,354
05-05-2024 11:15,151,370,325
05-05-2024 11:30,131,334,308
05-05-2024 11:45,117,307,290
05-05-2024 12:00,108,293,260
05-05-2024 12:15,102,284,240
05-05-2024 12:30,96,277,227
05-05-2024 12:45,89,268,218
05-05-2024 13:00,85,264,214
05-05-2024 13:15,80,257,207
05-05-2024 13:30,75,244,196
05-05-2024 13:45,71,226,184
05-05-2024 14:00,76,233,189
05-05-2024 14:15,83,257,207
05-05-2024 14:30,61,186,157
05-05-2024 14:45,60,185,157
05-05-2024 15:00,53,157,138
05-05-2024 15:15,51,149,133
05-05-2024 15:30,48,136,124
05-05-2024 15:45,46,128,119
05-05-2024 16:00,46,126,117
05-05-2024 16:15,47,133,122
05-05-2024 16:30,48,138,125
05-05-2024 16:45,47,134,123
05-05-2024 17:00,47,131,121
05-05-2024 17:15,48,137,125
05-05-2024 17:30,48,136,124
05-05-2024 17:45,46,129,119
05-05-2024 18:00,43,119,113
05-05-2024 18:15,43,117,111
05-05-2024 18:30,42,114,109
05-05-2024 18:45,42,112,108
05-05-2024 19:00,42,112,108
05-05-2024 19:15,42,110,107
05-05-2024 19:30,44,119,113
05-05-2024 19:45,49,142,128
05-05-2024 20:00,71,226,184
05-05-2024 20:15,72,229,186
05-05-2024 20:30,68,212,175
05-05-2024 20:45,63,194,163
05-05-2024 21:00,62,190,160
05-05-2024 21:15,62,193,162
05-05-2024 21:30,67,209,173
05-05-2024 21:45,71,224,183
05-05-2024 22:00,80,256,206
05-05-2024 22:15,82,260,210
05-05-2024 22:30,91,272,222
05-05-2024 22:45,113,303,277
05-05-2024 23:00,163,387,346
05-05-2024 23:15,176,400,362
05-05-2024 23:30,158,380,338
05-05-2024 23:45,134,339,311
06-05-2024 00:00,125,323,304
06-05-2024 00:15,108,293,260
06-05-2024 00:30,110,297,267
06-05-2024 00:45,107,293,257
06-05-2024 01:00,101,284,237
06-05-2024 01:15,95,276,226
06-05-2024 01:30,92,272,222
06-05-2024 01:45,87,266,216
06-05-2024 02:00,83,260,210
06-05-2024 02:15,81,257,207
06-05-2024 02:30,77,250,200
06-05-2024 02:45,75,241,194
06-05-2024 03:00,71,224,183
06-05-2024 03:15,68,216,177
06-05-2024 03:30,66,204,169
06-05-2024 03:45,64,198,165
06-05-2024 04:00,63,195,163
06-05-2024 04:15,61,188,159
06-05-2024 04:30,59,179,153
06-05-2024 04:45,57,173,149
06-05-2024 05:00,57,171,147
06-05-2024 05:15,56,167,145
06-05-2024 05:30,55,164,143
06-05-2024 05:45,53,157,138
06-05-2024 06:00,61,186,157
06-05-2024 06:15,72,225,183
06-05-2024 06:30,120,315,300
06-05-2024 06:45,112,301,273
06-05-2024 07:00,104,289,247
06-05-2024 07:15,102,286,240
06-05-2024 07:30,111,298,270
06-05-2024 07:45,136,342,312
06-05-2024 08:00,140,349,315
06-05-2024 08:15,137,344,313
06-05-2024 08:30,133,336,310
06-05-2024 08:45,128,329,306
06-05-2024 09:00,122,317,302
06-05-2024 09:15,114,303,280
06-05-2024 09:30,108,293,260
06-05-2024 09:45,100,281,233
06-05-2024 10:00,96,277,227
06-05-2024 10:15,91,271,221
06-05-2024 10:30,85,264,214
06-05-2024 10:45,79,255,205
06-05-2024 11:00,75,243,195
06-05-2024 11:15,71,225,183
06-05-2024 11:30,65,202,168
06-05-2024 11:45,60,181,154
06-05-2024 12:00,57,171,147
06-05-2024 12:15,54,160,140
06-05-2024 12:30,53,154,136
06-05-2024 12:45,52,150,133
06-05-2024 13:00,51,145,130
06-05-2024 13:15,50,142,128
06-05-2024 13:30,50,142,128
06-05-2024 13:45,48,136,124
06-05-2024 14:00,47,134,123
06-05-2024 14:15,46,129,119
06-05-2024 14:30,44,120,113
06-05-2024 14:45,42,111,107
06-05-2024 15:00,41,109,106
06-05-2024 15:15,40,104,103
06-05-2024 15:30,40,103,102
06-05-2024 15:45,40,104,103
06-05-2024 16:00,41,107,105
06-05-2024 16:15,40,105,103
06-05-2024 16:30,39,100,100
06-05-2024 16:45,37,96,96
06-05-2024 17:00,36,94,94
06-05-2024 17:15,35,91,91
06-05-2024 17:30,35,88,88
06-05-2024 17:45,33,83,83
06-05-2024 18:00,32,80,80
06-05-2024 18:15,32,77,77
06-05-2024 18:30,32,78,78
06-05-2024 18:45,31,74,74
06-05-2024 19:00,34,89,89
06-05-2024 19:15,40,109,106
06-05-2024 19:30,41,111,107
06-05-2024 19:45,48,139,126
06-05-2024 20:00,54,159,139
06-05-2024 20:15,63,185,157
06-05-2024 20:30,84,262,212
06-05-2024 20:45,78,254,204
06-05-2024 21:00,74,239,193
06-05-2024 21:15,71,227,185
06-05-2024 21:30,68,215,177
06-05-2024 21:45,67,210,173
06-05-2024 22:00,65,204,169
06-05-2024 22:15,68,215,177
06-05-2024 22:30,71,226,184
06-05-2024 22:45,68,216,177
06-05-2024 23:00,65,204,169
06-05-2024 23:15,65,201,167
06-05-2024 23:30,66,207,171
06-05-2024 23:45,69,218,179
07-05-2024 00:00,70,220,180
07-05-2024 00:15,70,222,181
07-05-2024 00:30,71,226,184
07-05-2024 00:45,72,232,188
07-05-2024 01:00,75,244,196
07-05-2024 01:15,76,250,200
07-05-2024 01:30,78,253,203
07-05-2024 01:45,81,258,208
07-05-2024 02:00,84,262,212
07-05-2024 02:15,85,264,214
07-05-2024 02:30,86,265,215
07-05-2024 02:45,88,267,217
07-05-2024 03:00,91,270,220
07-05-2024 03:15,94,275,225
07-05-2024 03:30,96,277,227
07-05-2024 03:45,100,283,233
07-05-2024 04:00,102,286,240
07-05-2024 04:15,104,288,247
07-05-2024 04:30,105,289,250
07-05-2024 04:45,107,292,257
07-05-2024 05:00,111,298,270
07-05-2024 05:15,113,301,277
07-05-2024 05:30,154,367,326
07-05-2024 05:45,170,393,354
07-05-2024 06:00,157,379,336
07-05-2024 06:15,146,361,320
07-05-2024 06:30,141,352,316
07-05-2024 06:45,135,341,312
07-05-2024 07:00,137,345,313
07-05-2024 07:15,134,339,311
07-05-2024 07:30,128,328,306
07-05-2024 07:45,137,345,313
07-05-2024 08:00,138,345,314
07-05-2024 08:15,146,362,320
07-05-2024 08:30,147,363,321
07-05-2024 08:45,163,385,344
07-05-2024 09:00,164,387,346
07-05-2024 09:15,161,384,342
07-05-2024 09:30,156,380,338
07-05-2024 09:45,152,373,329
07-05-2024 10:00,146,361,320
07-05-2024 10:15,138,347,314
07-05-2024 10:30,133,337,310
07-05-2024 10:45,126,325,305
07-05-2024 11:00,123,319,302
07-05-2024 11:15,122,317,302
07-05-2024 11:30,110,297,267
07-05-2024 11:45,101,284,237
07-05-2024 12:00,94,274,224
07-05-2024 12:15,87,266,216
07-05-2024 12:30,82,259,209
07-05-2024 12:45,79,255,205
07-05-2024 13:00,79,254,204
07-05-2024 13:15,77,250,200
07-05-2024 13:30,76,248,199
07-05-2024 13:45,74,238,192
07-05-2024 14:00,71,225,183
07-05-2024 14:15,65,203,169
07-05-2024 14:30,107,284,257
07-05-2024 14:45,130,332,308
07-05-2024 15:00,111,298,270
07-05-2024 15:15,100,283,233
07-05-2024 15:30,83,261,211
07-05-2024 15:45,77,252,202
07-05-2024 16:00,74,241,194
07-05-2024 16:15,70,221,181
07-05-2024 16:30,67,211,174
07-05-2024 16:45,64,200,167
07-05-2024 17:00,64,197,165
07-05-2024 17:15,65,201,167
07-05-2024 17:30,65,204,169
07-05-2024 17:45,64,197,165
07-05-2024 18:00,61,186,157
07-05-2024 18:15,59,180,153
07-05-2024 18:30,59,178,152
07-05-2024 18:45,58,176,151
07-05-2024 19:00,63,194,163
07-05-2024 19:15,64,199,166
07-05-2024 19:30,75,232,188
07-05-2024 19:45,87,266,216
07-05-2024 20:00,85,264,214
07-05-2024 20:15,83,262,212
07-05-2024 20:30,83,261,211
07-05-2024 20:45,82,260,210
07-05-2024 21:00,82,259,209
07-05-2024 21:15,80,256,206
07-05-2024 21:30,78,252,202
07-05-2024 21:45,77,252,202
07-05-2024 22:00,81,258,208
07-05-2024 22:15,85,264,214
07-05-2024 22:30,85,264,214
07-05-2024 22:45,83,261,211
07-05-2024 23:00,81,258,208
07-05-2024 23:15,80,257,207
07-05-2024 23:30,82,259,209
07-05-2024 23:45,82,259,209
08-05-2024 00:00,81,258,208
08-05-2024 00:15,81,258,208
08-05-2024 00:30,81,258,208
08-05-2024 00:45,81,258,208
08-05-2024 01:00,80,257,207
08-05-2024 01:15,80,257,207
08-05-2024 01:30,80,256,206
08-05-2024 01:45,80,256,206
08-05-2024 02:00,80,256,206
08-05-2024 02:15,80,255,205
08-05-2024 02:30,80,256,206
08-05-2024 02:45,80,256,206
08-05-2024 03:00,79,255,205
08-05-2024 03:15,79,254,204
08-05-2024 03:30,78,252,202
08-05-2024 03:45,78,252,202
08-05-2024 04:00,77,251,201
08-05-2024 04:15,78,252,202
08-05-2024 04:30,77,252,202
08-05-2024 04:45,77,249,199
08-05-2024 05:00,71,226,184
08-05-2024 05:15,87,263,213
08-05-2024 05:30,99,283,233
08-05-2024 05:45,130,329,308
08-05-2024 06:00,94,274,224
08-05-2024 06:15,88,267,217
08-05-2024 06:30,86,264,214
08-05-2024 06:45,84,262,212
08-05-2024 07:00,81,258,208
08-05-2024 07:15,79,254,204
08-05-2024 07:30,80,257,207
08-05-2024 07:45,99,282,232
08-05-2024 08:00,108,293,260
08-05-2024 08:15,103,287,243
08-05-2024 08:30,100,282,233
08-05-2024 08:45,95,276,226
08-05-2024 09:00,90,270,220
08-05-2024 09:15,86,264,214
08-05-2024 09:30,84,262,212
08-05-2024 09:45,82,259,209
08-05-2024 10:00,79,255,205
08-05-2024 10:15,77,252,202
08-05-2024 10:30,78,252,202
08-05-2024 10:45,77,251,201
08-05-2024 11:00,75,242,195
08-05-2024 11:15,74,239,193
08-05-2024 11:30,77,250,200
08-05-2024 11:45,76,249,199
08-05-2024 12:00,81,258,208
08-05-2024 12:15,82,259,209
08-05-2024 12:30,80,257,207
08-05-2024 12:45,80,256,206
08-05-2024 13:00,79,255,205
08-05-2024 13:15,78,253,203
08-05-2024 13:30,78,252,202
08-05-2024 13:45,75,242,195
08-05-2024 14:00,71,228,185
08-05-2024 14:15,68,213,175
08-05-2024 14:30,64,199,166
08-05-2024 14:45,62,190,160
08-05-2024 15:00,59,180,153
08-05-2024 15:15,57,171,147
08-05-2024 15:30,53,157,138
08-05-2024 15:45,53,155,137
08-05-2024 16:00,52,152,135
08-05-2024 16:15,52,152,135
08-05-2024 16:30,52,152,135
08-05-2024 16:45,52,150,133
08-05-2024 17:00,52,150,133
08-05-2024 17:15,51,148,132
08-05-2024 17:30,51,147,131
08-05-2024 17:45,51,148,132
08-05-2024 18:00,51,146,131
08-05-2024 18:15,51,147,131
08-05-2024 18:30,51,147,131
08-05-2024 18:45,51,147,131
08-05-2024 19:00,51,149,133
08-05-2024 19:15,58,173,149
08-05-2024 19:30,64,196,164
08-05-2024 19:45,67,209,173
08-05-2024 20:00,70,223,182
08-05-2024 20:15,78,250,200
08-05-2024 20:30,80,256,206
08-05-2024 20:45,77,252,202
08-05-2024 21:00,77,250,200
08-05-2024 21:15,75,243,195
08-05-2024 21:30,72,231,187
08-05-2024 21:45,71,228,185
08-05-2024 22:00,73,237,191
08-05-2024 22:15,79,248,199
08-05-2024 22:30,77,251,201
08-05-2024 22:45,71,226,184
08-05-2024 23:00,66,207,171
08-05-2024 23:15,64,199,166
08-05-2024 23:30,63,196,164
08-05-2024 23:45,63,194,163
09-05-2024 00:00,62,192,161
09-05-2024 00:15,61,188,159
09-05-2024 00:30,60,183,155
09-05-2024 00:45,61,187,158
09-05-2024 01:00,61,186,157
09-05-2024 01:15,60,181,154
09-05-2024 01:30,59,180,153
09-05-2024 01:45,58,174,149
09-05-2024 02:00,57,170,147
09-05-2024 02:15,56,169,146
09-05-2024 02:30,56,167,145
09-05-2024 02:45,55,164,143
09-05-2024 03:00,54,159,139
09-05-2024 03:15,53,155,137
09-05-2024 03:30,53,154,136
09-05-2024 03:45,52,151,134
09-05-2024 04:00,51,149,133
09-05-2024 04:15,51,149,133
09-05-2024 04:30,51,147,131
09-05-2024 04:45,47,133,122
09-05-2024 05:00,50,142,128
09-05-2024 05:15,67,206,171
09-05-2024 05:30,50,143,129
09-05-2024 05:45,90,265,215
09-05-2024 06:00,68,214,176
09-05-2024 06:15,62,193,162
09-05-2024 06:30,56,167,145
09-05-2024 06:45,53,154,136
09-05-2024 07:00,51,148,132
09-05-2024 07:15,50,143,129
09-05-2024 07:30,51,146,131
09-05-2024 07:45,74,236,191
09-05-2024 08:00,63,193,162
09-05-2024 08:15,59,179,153
09-05-2024 08:30,56,169,146
09-05-2024 08:45,55,164,143
09-05-2024 09:00,55,163,142
09-05-2024 09:15,54,158,139
09-05-2024 09:30,59,178,152
09-05-2024 09:45,64,200,167
09-05-2024 10:00,63,194,163
09-05-2024 10:15,81,251,201
09-05-2024 10:30,110,297,267
09-05-2024 10:45,128,328,306
09-05-2024 11:00,120,313,300
09-05-2024 11:15,111,297,270
09-05-2024 11:30,105,289,250
09-05-2024 11:45,104,288,247
09-05-2024 12:00,101,284,237
09-05-2024 12:15,102,286,240
09-05-2024 12:30,94,274,224
09-05-2024 12:45,89,268,218
09-05-2024 13:00,85,264,214
09-05-2024 13:15,83,261,211
09-05-2024 13:30,81,257,207
09-05-2024 13:45,79,254,204
09-05-2024 14:00,76,246,197
09-05-2024 14:15,72,231,187
09-05-2024 14:30,67,208,172
09-05-2024 14:45,62,192,161
09-05-2024 15:00,59,179,153
09-05-2024 15:15,57,170,147
09-05-2024 15:30,54,161,141
09-05-2024 15:45,51,149,133
09-05-2024 16:00,50,144,129
09-05-2024 16:15,48,136,124
09-05-2024 16:30,46,129,119
09-05-2024 16:45,46,126,117
09-05-2024 17:00,45,123,115
09-05-2024 17:15,45,123,115
09-05-2024 17:30,45,123,115
09-05-2024 17:45,46,127,118
09-05-2024 18:00,50,142,128
09-05-2024 18:15,59,180,153
09-05-2024 18:30,62,192,161
09-05-2024 18:45,62,189,159
09-05-2024 19:00,58,175,150
09-05-2024 19:15,57,171,147
09-05-2024 19:30,55,162,141
09-05-2024 19:45,54,159,139
09-05-2024 20:00,54,158,139
09-05-2024 20:15,58,174,149
09-05-2024 20:30,60,181,154
09-05-2024 20:45,60,184,156
09-05-2024 21:00,62,192,161
09-05-2024 21:15,64,197,165
09-05-2024 21:30,65,201,167
09-05-2024 21:45,61,187,158
09-05-2024 22:00,56,168,145
09-05-2024 22:15,53,154,136
09-05-2024 22:30,51,147,131
09-05-2024 22:45,51,148,132
09-05-2024 23:00,50,144,129
09-05-2024 23:15,50,144,129
09-05-2024 23:30,49,139,126
09-05-2024 23:45,49,140,127
10-05-2024 00:00,50,144,129
10-05-2024 00:15,49,140,127
10-05-2024 00:30,48,137,125
10-05-2024 00:45,46,128,119
10-05-2024 01:00,46,127,118
10-05-2024 01:15,45,124,116
10-05-2024 01:30,44,122,115
10-05-2024 01:45,45,124,116
10-05-2024 02:00,45,124,116
10-05-2024 02:15,45,123,115
10-05-2024 02:30,44,122,115
10-05-2024 02:45,45,122,115
10-05-2024 03:00,46,128,119
10-05-2024 03:15,47,134,123
10-05-2024 03:30,49,139,126
10-05-2024 03:45,51,146,131
10-05-2024 04:00,50,144,129
10-05-2024 04:15,51,146,131
10-05-2024 04:30,51,148,132
10-05-2024 04:45,51,149,133
10-05-2024 05:00,53,154,136
10-05-2024 05:15,54,161,141
10-05-2024 05:30,73,234,189
10-05-2024 05:45,80,255,205
10-05-2024 06:00,81,257,207
10-05-2024 06:15,126,326,305
10-05-2024 06:30,199,423,391
10-05-2024 06:45,159,380,338
10-05-2024 07:00,128,327,306
10-05-2024 07:15,109,295,263
10-05-2024 07:30,103,287,243
10-05-2024 07:45,112,299,273
10-05-2024 08:00,94,275,225
10-05-2024 08:15,86,264,214
10-05-2024 08:30,86,264,214
10-05-2024 08:45,83,260,210
10-05-2024 09:00,79,254,204
10-05-2024 09:15,77,251,201
10-05-2024 09:30,78,252,202
10-05-2024 09:45,81,257,207
10-05-2024 10:00,82,259,209
10-05-2024 10:15,80,255,205
10-05-2024 10:30,78,253,203
10-05-2024 10:45,81,257,207
10-05-2024 11:00,96,277,227
10-05-2024 11:15,103,286,243
10-05-2024 11:30,92,272,222
10-05-2024 11:45,87,266,216
10-05-2024 12:00,82,259,209
10-05-2024 12:15,80,256,206
10-05-2024 12:30,78,253,203
10-05-2024 12:45,90,269,219
10-05-2024 13:00,97,278,228
10-05-2024 13:15,89,268,218
10-05-2024 13:30,84,263,213
10-05-2024 13:45,81,258,208
10-05-2024 14:00,78,253,203
10-05-2024 14:15,77,250,200
10-05-2024 14:30,75,241,194
10-05-2024 14:45,73,235,190
10-05-2024 15:00,72,230,187
10-05-2024 15:15,73,232,188
10-05-2024 15:30,72,228,185
10-05-2024 15:45,71,228,185
10-05-2024 16:00,71,226,184
10-05-2024 16:15,73,233,189
10-05-2024 16:30,73,235,190
10-05-2024 16:45,73,234,189
10-05-2024 17:00,72,229,186
10-05-2024 17:15,80,255,205
10-05-2024 17:30,77,249,199
10-05-2024 17:45,75,241,194
10-05-2024 18:00,74,240,193
10-05-2024 18:15,75,243,195
10-05-2024 18:30,75,240,193
10-05-2024 18:45,78,250,200
10-05-2024 19:00,82,259,209
10-05-2024 19:15,86,265,215
10-05-2024 19:30,84,261,211
10-05-2024 19:45,79,254,204
10-05-2024 20:00,96,277,227
10-05-2024 20:15,90,270,220
10-05-2024 20:30,84,262,212
10-05-2024 20:45,82,258,208
10-05-2024 21:00,77,251,201
10-05-2024 21:15,90,266,216
10-05-2024 21:30,99,280,230
10-05-2024 21:45,90,270,220
10-05-2024 22:00,84,261,211
10-05-2024 22:15,84,264,214
10-05-2024 22:30,76,252,202
10-05-2024 22:45,57,183,155
10-05-2024 23:00,44,123,115
10-05-2024 23:15,36,94,94
10-05-2024 23:30,30,70,70
10-05-2024 23:45,27,59,59
11-05-2024 00:00,25,53,53
11-05-2024 00:15,21,48,48
11-05-2024 00:30,21,47,47
11-05-2024 00:45,19,42,42
11-05-2024 01:00,17,38,38
11-05-2024 01:15,16,35,35
11-05-2024 01:30,14,30,30
11-05-2024 01:45,13,29,29
11-05-2024 02:00,12,27,27
11-05-2024 02:15,12,26,26
11-05-2024 02:30,12,26,26
11-05-2024 02:45,12,27,27
11-05-2024 03:00,17,38,38
11-05-2024 03:15,18,41,41
11-05-2024 03:30,18,40,40
11-05-2024 03:45,21,46,46
11-05-2024 04:00,26,57,57
11-05-2024 04:15,30,70,70
11-05-2024 04:30,32,77,77
11-05-2024 04:45,32,78,78
11-05-2024 05:00,32,81,81
11-05-2024 05:15,33,82,82
11-05-2024 05:30,32,81,81
11-05-2024 05:45,32,81,81
11-05-2024 06:00,32,81,81
11-05-2024 06:15,32,79,79
11-05-2024 06:30,32,79,79
11-05-2024 06:45,33,82,82
11-05-2024 07:00,33,82,82
11-05-2024 07:15,33,84,84
11-05-2024 07:30,32,81,81
11-05-2024 07:45,33,84,84
11-05-2024 08:00,33,84,84
11-05-2024 08:15,35,91,91
11-05-2024 08:30,38,100,100
11-05-2024 08:45,61,200,167
11-05-2024 09:00,67,230,187
11-05-2024 09:15,63,209,173
11-05-2024 09:30,71,233,189
11-05-2024 09:45,69,223,182
11-05-2024 10:00,68,221,181
11-05-2024 10:15,72,232,188
11-05-2024 10:30,77,246,197
11-05-2024 10:45,71,238,192
11-05-2024 11:00,66,213,175
11-05-2024 11:15,66,212,175
11-05-2024 11:30,73,236,191
11-05-2024 11:45,74,241,194
11-05-2024 12:00,74,242,195
11-05-2024 12:15,82,259,209
11-05-2024 12:30,90,269,219
11-05-2024 12:45,92,273,223
11-05-2024 13:00,91,271,221
11-05-2024 13:15,79,254,204
11-05-2024 13:30,72,229,186
11-05-2024 13:45,65,204,169
11-05-2024 14:00,60,184,156
11-05-2024 14:15,56,167,145
11-05-2024 14:30,53,155,137
11-05-2024 14:45,65,200,167
11-05-2024 15:00,82,259,209
11-05-2024 15:15,76,245,197
11-05-2024 15:30,66,205,170
11-05-2024 15:45,58,174,149
11-05-2024 16:00,55,162,141
11-05-2024 16:15,53,154,136
11-05-2024 16:30,51,149,133
11-05-2024 16:45,51,148,132
11-05-2024 17:00,51,145,130
11-05-2024 17:15,50,141,127
11-05-2024 17:30,50,142,128
11-05-2024 17:45,52,153,135
11-05-2024 18:00,52,153,135
11-05-2024 18:15,52,150,133
11-05-2024 18:30,50,144,129
11-05-2024 18:45,50,143,129
11-05-2024 19:00,50,144,129
11-05-2024 19:15,51,146,131
11-05-2024 19:30,76,234,189
11-05-2024 19:45,90,268,218
11-05-2024 20:00,83,261,211
11-05-2024 20:15,72,230,187
11-05-2024 20:30,64,196,164
11-05-2024 20:45,57,171,147
11-05-2024 21:00,52,153,135
11-05-2024 21:15,50,143,129
11-05-2024 21:30,54,159,139
11-05-2024 21:45,48,138,125
11-05-2024 22:00,45,123,115
11-05-2024 22:15,42,114,109
11-05-2024 22:30,42,111,107
11-05-2024 22:45,41,106,104
11-05-2024 23:00,40,103,102
11-05-2024 23:15,38,99,99
11-05-2024 23:30,38,99,99
11-05-2024 23:45,36,95,95
12-05-2024 00:00,35,89,89
12-05-2024 00:15,34,87,87
12-05-2024 00:30,35,89,89
12-05-2024 00:45,39,101,101
12-05-2024 01:00,43,118,112
12-05-2024 01:15,45,124,116
12-05-2024 01:30,45,125,117
12-05-2024 01:45,46,126,117
12-05-2024 02:00,46,129,119
12-05-2024 02:15,46,130,120
12-05-2024 02:30,47,132,121
12-05-2024 02:45,48,136,124
12-05-2024 03:00,51,146,131
12-05-2024 03:15,52,152,135
12-05-2024 03:30,54,161,141
12-05-2024 03:45,54,159,139
12-05-2024 04:00,53,154,136
12-05-2024 04:15,53,155,137
12-05-2024 04:30,52,154,136
12-05-2024 04:45,53,156,137
12-05-2024 05:00,53,155,137
12-05-2024 05:15,55,163,142
12-05-2024 05:30,56,167,145
12-05-2024 05:45,54,159,139
12-05-2024 06:00,50,143,129
12-05-2024 06:15,49,139,126
12-05-2024 06:30,48,137,125
12-05-2024 06:45,50,142,128
12-05-2024 07:00,58,175,150
12-05-2024 07:15,73,240,193
12-05-2024 07:30,87,285,235
12-05-2024 07:45,75,259,209
12-05-2024 08:00,67,229,186
12-05-2024 08:15,63,202,168
12-05-2024 08:30,105,288,250
12-05-2024 08:45,98,280,230
12-05-2024 09:00,84,263,213
12-05-2024 09:15,78,256,206
12-05-2024 09:30,74,247,198
12-05-2024 09:45,68,226,184
12-05-2024 10:00,64,204,169
12-05-2024 10:15,64,205,170
12-05-2024 10:30,70,227,185
12-05-2024 10:45,69,219,179
12-05-2024 11:00,81,259,209
12-05-2024 11:15,77,250,200
12-05-2024 11:30,72,231,187
12-05-2024 11:45,72,228,185
12-05-2024 12:00,71,225,183
12-05-2024 12:15,69,219,179
12-05-2024 12:30,61,185,157
12-05-2024 12:45,64,200,167
12-05-2024 13:00,74,238,192
12-05-2024 13:15,65,201,167
12-05-2024 13:30,61,186,157
12-05-2024 13:45,59,181,154
12-05-2024 14:00,58,174,149
12-05-2024 14:15,57,173,149
12-05-2024 14:30,54,160,140
12-05-2024 14:45,52,150,133
12-05-2024 15:00,49,139,126
12-05-2024 15:15,48,136,124
12-05-2024 15:30,49,138,125
12-05-2024 15:45,51,149,133
12-05-2024 16:00,49,141,127
12-05-2024 16:15,47,133,122
12-05-2024 16:30,47,132,121
12-05-2024 16:45,47,132,121
12-05-2024 17:00,47,131,121
12-05-2024 17:15,46,127,118
12-05-2024 17:30,45,124,116
12-05-2024 17:45,46,128,119
12-05-2024 18:00,47,134,123
12-05-2024 18:15,49,140,127
12-05-2024 18:30,49,140,127
12-05-2024 18:45,51,146,131
12-05-2024 19:00,53,154,136
12-05-2024 19:15,75,242,195
12-05-2024 19:30,79,255,205
12-05-2024 19:45,78,253,203
12-05-2024 20:00,75,244,196
12-05-2024 20:15,73,232,188
12-05-2024 20:30,70,220,180
12-05-2024 20:45,68,214,176
12-05-2024 21:00,66,208,172
12-05-2024 21:15,69,216,177
12-05-2024 21:30,69,219,179
12-05-2024 21:45,69,216,177
12-05-2024 22:00,67,212,175
12-05-2024 22:15,70,223,182
12-05-2024 22:30,71,224,183
12-05-2024 22:45,68,216,177
12-05-2024 23:00,67,211,174
12-05-2024 23:15,68,214,176
12-05-2024 23:30,66,207,171
12-05-2024 23:45,65,202,168
13-05-2024 00:00,66,205,170
13-05-2024 00:15,67,209,173
13-05-2024 00:30,66,207,171
13-05-2024 00:45,67,208,172
13-05-2024 01:00,67,209,173
13-05-2024 01:15,64,200,167
13-05-2024 01:30,64,200,167
13-05-2024 01:45,64,197,165
13-05-2024 02:00,62,192,161
13-05-2024 02:15,63,197,165
13-05-2024 02:30,66,207,171
13-05-2024 02:45,69,216,177
13-05-2024 03:00,71,226,184
13-05-2024 03:15,72,231,187
13-05-2024 03:30,73,235,190
13-05-2024 03:45,73,234,189
13-05-2024 04:00,74,238,192
13-05-2024 04:15,74,238,192
13-05-2024 04:30,73,234,189
13-05-2024 04:45,73,232,188
13-05-2024 05:00,71,225,183
13-05-2024 05:15,69,219,179
13-05-2024 05:30,69,216,177
13-05-2024 05:45,66,207,171
13-05-2024 06:00,65,204,169
13-05-2024 06:15,64,199,166
13-05-2024 06:30,63,193,162
13-05-2024 06:45,60,184,156
13-05-2024 07:00,71,224,183
13-05-2024 07:15,85,264,214
13-05-2024 07:30,87,265,215
13-05-2024 07:45,91,272,222
13-05-2024 08:00,94,275,225
13-05-2024 08:15,107,292,257
13-05-2024 08:30,113,301,277
13-05-2024 08:45,94,274,224
13-05-2024 09:00,92,273,223
13-05-2024 09:15,135,337,312
13-05-2024 09:30,126,322,305
13-05-2024 09:45,101,284,237
13-05-2024 10:00,111,297,270
13-05-2024 10:15,110,297,267
13-05-2024 10:30,110,297,267
13-05-2024 10:45,120,313,300
13-05-2024 11:00,116,307,287
13-05-2024 11:15,111,297,270
13-05-2024 11:30,104,289,247
13-05-2024 11:45,98,279,229
13-05-2024 12:00,91,271,221
13-05-2024 12:15,85,263,213
13-05-2024 12:30,80,256,206
13-05-2024 12:45,81,258,208
13-05-2024 13:00,79,255,205
13-05-2024 13:15,75,245,197
13-05-2024 13:30,72,227,185
13-05-2024 13:45,70,221,181
13-05-2024 14:00,68,214,176
13-05-2024 14:15,67,210,173
13-05-2024 14:30,66,206,171
13-05-2024 14:45,65,201,167
13-05-2024 15:00,61,188,159
13-05-2024 15:15,57,171,147
13-05-2024 15:30,54,160,140
13-05-2024 15:45,52,153,135
13-05-2024 16:00,52,151,134
13-05-2024 16:15,51,147,131
13-05-2024 16:30,49,138,125
13-05-2024 16:45,46,129,119
13-05-2024 17:00,52,151,134
13-05-2024 17:15,61,187,158
13-05-2024 17:30,75,244,196
13-05-2024 17:45,79,254,204
13-05-2024 18:00,88,267,217
13-05-2024 18:15,89,268,218
13-05-2024 18:30,89,268,218
13-05-2024 18:45,89,269,219
13-05-2024 19:00,82,262,212
13-05-2024 19:15,78,272,222
13-05-2024 19:30,75,262,212
13-05-2024 19:45,76,268,218
13-05-2024 20:00,77,270,220
13-05-2024 20:15,71,247,198
13-05-2024 20:30,68,233,189
13-05-2024 20:45,64,217,178
13-05-2024 21:00,59,196,164
13-05-2024 21:15,55,181,154
13-05-2024 21:30,52,170,147
13-05-2024 21:45,50,161,141
13-05-2024 22:00,48,155,137
13-05-2024 22:15,49,158,139
13-05-2024 22:30,51,164,143
13-05-2024 22:45,51,163,142
13-05-2024 23:00,51,165,143
13-05-2024 23:15,51,166,144
13-05-2024 23:30,49,158,139
13-05-2024 23:45,47,151,134
14-05-2024 00:00,47,149,133
14-05-2024 00:15,47,151,134
14-05-2024 00:30,49,156,137
14-05-2024 00:45,50,160,140
14-05-2024 01:00,51,164,143
14-05-2024 01:15,51,164,143
14-05-2024 01:30,51,163,142
14-05-2024 01:45,50,161,141
14-05-2024 02:00,51,163,142
14-05-2024 02:15,52,170,147
14-05-2024 02:30,52,169,146
14-05-2024 02:45,52,170,147
14-05-2024 03:00,53,174,149
14-05-2024 03:15,54,176,151
14-05-2024 03:30,56,185,157
14-05-2024 03:45,57,189,159
14-05-2024 04:00,57,191,161
14-05-2024 04:15,59,197,165
14-05-2024 04:30,61,203,169
14-05-2024 04:45,61,207,171
14-05-2024 05:00,62,210,173
14-05-2024 05:15,63,213,175
14-05-2024 05:30,62,212,175
14-05-2024 05:45,61,208,172
14-05-2024 06:00,67,229,186
14-05-2024 06:15,77,268,218
14-05-2024 06:30,84,281,231
14-05-2024 06:45,90,289,239
14-05-2024 07:00,94,292,242
14-05-2024 07:15,112,318,273
14-05-2024 07:30,140,365,319
14-05-2024 07:45,144,371,326
14-05-2024 08:00,147,375,331
14-05-2024 08:15,181,415,381
14-05-2024 08:30,191,424,392
14-05-2024 08:45,174,407,371
14-05-2024 09:00,160,394,355
14-05-2024 09:15,188,421,389
14-05-2024 09:30,163,396,358
14-05-2024 09:45,121,332,301
14-05-2024 10:00,126,338,305
14-05-2024 10:15,140,363,316
14-05-2024 10:30,125,337,304
14-05-2024 10:45,110,313,267
14-05-2024 11:00,105,306,256
14-05-2024 11:15,94,293,243
14-05-2024 11:30,88,286,236
14-05-2024 11:45,87,285,235
14-05-2024 12:00,84,281,231
14-05-2024 12:15,79,274,224
14-05-2024 12:30,75,264,214
14-05-2024 12:45,70,242,195
14-05-2024 13:00,66,225,183
14-05-2024 13:15,63,213,175
14-05-2024 13:30,61,203,169
14-05-2024 13:45,59,196,164
14-05-2024 14:00,59,199,166
14-05-2024 14:15,62,208,172
14-05-2024 14:30,68,234,189
14-05-2024 14:45,75,262,212
14-05-2024 15:00,77,270,220
14-05-2024 15:15,74,259,209
14-05-2024 15:30,66,227,185
14-05-2024 15:45,62,210,173
14-05-2024 16:00,58,195,163
14-05-2024 16:15,55,181,154
14-05-2024 16:30,52,171,147
14-05-2024 16:45,51,166,144
14-05-2024 17:00,56,184,156
14-05-2024 17:15,65,220,180
14-05-2024 17:30,69,236,191
14-05-2024 17:45,58,194,163
14-05-2024 18:00,52,168,145
14-05-2024 18:15,51,163,142
14-05-2024 18:30,50,161,141
14-05-2024 18:45,51,163,142
14-05-2024 19:00,53,166,144
14-05-2024 19:15,58,173,149
14-05-2024 19:30,57,171,147
14-05-2024 19:45,57,169,146
14-05-2024 20:00,56,163,142
14-05-2024 20:15,61,188,159
14-05-2024 20:30,70,226,184
14-05-2024 20:45,67,212,175
14-05-2024 21:00,59,177,151
14-05-2024 21:15,54,156,137
14-05-2024 21:30,52,146,131
14-05-2024 21:45,49,135,123
14-05-2024 22:00,48,131,121
14-05-2024 22:15,48,132,121
14-05-2024 22:30,59,178,152
14-05-2024 22:45,56,164,143
14-05-2024 23:00,54,156,137
14-05-2024 23:15,55,159,139
14-05-2024 23:30,58,177,151
14-05-2024 23:45,58,174,149
15-05-2024 00:00,58,173,149
15-05-2024 00:15,58,177,151
15-05-2024 00:30,60,185,157
15-05-2024 00:45,62,193,162
15-05-2024 01:00,65,207,171
15-05-2024 01:15,70,226,184
15-05-2024 01:30,72,234,189
15-05-2024 01:45,72,237,191
15-05-2024 02:00,73,238,192
15-05-2024 02:15,73,240,193
15-05-2024 02:30,73,240,193
15-05-2024 02:45,73,242,195
15-05-2024 03:00,73,241,194
15-05-2024 03:15,74,246,197
15-05-2024 03:30,77,259,209
15-05-2024 03:45,77,259,209
15-05-2024 04:00,77,260,210
15-05-2024 04:15,76,257,207
15-05-2024 04:30,76,257,207
15-05-2024 04:45,78,265,215
15-05-2024 05:00,78,264,214
15-05-2024 05:15,77,258,208
15-05-2024 05:30,75,252,202
15-05-2024 05:45,77,258,208
15-05-2024 06:00,80,272,222
15-05-2024 06:15,83,286,236
15-05-2024 06:30,100,315,265
15-05-2024 06:45,137,371,326
15-05-2024 07:00,139,373,329
15-05-2024 07:15,161,409,374
15-05-2024 07:30,158,402,365
15-05-2024 07:45,149,386,345
15-05-2024 08:00,156,393,354
15-05-2024 08:15,158,396,358
15-05-2024 08:30,130,361,314
15-05-2024 08:45,120,348,300
15-05-2024 09:00,122,351,302
15-05-2024 09:15,111,333,283
15-05-2024 09:30,103,318,268
15-05-2024 09:45,99,311,261
15-05-2024 10:00,99,311,261
15-05-2024 10:15,97,308,258
15-05-2024 10:30,93,301,251
15-05-2024 10:45,89,295,245
15-05-2024 11:00,84,287,237
15-05-2024 11:15,81,280,230
15-05-2024 11:30,84,285,235
15-05-2024 11:45,85,288,238
15-05-2024 12:00,81,281,231
15-05-2024 12:15,91,298,248
15-05-2024 12:30,93,302,252
15-05-2024 12:45,117,342,292
15-05-2024 13:00,110,331,281
15-05-2024 13:15,110,331,281
15-05-2024 13:30,108,328,278
15-05-2024 13:45,108,328,278
15-05-2024 14:00,104,320,270
15-05-2024 14:15,104,319,269
15-05-2024 14:30,104,321,271
15-05-2024 14:45,110,332,282
15-05-2024 15:00,117,345,295
15-05-2024 15:15,105,324,274
15-05-2024 15:30,94,303,253
15-05-2024 15:45,88,293,243
15-05-2024 16:00,84,286,236
15-05-2024 16:15,83,284,234
15-05-2024 16:30,80,273,223
15-05-2024 16:45,75,252,202
15-05-2024 17:00,73,238,192
15-05-2024 17:15,76,253,203
15-05-2024 17:30,75,249,199
15-05-2024 17:45,73,242,195
15-05-2024 18:00,71,232,188
15-05-2024 18:15,72,234,189
15-05-2024 18:30,71,232,188
15-05-2024 18:45,72,235,190
15-05-2024 19:00,72,236,191
15-05-2024 19:15,72,237,191
15-05-2024 19:30,78,262,212
15-05-2024 19:45,77,258,208
15-05-2024 20:00,78,266,216
15-05-2024 20:15,76,257,207
15-05-2024 20:30,77,259,209
15-05-2024 20:45,75,251,201
15-05-2024 21:00,79,270,220
15-05-2024 21:15,86,290,240
15-05-2024 21:30,83,284,234
15-05-2024 21:45,82,282,232
15-05-2024 22:00,81,277,227
15-05-2024 22:15,79,267,217
15-05-2024 22:30,77,261,211
15-05-2024 22:45,78,264,214
15-05-2024 23:00,78,265,215
15-05-2024 23:15,78,264,214
15-05-2024 23:30,78,262,212
15-05-2024 23:45,78,262,212
16-05-2024 00:00,78,262,212
16-05-2024 00:15,77,260,210
16-05-2024 00:30,76,256,206
16-05-2024 00:45,78,262,212
16-05-2024 01:00,79,268,218
16-05-2024 01:15,79,269,219
16-05-2024 01:30,78,265,215
16-05-2024 01:45,77,259,209
16-05-2024 02:00,76,253,203
16-05-2024 02:15,74,243,195
16-05-2024 02:30,71,232,188
16-05-2024 02:45,70,226,184
16-05-2024 03:00,68,219,179
16-05-2024 03:15,67,214,176
16-05-2024 03:30,66,211,174
16-05-2024 03:45,65,205,170
16-05-2024 04:00,66,209,173
16-05-2024 04:15,67,216,177
16-05-2024 04:30,70,227,185
16-05-2024 04:45,70,226,184
16-05-2024 05:00,67,216,177
16-05-2024 05:15,67,214,176
16-05-2024 05:30,67,217,178
16-05-2024 05:45,67,216,177
16-05-2024 06:00,67,216,177
16-05-2024 06:15,79,269,219
16-05-2024 06:30,81,277,227
16-05-2024 06:45,87,292,242
16-05-2024 07:00,98,309,259
16-05-2024 07:15,103,318,268
16-05-2024 07:30,112,335,285
16-05-2024 07:45,116,343,293
16-05-2024 08:00,106,325,275
16-05-2024 08:15,110,332,282
16-05-2024 08:30,106,325,275
16-05-2024 08:45,120,348,300
16-05-2024 09:00,120,348,300
16-05-2024 09:15,109,330,280
16-05-2024 09:30,107,327,277
16-05-2024 09:45,108,329,279
16-05-2024 10:00,108,328,278
16-05-2024 10:15,101,316,266
16-05-2024 10:30,99,311,261
16-05-2024 10:45,111,335,285
16-05-2024 11:00,114,340,290
16-05-2024 11:15,118,345,295
16-05-2024 11:30,115,342,292
16-05-2024 11:45,112,336,286
16-05-2024 12:00,115,342,292
16-05-2024 12:15,114,339,289
16-05-2024 12:30,108,328,278
16-05-2024 12:45,104,320,270
16-05-2024 13:00,101,315,265
16-05-2024 13:15,99,311,261
16-05-2024 13:30,95,305,255
16-05-2024 13:45,93,302,252
16-05-2024 14:00,92,300,250
16-05-2024 14:15,97,309,259
16-05-2024 14:30,118,345,295
16-05-2024 14:45,110,331,281
16-05-2024 15:00,103,319,269
16-05-2024 15:15,98,310,260
16-05-2024 15:30,89,296,246
16-05-2024 15:45,84,286,236
16-05-2024 16:00,81,279,229
16-05-2024 16:15,80,275,225
16-05-2024 16:30,80,274,224
16-05-2024 16:45,79,268,218
16-05-2024 17:00,76,256,206
16-05-2024 17:15,75,252,202
16-05-2024 17:30,76,256,206
16-05-2024 17:45,78,263,213
16-05-2024 18:00,83,285,235
16-05-2024 18:15,86,291,241
16-05-2024 18:30,86,290,240
16-05-2024 18:45,92,300,250
16-05-2024 19:00,89,296,246
16-05-2024 19:15,90,297,247
16-05-2024 19:30,94,304,254
16-05-2024 19:45,95,305,255
16-05-2024 20:00,93,301,251
16-05-2024 20:15,92,300,250
16-05-2024 20:30,94,304,254
16-05-2024 20:45,95,304,254
16-05-2024 21:00,94,304,254
16-05-2024 21:15,91,299,249
16-05-2024 21:30,90,297,247
16-05-2024 21:45,90,297,247
16-05-2024 22:00,90,297,247
16-05-2024 22:15,91,298,248
16-05-2024 22:30,91,298,248
16-05-2024 22:45,89,295,245
16-05-2024 23:00,85,288,238
16-05-2024 23:15,81,280,230
16-05-2024 23:30,78,265,215
16-05-2024 23:45,73,241,194
17-05-2024 00:00,72,237,191
17-05-2024 00:15,71,233,189
17-05-2024 00:30,71,232,188
17-05-2024 00:45,69,223,182
17-05-2024 01:00,67,216,177
17-05-2024 01:15,66,212,175
17-05-2024 01:30,66,209,173
17-05-2024 01:45,65,203,169
17-05-2024 02:00,65,203,169
17-05-2024 02:15,66,209,173
17-05-2024 02:30,65,205,170
17-05-2024 02:45,64,202,168
17-05-2024 03:00,63,195,163
17-05-2024 03:15,61,187,158
17-05-2024 03:30,59,181,154
17-05-2024 03:45,58,177,151
17-05-2024 04:00,58,175,150
17-05-2024 04:15,57,171,147
17-05-2024 04:30,56,167,145
17-05-2024 04:45,57,168,145
17-05-2024 05:00,57,170,147
17-05-2024 05:15,57,171,147
17-05-2024 05:30,57,170,147
17-05-2024 05:45,56,165,143
17-05-2024 06:00,55,161,141
17-05-2024 06:15,54,155,137
17-05-2024 06:30,54,156,137
17-05-2024 06:45,54,156,137
17-05-2024 07:00,55,158,139
17-05-2024 07:15,55,160,140
17-05-2024 07:30,59,181,154
17-05-2024 07:45,60,185,157
17-05-2024 08:00,67,215,177
17-05-2024 08:15,81,278,228
17-05-2024 08:30,80,275,225
17-05-2024 08:45,88,292,242
17-05-2024 09:00,109,329,279
17-05-2024 09:15,110,332,282
17-05-2024 09:30,97,308,258
17-05-2024 09:45,103,319,269
17-05-2024 10:00,112,336,286
17-05-2024 10:15,108,327,277
17-05-2024 10:30,108,326,276
17-05-2024 10:45,107,326,276
17-05-2024 11:00,99,312,262
17-05-2024 11:15,92,300,250
17-05-2024 11:30,88,294,244
17-05-2024 11:45,86,290,240
17-05-2024 12:00,82,281,231
17-05-2024 12:15,77,260,210
17-05-2024 12:30,72,234,189
17-05-2024 12:45,65,206,171
17-05-2024 13:00,61,188,159
17-05-2024 13:15,58,175,150
17-05-2024 13:30,57,170,147
17-05-2024 13:45,61,185,157
17-05-2024 14:00,63,193,162
17-05-2024 14:15,60,185,157
17-05-2024 14:30,58,176,151
17-05-2024 14:45,57,172,148
17-05-2024 15:00,58,173,149
17-05-2024 15:15,59,178,152
17-05-2024 15:30,59,179,153
17-05-2024 15:45,59,179,153
17-05-2024 16:00,61,185,157
17-05-2024 16:15,61,189,159
17-05-2024 16:30,62,189,159
17-05-2024 16:45,62,190,160
17-05-2024 17:00,61,187,158
17-05-2024 17:15,59,180,153
17-05-2024 17:30,59,179,153
17-05-2024 17:45,58,174,149
17-05-2024 18:00,56,167,145
17-05-2024 18:15,55,158,139
17-05-2024 18:30,52,148,132
17-05-2024 18:45,49,137,125
17-05-2024 19:00,50,141,127
17-05-2024 19:15,74,257,207
17-05-2024 19:30,75,253,203
17-05-2024 19:45,66,211,174
17-05-2024 20:00,65,205,170
17-05-2024 20:15,61,186,157
17-05-2024 20:30,73,236,191
17-05-2024 20:45,96,307,257
17-05-2024 21:00,93,302,252
17-05-2024 21:15,86,291,241
17-05-2024 21:30,82,283,233
17-05-2024 21:45,78,265,215
17-05-2024 22:00,74,248,199
17-05-2024 22:15,74,246,197
17-05-2024 22:30,72,237,191
17-05-2024 22:45,72,236,191
17-05-2024 23:00,69,224,183
17-05-2024 23:15,67,216,177
17-05-2024 23:30,67,213,175
17-05-2024 23:45,66,209,173
18-05-2024 00:00,65,206,171
18-05-2024 00:15,65,207,171
18-05-2024 00:30,65,206,171
18-05-2024 00:45,66,210,173
18-05-2024 01:00,66,212,175
18-05-2024 01:15,67,217,178
18-05-2024 01:30,69,223,182
18-05-2024 01:45,71,229,186
18-05-2024 02:00,73,240,193
18-05-2024 02:15,74,246,197
18-05-2024 02:30,74,245,197
18-05-2024 02:45,76,254,204
18-05-2024 03:00,75,251,201
18-05-2024 03:15,76,254,204
18-05-2024 03:30,76,256,206
18-05-2024 03:45,76,255,205
18-05-2024 04:00,75,252,202
18-05-2024 04:15,75,252,202
18-05-2024 04:30,75,251,201
18-05-2024 04:45,76,253,203
18-05-2024 05:00,76,255,205
18-05-2024 05:15,77,261,211
18-05-2024 05:30,78,265,215
18-05-2024 05:45,79,268,218
18-05-2024 06:00,81,277,227
18-05-2024 06:15,81,280,230
18-05-2024 06:30,82,282,232
18-05-2024 06:45,83,284,234
18-05-2024 07:00,83,286,236
18-05-2024 07:15,90,297,247
18-05-2024 07:30,88,294,244
18-05-2024 07:45,92,301,251
18-05-2024 08:00,96,306,256
18-05-2024 08:15,91,298,248
18-05-2024 08:30,88,293,243
18-05-2024 08:45,88,294,244
18-05-2024 09:00,86,290,240
18-05-2024 09:15,83,285,235
18-05-2024 09:30,92,301,251
18-05-2024 09:45,88,294,244
18-05-2024 10:00,87,292,242
18-05-2024 10:15,87,292,242
18-05-2024 10:30,93,301,251
18-05-2024 10:45,93,302,252
18-05-2024 11:00,94,302,252
18-05-2024 11:15,94,303,253
18-05-2024 11:30,90,297,247
18-05-2024 11:45,91,298,248
18-05-2024 12:00,98,310,260
18-05-2024 12:15,99,311,261
18-05-2024 12:30,93,301,251
18-05-2024 12:45,89,296,246
18-05-2024 13:00,96,307,257
18-05-2024 13:15,93,301,251
18-05-2024 13:30,94,303,253
18-05-2024 13:45,97,308,258
18-05-2024 14:00,87,293,243
18-05-2024 14:15,80,276,226
18-05-2024 14:30,73,240,193
18-05-2024 14:45,67,213,175
18-05-2024 15:00,63,195,163
18-05-2024 15:15,61,187,158
18-05-2024 15:30,59,179,153
18-05-2024 15:45,57,172,148
18-05-2024 16:00,57,170,147
18-05-2024 16:15,56,167,145
18-05-2024 16:30,57,171,147
18-05-2024 16:45,55,161,141
18-05-2024 17:00,52,146,131
18-05-2024 17:15,50,140,127
18-05-2024 17:30,48,132,121
18-05-2024 17:45,48,130,120
18-05-2024 18:00,46,125,117
18-05-2024 18:15,48,131,121
18-05-2024 18:30,49,136,124
18-05-2024 18:45,48,131,121
18-05-2024 19:00,61,186,157
18-05-2024 19:15,79,260,210
18-05-2024 19:30,62,194,163
18-05-2024 19:45,58,177,151
18-05-2024 20:00,61,187,158
18-05-2024 20:15,60,182,155
18-05-2024 20:30,57,169,146
18-05-2024 20:45,57,168,145
18-05-2024 21:00,57,168,145
18-05-2024 21:15,56,165,143
18-05-2024 21:30,55,159,139
18-05-2024 21:45,55,158,139
18-05-2024 22:00,55,158,139
18-05-2024 22:15,55,162,141
18-05-2024 22:30,57,168,145
18-05-2024 22:45,58,177,151
18-05-2024 23:00,58,175,150
18-05-2024 23:15,57,171,147
18-05-2024 23:30,57,169,146
18-05-2024 23:45,56,163,142
19-05-2024 00:00,56,165,143
19-05-2024 00:15,56,166,144
19-05-2024 00:30,56,164,143
19-05-2024 00:45,56,165,143
19-05-2024 01:00,55,162,141
19-05-2024 01:15,56,164,143
19-05-2024 01:30,55,161,141
19-05-2024 01:45,55,162,141
19-05-2024 02:00,55,160,140
19-05-2024 02:15,54,154,136
19-05-2024 02:30,54,154,136
19-05-2024 02:45,54,154,136
19-05-2024 03:00,54,155,137
19-05-2024 03:15,54,155,137
19-05-2024 03:30,55,159,139
19-05-2024 03:45,55,162,141
19-05-2024 04:00,56,165,143
19-05-2024 04:15,57,172,148
19-05-2024 04:30,58,173,149
19-05-2024 04:45,59,178,152
19-05-2024 05:00,59,179,153
19-05-2024 05:15,59,178,152
19-05-2024 05:30,60,182,155
19-05-2024 05:45,62,192,161
19-05-2024 06:00,65,207,171
19-05-2024 06:15,69,225,183
19-05-2024 06:30,71,233,189
19-05-2024 06:45,74,246,197
19-05-2024 07:00,80,276,226
19-05-2024 07:15,82,284,234
19-05-2024 07:30,84,288,238
19-05-2024 07:45,84,289,239
19-05-2024 08:00,83,287,237
19-05-2024 08:15,85,290,240
19-05-2024 08:30,85,290,240
19-05-2024 08:45,83,287,237
19-05-2024 09:00,85,289,239
19-05-2024 09:15,92,301,251
19-05-2024 09:30,106,325,275
19-05-2024 09:45,113,337,287
19-05-2024 10:00,120,348,300
19-05-2024 10:15,123,352,302
19-05-2024 10:30,118,346,296
19-05-2024 10:45,110,333,283
19-05-2024 11:00,97,309,259
19-05-2024 11:15,90,297,247
19-05-2024 11:30,84,287,237
19-05-2024 11:45,82,282,232
19-05-2024 12:00,78,263,213
19-05-2024 12:15,71,233,189
19-05-2024 12:30,67,216,177
19-05-2024 12:45,67,216,177
19-05-2024 13:00,78,266,216
19-05-2024 13:15,76,253,203
19-05-2024 13:30,87,292,242
19-05-2024 13:45,105,322,272
19-05-2024 14:00,93,301,251
19-05-2024 14:15,88,294,244
19-05-2024 14:30,80,271,221
19-05-2024 14:45,69,223,182
19-05-2024 15:00,61,188,159
19-05-2024 15:15,54,154,136
19-05-2024 15:30,50,138,125
19-05-2024 15:45,73,250,200
19-05-2024 16:00,67,228,185
19-05-2024 16:15,59,184,156
19-05-2024 16:30,53,156,137
19-05-2024 16:45,47,128,119
19-05-2024 17:00,43,112,108
19-05-2024 17:15,40,98,98
19-05-2024 17:30,39,94,94
19-05-2024 17:45,40,99,99
19-05-2024 18:00,39,94,94
19-05-2024 18:15,39,96,96
19-05-2024 18:30,41,105,103
19-05-2024 18:45,41,103,102
19-05-2024 19:00,42,111,107
19-05-2024 19:15,45,121,114
19-05-2024 19:30,42,109,106
19-05-2024 19:45,41,107,105
19-05-2024 20:00,41,104,103
19-05-2024 20:15,41,105,103
19-05-2024 20:30,41,107,105
19-05-2024 20:45,43,114,109
19-05-2024 21:00,45,120,113
19-05-2024 21:15,46,124,116
19-05-2024 21:30,47,130,120
19-05-2024 21:45,50,144,129
19-05-2024 22:00,52,149,133
19-05-2024 22:15,49,133,122
19-05-2024 22:30,49,135,123
19-05-2024 22:45,48,130,120
19-05-2024 23:00,46,124,116
19-05-2024 23:15,43,113,109
19-05-2024 23:30,42,108,105
19-05-2024 23:45,41,104,103
20-05-2024 00:00,40,98,98
20-05-2024 00:15,39,93,93
20-05-2024 00:30,38,92,92
20-05-2024 00:45,38,89,89
20-05-2024 01:00,39,93,93
20-05-2024 01:15,41,103,102
20-05-2024 01:30,42,111,107
20-05-2024 01:45,46,125,117
20-05-2024 02:00,48,131,121
20-05-2024 02:15,48,130,120
20-05-2024 02:30,49,133,122
20-05-2024 02:45,48,133,122
20-05-2024 03:00,48,130,120
20-05-2024 03:15,47,128,119
20-05-2024 03:30,45,121,114
20-05-2024 03:45,44,116,111
20-05-2024 04:00,43,113,109
20-05-2024 04:15,41,105,103
20-05-2024 04:30,40,99,99
20-05-2024 04:45,39,95,95
20-05-2024 05:00,38,92,92
20-05-2024 05:15,38,90,90
20-05-2024 05:30,38,92,92
20-05-2024 05:45,38,93,93
20-05-2024 06:00,40,100,100
20-05-2024 06:15,48,131,121
20-05-2024 06:30,51,143,129
20-05-2024 06:45,49,136,124
20-05-2024 07:00,48,131,121
20-05-2024 07:15,48,131,121
20-05-2024 07:30,49,139,126
20-05-2024 07:45,52,150,133
20-05-2024 08:00,73,239,193
20-05-2024 08:15,104,322,272
20-05-2024 08:30,120,348,300
20-05-2024 08:45,146,380,338
20-05-2024 09:00,141,375,331
20-05-2024 09:15,117,344,294
20-05-2024 09:30,106,326,276
20-05-2024 09:45,102,317,267
20-05-2024 10:00,97,308,258
20-05-2024 10:15,93,304,254
20-05-2024 10:30,87,293,243
20-05-2024 10:45,85,291,241
20-05-2024 11:00,81,279,229
20-05-2024 11:15,72,241,194
20-05-2024 11:30,66,215,177
20-05-2024 11:45,62,195,163
20-05-2024 12:00,61,191,161
20-05-2024 12:15,58,183,155
20-05-2024 12:30,54,168,145
20-05-2024 12:45,48,139,126
20-05-2024 13:00,140,337,315
20-05-2024 13:15,208,465,444
20-05-2024 13:30,157,394,355
20-05-2024 13:45,131,362,315
20-05-2024 14:00,112,335,285
20-05-2024 14:15,94,304,254
20-05-2024 14:30,80,270,220
20-05-2024 14:45,66,208,172
20-05-2024 15:00,56,165,143
20-05-2024 15:15,50,141,127
20-05-2024 15:30,47,126,117
20-05-2024 15:45,43,111,107
20-05-2024 16:00,40,102,101
20-05-2024 16:15,40,98,98
20-05-2024 16:30,39,97,97
20-05-2024 16:45,37,89,89
20-05-2024 17:00,36,83,83
20-05-2024 17:15,34,75,75
20-05-2024 17:30,34,77,77
20-05-2024 17:45,37,90,90
20-05-2024 18:00,41,105,103
20-05-2024 18:15,40,100,100
20-05-2024 18:30,41,105,103
20-05-2024 18:45,39,98,98
20-05-2024 19:00,39,96,96
20-05-2024 19:15,71,227,185
20-05-2024 19:30,98,311,261
20-05-2024 19:45,95,305,255
20-05-2024 20:00,79,262,212
20-05-2024 20:15,66,215,177
20-05-2024 20:30,69,224,183
20-05-2024 20:45,75,252,202
20-05-2024 21:00,76,257,207
20-05-2024 21:15,77,259,209
20-05-2024 21:30,72,237,191
20-05-2024 21:45,65,207,171
20-05-2024 22:00,61,186,157
20-05-2024 22:15,58,177,151
20-05-2024 22:30,58,176,151
20-05-2024 22:45,57,171,147
20-05-2024 23:00,56,166,144
20-05-2024 23:15,55,160,140
20-05-2024 23:30,54,154,136
20-05-2024 23:45,55,160,140
21-05-2024 00:00,58,173,149
21-05-2024 00:15,60,185,157
21-05-2024 00:30,63,193,162
21-05-2024 00:45,63,195,163
21-05-2024 01:00,64,198,165
21-05-2024 01:15,65,207,171
21-05-2024 01:30,68,221,181
21-05-2024 01:45,72,234,189
21-05-2024 02:00,73,241,194
21-05-2024 02:15,74,244,196
21-05-2024 02:30,76,254,204
21-05-2024 02:45,77,260,210
21-05-2024 03:00,77,258,208
21-05-2024 03:15,75,252,202
21-05-2024 03:30,75,250,200
21-05-2024 03:45,72,237,191
21-05-2024 04:00,71,233,189
21-05-2024 04:15,70,227,185
21-05-2024 04:30,69,222,181
21-05-2024 04:45,67,216,177
21-05-2024 05:00,67,214,176
21-05-2024 05:15,66,211,174
21-05-2024 05:30,67,214,176
21-05-2024 05:45,67,215,177
21-05-2024 06:00,67,213,175
21-05-2024 06:15,67,217,178
21-05-2024 06:30,67,213,175
21-05-2024 06:45,67,215,177
21-05-2024 07:00,76,257,207
21-05-2024 07:15,83,286,236
21-05-2024 07:30,109,328,278
21-05-2024 07:45,119,346,297
21-05-2024 08:00,107,326,276
21-05-2024 08:15,93,302,252
21-05-2024 08:30,93,302,252
21-05-2024 08:45,109,329,279
21-05-2024 09:00,93,302,252
21-05-2024 09:15,85,289,239
21-05-2024 09:30,83,284,234
21-05-2024 09:45,81,281,231
21-05-2024 10:00,81,279,229
21-05-2024 10:15,80,274,224
21-05-2024 10:30,80,273,223
21-05-2024 10:45,77,259,209
21-05-2024 11:00,74,247,198
21-05-2024 11:15,73,240,193
21-05-2024 11:30,72,237,191
21-05-2024 11:45,69,226,184
21-05-2024 12:00,66,212,175
21-05-2024 12:15,65,204,169
21-05-2024 12:30,64,200,167
21-05-2024 12:45,63,197,165
21-05-2024 13:00,62,193,162
21-05-2024 13:15,61,188,159
21-05-2024 13:30,60,185,157
21-05-2024 13:45,60,185,157
21-05-2024 14:00,61,189,159
21-05-2024 14:15,62,192,161
21-05-2024 14:30,61,187,158
21-05-2024 14:45,60,185,157
21-05-2024 15:00,60,183,155
21-05-2024 15:15,60,184,156
21-05-2024 15:30,64,200,167
21-05-2024 15:45,60,186,157
21-05-2024 16:00,57,172,148
21-05-2024 16:15,57,169,146
21-05-2024 16:30,56,165,143
21-05-2024 16:45,56,163,142
21-05-2024 17:00,56,163,142
21-05-2024 17:15,56,163,142
21-05-2024 17:30,55,158,139
21-05-2024 17:45,55,162,141
21-05-2024 18:00,67,214,176
21-05-2024 18:15,70,230,187
21-05-2024 18:30,73,242,195
21-05-2024 18:45,69,225,183
21-05-2024 19:00,70,227,185
21-05-2024 19:15,81,271,221
21-05-2024 19:30,87,291,241
21-05-2024 19:45,81,280,230
21-05-2024 20:00,80,273,223
21-05-2024 20:15,81,279,229
21-05-2024 20:30,79,270,220
21-05-2024 20:45,76,253,203
21-05-2024 21:00,73,239,193
21-05-2024 21:15,70,226,184
21-05-2024 21:30,71,233,189
21-05-2024 21:45,73,240,193
21-05-2024 22:00,69,223,182
21-05-2024 22:15,66,208,172
21-05-2024 22:30,63,197,165
21-05-2024 22:45,61,186,157
21-05-2024 23:00,60,185,157
21-05-2024 23:15,62,189,159
21-05-2024 23:30,62,192,161
21-05-2024 23:45,62,192,161
22-05-2024 00:00,61,189,159
22-05-2024 00:15,62,189,159
22-05-2024 00:30,61,188,159
22-05-2024 00:45,62,190,160
22-05-2024 01:00,64,198,165
22-05-2024 01:15,65,207,171
22-05-2024 01:30,66,210,173
22-05-2024 01:45,67,215,177
22-05-2024 02:00,67,217,178
22-05-2024 02:15,67,215,177
22-05-2024 02:30,68,219,179
22-05-2024 02:45,68,218,179
22-05-2024 03:00,66,211,174
22-05-2024 03:15,66,208,172
22-05-2024 03:30,64,199,166
22-05-2024 03:45,63,197,165
22-05-2024 04:00,62,191,161
22-05-2024 04:15,62,192,161
22-05-2024 04:30,62,190,160
22-05-2024 04:45,62,190,160
22-05-2024 05:00,64,199,166
22-05-2024 05:15,65,205,170
22-05-2024 05:30,65,205,170
22-05-2024 05:45,65,207,171
22-05-2024 06:00,65,205,170
22-05-2024 06:15,66,211,174
22-05-2024 06:30,65,207,171
22-05-2024 06:45,65,205,170
22-05-2024 07:00,63,197,165
22-05-2024 07:15,63,197,165
22-05-2024 07:30,76,254,204
22-05-2024 07:45,87,292,242
22-05-2024 08:00,94,304,254
22-05-2024 08:15,102,316,266
22-05-2024 08:30,193,439,411
22-05-2024 08:45,465,670,700
22-05-2024 09:00,522,719,761
22-05-2024 09:15,295,543,541
22-05-2024 09:30,177,420,388
22-05-2024 09:45,147,382,340
22-05-2024 10:00,117,342,292
22-05-2024 10:15,97,309,259
22-05-2024 10:30,94,302,252
22-05-2024 10:45,90,297,247
22-05-2024 11:00,89,295,245
22-05-2024 11:15,87,293,243
22-05-2024 11:30,87,292,242
22-05-2024 11:45,87,293,243
22-05-2024 12:00,86,290,240
22-05-2024 12:15,84,287,237
22-05-2024 12:30,82,283,233
22-05-2024 12:45,80,274,224
22-05-2024 13:00,79,266,216
22-05-2024 13:15,77,258,208
22-05-2024 13:30,75,249,199
22-05-2024 13:45,75,252,202
22-05-2024 14:00,79,268,218
22-05-2024 14:15,84,286,236
22-05-2024 14:30,82,283,233
22-05-2024 14:45,81,278,228
22-05-2024 15:00,80,273,223
22-05-2024 15:15,74,247,198
22-05-2024 15:30,70,229,186
22-05-2024 15:45,67,214,176
22-05-2024 16:00,65,203,169
22-05-2024 16:15,66,212,175
22-05-2024 16:30,70,229,186
22-05-2024 16:45,72,234,189
22-05-2024 17:00,72,237,191
22-05-2024 17:15,70,229,186
22-05-2024 17:30,69,224,183
22-05-2024 17:45,67,216,177
22-05-2024 18:00,68,221,181
22-05-2024 18:15,68,220,180
22-05-2024 18:30,68,218,179
22-05-2024 18:45,67,215,177
22-05-2024 19:00,70,227,185
22-05-2024 19:15,69,224,183
22-05-2024 19:30,91,299,249
22-05-2024 19:45,83,285,235
22-05-2024 20:00,83,284,234
22-05-2024 20:15,82,282,232
22-05-2024 20:30,80,271,221
22-05-2024 20:45,77,258,208
22-05-2024 21:00,75,248,199
22-05-2024 21:15,73,238,192
22-05-2024 21:30,72,236,191
22-05-2024 21:45,71,230,187
22-05-2024 22:00,70,227,185
22-05-2024 22:15,68,220,180
22-05-2024 22:30,67,213,175
22-05-2024 22:45,66,209,173
22-05-2024 23:00,65,204,169
22-05-2024 23:15,63,195,163
22-05-2024 23:30,61,188,159
22-05-2024 23:45,59,181,154
23-05-2024 00:00,58,175,150
23-05-2024 00:15,57,172,148
23-05-2024 00:30,56,165,143
23-05-2024 00:45,55,161,141
23-05-2024 01:00,54,154,136
23-05-2024 01:15,52,148,132
23-05-2024 01:30,51,143,129
23-05-2024 01:45,49,137,125
23-05-2024 02:00,49,133,122
23-05-2024 02:15,48,131,121
23-05-2024 02:30,49,133,122
23-05-2024 02:45,49,133,122
23-05-2024 03:00,48,131,121
23-05-2024 03:15,48,130,120
23-05-2024 03:30,47,128,119
23-05-2024 03:45,47,126,117
23-05-2024 04:00,46,123,115
23-05-2024 04:15,46,123,115
23-05-2024 04:30,47,126,117
23-05-2024 04:45,46,123,115
23-05-2024 05:00,45,118,112
23-05-2024 05:15,45,121,114
23-05-2024 05:30,45,122,115
23-05-2024 05:45,45,121,114
23-05-2024 06:00,46,125,117
23-05-2024 06:15,47,126,117
23-05-2024 06:30,47,128,119
23-05-2024 06:45,48,132,121
23-05-2024 07:00,50,138,125
23-05-2024 07:15,63,197,165
23-05-2024 07:30,69,224,183
23-05-2024 07:45,68,218,179
23-05-2024 08:00,87,292,242
23-05-2024 08:15,78,266,216
23-05-2024 08:30,81,271,221
23-05-2024 08:45,107,326,276
23-05-2024 09:00,93,301,251
23-05-2024 09:15,92,300,250
23-05-2024 09:30,96,306,256
23-05-2024 09:45,89,295,245
23-05-2024 10:00,85,288,238
23-05-2024 10:15,83,285,235
23-05-2024 10:30,83,284,234
23-05-2024 10:45,82,284,234
23-05-2024 11:00,82,282,232
23-05-2024 11:15,85,289,239
23-05-2024 11:30,102,318,268
23-05-2024 11:45,117,345,295
23-05-2024 12:00,114,340,290
23-05-2024 12:15,107,326,276
23-05-2024 12:30,102,316,266
23-05-2024 12:45,98,309,259
23-05-2024 13:00,93,301,251
23-05-2024 13:15,87,292,242
23-05-2024 13:30,82,281,231
23-05-2024 13:45,77,259,209
23-05-2024 14:00,72,234,189
23-05-2024 14:15,67,216,177
23-05-2024 14:30,64,201,167
23-05-2024 14:45,61,188,159
23-05-2024 15:00,59,179,153
23-05-2024 15:15,58,176,151
23-05-2024 15:30,59,177,151
23-05-2024 15:45,60,185,157
23-05-2024 16:00,59,180,153
23-05-2024 16:15,58,175,150
23-05-2024 16:30,58,176,151
23-05-2024 16:45,58,174,149
23-05-2024 17:00,57,169,146
23-05-2024 17:15,56,166,144
23-05-2024 17:30,56,164,143
23-05-2024 17:45,55,159,139
23-05-2024 18:00,55,159,139
23-05-2024 18:15,54,156,137
23-05-2024 18:30,55,158,139
23-05-2024 18:45,56,167,145
23-05-2024 19:00,62,190,160
23-05-2024 19:15,65,204,169
23-05-2024 19:30,118,334,293
23-05-2024 19:45,93,303,253
23-05-2024 20:00,90,300,250
23-05-2024 20:15,85,289,239
23-05-2024 20:30,82,282,232
23-05-2024 20:45,78,267,217
23-05-2024 21:00,77,260,210
23-05-2024 21:15,71,233,189
23-05-2024 21:30,69,225,183
23-05-2024 21:45,68,219,179
23-05-2024 22:00,67,214,176
23-05-2024 22:15,66,209,173
23-05-2024 22:30,66,209,173
23-05-2024 22:45,66,208,172
23-05-2024 23:00,64,201,167
23-05-2024 23:15,64,203,169
23-05-2024 23:30,65,204,169
23-05-2024 23:45,64,199,166
24-05-2024 00:00,63,194,163
24-05-2024 00:15,62,192,161
24-05-2024 00:30,61,189,159
24-05-2024 00:45,60,184,156
24-05-2024 01:00,58,176,151
24-05-2024 01:15,57,172,148
24-05-2024 01:30,56,166,144
24-05-2024 01:45,55,160,140
24-05-2024 02:00,54,157,138
24-05-2024 02:15,54,155,137
24-05-2024 02:30,53,151,134
24-05-2024 02:45,52,149,133
24-05-2024 03:00,52,146,131
24-05-2024 03:15,51,145,130
24-05-2024 03:30,51,144,129
24-05-2024 03:45,51,143,129
24-05-2024 04:00,50,142,128
24-05-2024 04:15,50,138,125
24-05-2024 04:30,49,136,124
24-05-2024 04:45,49,135,123
24-05-2024 05:00,49,136,124
24-05-2024 05:15,49,135,123
24-05-2024 05:30,49,134,123
24-05-2024 05:45,49,136,124
24-05-2024 06:00,50,139,126
24-05-2024 06:15,50,141,127
24-05-2024 06:30,53,154,136
24-05-2024 06:45,87,292,242
24-05-2024 07:00,82,282,232
24-05-2024 07:15,76,255,205
24-05-2024 07:30,93,303,253
24-05-2024 07:45,95,306,256
24-05-2024 08:00,89,295,245
24-05-2024 08:15,92,300,250
24-05-2024 08:30,79,267,217
24-05-2024 08:45,77,257,207
24-05-2024 09:00,77,257,207
24-05-2024 09:15,86,288,238
24-05-2024 09:30,81,275,225
24-05-2024 09:45,80,275,225
24-05-2024 10:00,82,283,233
24-05-2024 10:15,76,254,204
24-05-2024 10:30,73,242,195
24-05-2024 10:45,80,276,226
24-05-2024 11:00,80,270,220
24-05-2024 11:15,77,259,209
24-05-2024 11:30,74,244,196
24-05-2024 11:45,72,234,189
24-05-2024 12:00,70,226,184
24-05-2024 12:15,67,216,177
24-05-2024 12:30,65,204,169
24-05-2024 12:45,62,190,160
24-05-2024 13:00,59,182,155
24-05-2024 13:15,58,175,150
24-05-2024 13:30,58,173,149
24-05-2024 13:45,58,175,150
24-05-2024 14:00,56,164,143
24-05-2024 14:15,55,162,141
24-05-2024 14:30,55,159,139
24-05-2024 14:45,53,152,135
24-05-2024 15:00,53,151,134
24-05-2024 15:15,53,149,133
24-05-2024 15:30,52,147,131
24-05-2024 15:45,51,145,130
24-05-2024 16:00,51,142,128
24-05-2024 16:15,52,149,133
24-05-2024 16:30,53,151,134
24-05-2024 16:45,52,148,132
24-05-2024 17:00,52,147,131
24-05-2024 17:15,67,214,176
24-05-2024 17:30,81,279,229
24-05-2024 17:45,75,249,199
24-05-2024 18:00,70,227,185
24-05-2024 18:15,66,208,172
24-05-2024 18:30,64,198,165
24-05-2024 18:45,64,201,167
24-05-2024 19:00,68,221,181
24-05-2024 19:15,68,221,181
24-05-2024 19:30,73,239,193
24-05-2024 19:45,80,274,224
24-05-2024 20:00,83,285,235
24-05-2024 20:15,83,284,234
24-05-2024 20:30,85,288,238
24-05-2024 20:45,82,284,234
24-05-2024 21:00,79,270,220
24-05-2024 21:15,78,263,213
24-05-2024 21:30,75,249,199
24-05-2024 21:45,71,231,187
24-05-2024 22:00,68,218,179
24-05-2024 22:15,66,210,173
24-05-2024 22:30,66,209,173
24-05-2024 22:45,65,205,170
24-05-2024 23:00,65,204,169
24-05-2024 23:15,65,207,171
24-05-2024 23:30,66,208,172
24-05-2024 23:45,65,206,171
25-05-2024 00:00,66,208,172
25-05-2024 00:15,66,209,173
25-05-2024 00:30,66,212,175
25-05-2024 00:45,69,224,183
25-05-2024 01:00,69,225,183
25-05-2024 01:15,67,217,178
25-05-2024 01:30,67,213,175
25-05-2024 01:45,66,210,173
25-05-2024 02:00,64,202,168
25-05-2024 02:15,62,191,161
25-05-2024 02:30,61,188,159
25-05-2024 02:45,61,187,158
25-05-2024 03:00,60,184,156
25-05-2024 03:15,61,189,159
25-05-2024 03:30,70,230,187
25-05-2024 03:45,73,241,194
25-05-2024 04:00,72,236,191
25-05-2024 04:15,70,229,186
25-05-2024 04:30,72,235,190
25-05-2024 04:45,74,245,197
25-05-2024 05:00,78,266,216
25-05-2024 05:15,78,265,215
25-05-2024 05:30,75,252,202
25-05-2024 05:45,74,244,196
25-05-2024 06:00,71,230,187
25-05-2024 06:15,69,223,182
25-05-2024 06:30,67,215,177
25-05-2024 06:45,67,215,177
25-05-2024 07:00,67,214,176
25-05-2024 07:15,67,214,176
25-05-2024 07:30,71,230,187
25-05-2024 07:45,75,252,202
25-05-2024 08:00,77,261,211
25-05-2024 08:15,77,261,211
25-05-2024 08:30,86,288,238
25-05-2024 08:45,90,296,246
25-05-2024 09:00,90,296,246
25-05-2024 09:15,114,339,289
25-05-2024 09:30,109,329,279
25-05-2024 09:45,99,311,261
25-05-2024 10:00,93,302,252
25-05-2024 10:15,92,300,250
25-05-2024 10:30,87,292,242
25-05-2024 10:45,85,289,239
25-05-2024 11:00,84,286,236
25-05-2024 11:15,83,284,234
25-05-2024 11:30,81,278,228
25-05-2024 11:45,79,269,219
25-05-2024 12:00,83,280,230
25-05-2024 12:15,90,297,247
25-05-2024 12:30,93,302,252
25-05-2024 12:45,105,323,273
25-05-2024 13:00,104,320,270
25-05-2024 13:15,96,306,256
25-05-2024 13:30,110,331,281
25-05-2024 13:45,104,320,270
25-05-2024 14:00,93,301,251
25-05-2024 14:15,87,292,242
25-05-2024 14:30,83,284,234
25-05-2024 14:45,80,274,224
25-05-2024 15:00,74,247,198
25-05-2024 15:15,69,223,182
25-05-2024 15:30,65,205,170
25-05-2024 15:45,62,191,161
25-05-2024 16:00,59,180,153
25-05-2024 16:15,57,171,147
25-05-2024 16:30,56,163,142
25-05-2024 16:45,55,162,141
25-05-2024 17:00,55,161,141
25-05-2024 17:15,55,158,139
25-05-2024 17:30,54,154,136
25-05-2024 17:45,55,161,141
25-05-2024 18:00,61,188,159
25-05-2024 18:15,59,179,153
25-05-2024 18:30,59,180,153
25-05-2024 18:45,56,165,143
25-05-2024 19:00,54,155,137
25-05-2024 19:15,52,146,131
25-05-2024 19:30,50,140,127
25-05-2024 19:45,50,141,127
25-05-2024 20:00,50,140,127
25-05-2024 20:15,57,173,149
25-05-2024 20:30,57,170,147
25-05-2024 20:45,63,196,164
25-05-2024 21:00,75,252,202
25-05-2024 21:15,80,273,223
25-05-2024 21:30,81,278,228
25-05-2024 21:45,77,259,209
25-05-2024 22:00,71,233,189
25-05-2024 22:15,66,210,173
25-05-2024 22:30,66,208,172
25-05-2024 22:45,62,192,161
25-05-2024 23:00,58,177,151
25-05-2024 23:15,56,164,143
25-05-2024 23:30,53,152,135
25-05-2024 23:45,55,161,141
26-05-2024 00:00,56,164,143
26-05-2024 00:15,53,151,134
26-05-2024 00:30,50,138,125
26-05-2024 00:45,48,130,120
26-05-2024 01:00,46,123,115
26-05-2024 01:15,44,117,111
26-05-2024 01:30,43,113,109
26-05-2024 01:45,42,107,105
26-05-2024 02:00,41,106,104
26-05-2024 02:15,41,104,103
26-05-2024 02:30,41,103,102
26-05-2024 02:45,41,103,102
26-05-2024 03:00,40,101,101
26-05-2024 03:15,40,99,99
26-05-2024 03:30,41,104,103
26-05-2024 03:45,41,106,104
26-05-2024 04:00,42,109,106
26-05-2024 04:15,43,111,107
26-05-2024 04:30,44,116,111
26-05-2024 04:45,45,120,113
26-05-2024 05:00,46,123,115
26-05-2024 05:15,47,127,118
26-05-2024 05:30,48,132,121
26-05-2024 05:45,49,135,123
26-05-2024 06:00,50,142,128
26-05-2024 06:15,53,150,133
26-05-2024 06:30,55,164,143
26-05-2024 06:45,59,182,155
26-05-2024 07:00,66,215,177
26-05-2024 07:15,73,245,197
26-05-2024 07:30,84,286,236
26-05-2024 07:45,89,297,247
26-05-2024 08:00,88,295,245
26-05-2024 08:15,85,289,239
26-05-2024 08:30,87,293,243
26-05-2024 08:45,82,281,231
26-05-2024 09:00,77,262,212
26-05-2024 09:15,72,239,193
26-05-2024 09:30,147,370,325
26-05-2024 09:45,149,384,342
26-05-2024 10:00,125,355,306
26-05-2024 10:15,112,336,286
26-05-2024 10:30,90,298,248
26-05-2024 10:45,67,218,179
26-05-2024 11:00,59,184,156
26-05-2024 11:15,57,171,147
26-05-2024 11:30,58,175,150
26-05-2024 11:45,56,166,144
26-05-2024 12:00,52,146,131
26-05-2024 12:15,50,142,128
26-05-2024 12:30,50,141,127
26-05-2024 12:45,52,151,134
26-05-2024 13:00,56,173,149
26-05-2024 13:15,56,162,141
26-05-2024 13:30,104,321,271
26-05-2024 13:45,88,295,245
26-05-2024 14:00,82,282,232
26-05-2024 14:15,77,258,208
26-05-2024 14:30,72,236,191
26-05-2024 14:45,69,224,183
26-05-2024 15:00,62,193,162
26-05-2024 15:15,59,178,152
26-05-2024 15:30,69,224,183
26-05-2024 15:45,68,220,180
26-05-2024 16:00,69,219,179
26-05-2024 16:15,49,137,125
26-05-2024 16:30,55,161,141
26-05-2024 16:45,60,186,157
26-05-2024 17:00,55,161,141
26-05-2024 17:15,54,157,138
26-05-2024 17:30,54,156,137
26-05-2024 17:45,52,148,132
26-05-2024 18:00,50,138,125
26-05-2024 18:15,49,134,123
26-05-2024 18:30,57,169,146
26-05-2024 18:45,80,273,223
26-05-2024 19:00,112,334,284
26-05-2024 19:15,138,370,325
26-05-2024 19:30,111,332,282
26-05-2024 19:45,91,299,249
26-05-2024 20:00,90,297,247
26-05-2024 20:15,85,289,239
26-05-2024 20:30,80,273,223
26-05-2024 20:45,75,251,201
26-05-2024 21:00,70,226,184
26-05-2024 21:15,65,206,171
26-05-2024 21:30,62,190,160
26-05-2024 21:45,61,190,160
26-05-2024 22:00,65,205,170
26-05-2024 22:15,66,212,175
26-05-2024 22:30,68,218,179
26-05-2024 22:45,67,217,178
26-05-2024 23:00,66,212,175
26-05-2024 23:15,67,214,176
26-05-2024 23:30,68,221,181
26-05-2024 23:45,68,220,180
27-05-2024 00:00,68,222,181
27-05-2024 00:15,66,211,174
27-05-2024 00:30,64,202,168
27-05-2024 00:45,65,203,169
27-05-2024 01:00,65,203,169
27-05-2024 01:15,69,223,182
27-05-2024 01:30,73,240,193
27-05-2024 01:45,75,250,200
27-05-2024 02:00,77,262,212
27-05-2024 02:15,79,267,217
27-05-2024 02:30,79,270,220
27-05-2024 02:45,75,253,203
27-05-2024 03:00,72,235,190
27-05-2024 03:15,67,216,177
27-05-2024 03:30,66,212,175
27-05-2024 03:45,65,206,171
27-05-2024 04:00,64,203,169
27-05-2024 04:15,65,203,169
27-05-2024 04:30,65,203,169
27-05-2024 04:45,64,200,167
27-05-2024 05:00,63,197,165
27-05-2024 05:15,63,195,163
27-05-2024 05:30,61,187,158
27-05-2024 05:45,59,178,152
27-05-2024 06:00,58,173,149
27-05-2024 06:15,57,171,147
27-05-2024 06:30,57,169,146
27-05-2024 06:45,57,168,145
27-05-2024 07:00,57,172,148
27-05-2024 07:15,58,173,149
27-05-2024 07:30,72,236,191
27-05-2024 07:45,72,236,191
27-05-2024 08:00,70,226,184
27-05-2024 08:15,87,292,242
27-05-2024 08:30,390,597,609
27-05-2024 08:45,480,684,718
27-05-2024 09:00,362,589,599
27-05-2024 09:15,226,484,468
27-05-2024 09:30,123,349,302
27-05-2024 09:45,87,291,241
27-05-2024 10:00,84,288,238
27-05-2024 10:15,89,296,246
27-05-2024 10:30,102,319,269
27-05-2024 10:45,100,314,264
27-05-2024 11:00,96,307,257
27-05-2024 11:15,92,300,250
27-05-2024 11:30,88,294,244
27-05-2024 11:45,85,290,240
27-05-2024 12:00,85,288,238
27-05-2024 12:15,83,285,235
27-05-2024 12:30,79,269,219
27-05-2024 12:45,72,237,191
27-05-2024 13:00,67,216,177
27-05-2024 13:15,63,197,165
27-05-2024 13:30,60,185,157
27-05-2024 13:45,58,176,151
27-05-2024 14:00,56,166,144
27-05-2024 14:15,53,152,135
27-05-2024 14:30,50,139,126
27-05-2024 14:45,49,134,123
27-05-2024 15:00,47,126,117
27-05-2024 15:15,44,116,111
27-05-2024 15:30,44,115,110
27-05-2024 15:45,42,110,107
27-05-2024 16:00,42,110,107
27-05-2024 16:15,42,109,106
27-05-2024 16:30,41,106,104
27-05-2024 16:45,41,103,102
27-05-2024 17:00,40,98,98
27-05-2024 17:15,39,96,96
27-05-2024 17:30,39,95,95
27-05-2024 17:45,38,92,92
27-05-2024 18:00,39,95,95
27-05-2024 18:15,41,104,103
27-05-2024 18:30,42,111,107
27-05-2024 18:45,47,128,119
27-05-2024 19:00,73,244,196
27-05-2024 19:15,77,262,212
27-05-2024 19:30,74,243,195
27-05-2024 19:45,107,325,275
27-05-2024 20:00,96,306,256
27-05-2024 20:15,92,300,250
27-05-2024 20:30,88,294,244
27-05-2024 20:45,84,287,237
27-05-2024 21:00,81,277,227
27-05-2024 21:15,81,277,227
27-05-2024 21:30,81,277,227
27-05-2024 21:45,78,264,214
27-05-2024 22:00,76,254,204
27-05-2024 22:15,74,243,195
27-05-2024 22:30,72,233,189
27-05-2024 22:45,70,226,184
27-05-2024 23:00,72,234,189
27-05-2024 23:15,71,233,189
27-05-2024 23:30,71,233,189
27-05-2024 23:45,73,241,194
28-05-2024 00:00,76,255,205
28-05-2024 00:15,78,262,212
28-05-2024 00:30,80,275,225
28-05-2024 00:45,83,285,235
28-05-2024 01:00,85,288,238
28-05-2024 01:15,85,288,238
28-05-2024 01:30,84,287,237
28-05-2024 01:45,83,286,236
28-05-2024 02:00,83,285,235
28-05-2024 02:15,81,278,228
28-05-2024 02:30,77,260,210
28-05-2024 02:45,75,248,199
28-05-2024 03:00,72,236,191
28-05-2024 03:15,69,225,183
28-05-2024 03:30,69,223,182
28-05-2024 03:45,66,211,174
28-05-2024 04:00,64,201,167
28-05-2024 04:15,62,192,161
28-05-2024 04:30,61,186,157
28-05-2024 04:45,61,186,157
28-05-2024 05:00,62,191,161
28-05-2024 05:15,61,188,159
28-05-2024 05:30,61,186,157
28-05-2024 05:45,61,187,158
28-05-2024 06:00,61,189,159
28-05-2024 06:15,62,190,160
28-05-2024 06:30,60,183,155
28-05-2024 06:45,60,183,155
28-05-2024 07:00,63,195,163
28-05-2024 07:15,78,244,196
28-05-2024 07:30,92,301,251
28-05-2024 07:45,80,274,224
28-05-2024 08:00,87,291,241
28-05-2024 08:15,88,293,243
28-05-2024 08:30,109,327,277
28-05-2024 08:45,99,311,261
28-05-2024 09:00,98,310,260
28-05-2024 09:15,87,291,241
28-05-2024 09:30,75,253,203
28-05-2024 09:45,72,236,191
28-05-2024 10:00,67,218,179
28-05-2024 10:15,62,191,161
28-05-2024 10:30,60,186,157
28-05-2024 10:45,59,179,153
28-05-2024 11:00,58,175,150
28-05-2024 11:15,59,181,154
28-05-2024 11:30,57,173,149
28-05-2024 11:45,56,167,145
28-05-2024 12:00,60,182,155
28-05-2024 12:15,58,175,150
28-05-2024 12:30,55,161,141
28-05-2024 12:45,51,144,129
28-05-2024 13:00,50,138,125
28-05-2024 13:15,49,133,122
28-05-2024 13:30,47,127,118
28-05-2024 13:45,45,120,113
28-05-2024 14:00,43,112,108
28-05-2024 14:15,44,117,111
28-05-2024 14:30,41,105,103
28-05-2024 14:45,39,97,97
28-05-2024 15:00,38,88,88
28-05-2024 15:15,37,84,84
28-05-2024 15:30,41,101,101
28-05-2024 15:45,50,139,126
28-05-2024 16:00,45,120,113
28-05-2024 16:15,57,105,103
28-05-2024 16:30,55,95,95
28-05-2024 16:45,53,86,88
28-05-2024 17:00,51,81,85
28-05-2024 17:15,47,75,78
28-05-2024 17:30,48,76,80
28-05-2024 17:45,44,70,73
28-05-2024 18:00,44,71,73
28-05-2024 18:15,45,71,75
28-05-2024 18:30,47,74,78
28-05-2024 18:45,51,82,85
28-05-2024 19:00,86,169,187
28-05-2024 19:15,630,792,852
28-05-2024 19:30,251,442,415
28-05-2024 19:45,192,371,355
28-05-2024 20:00,195,372,358
28-05-2024 20:15,198,374,360
28-05-2024 20:30,188,367,352
28-05-2024 20:45,177,360,344
28-05-2024 21:00,156,339,328
28-05-2024 21:15,136,308,312
28-05-2024 21:30,123,291,302
28-05-2024 21:45,115,280,283
28-05-2024 22:00,108,269,260
28-05-2024 22:15,97,241,223
28-05-2024 22:30,88,209,193
28-05-2024 22:45,83,192,177
28-05-2024 23:00,88,209,193
28-05-2024 23:15,83,191,177
28-05-2024 23:30,79,176,163
28-05-2024 23:45,77,168,157
29-05-2024 00:00,76,165,153
29-05-2024 00:15,75,162,150
29-05-2024 00:30,75,161,150
29-05-2024 00:45,73,156,143
29-05-2024 01:00,72,150,140
29-05-2024 01:15,71,149,137
29-05-2024 01:30,72,150,140
29-05-2024 01:45,72,150,140
29-05-2024 02:00,72,152,140
29-05-2024 02:15,71,148,137
29-05-2024 02:30,71,148,137
29-05-2024 02:45,71,146,137
29-05-2024 03:00,70,142,133
29-05-2024 03:15,69,140,130
29-05-2024 03:30,67,135,123
29-05-2024 03:45,67,134,123
29-05-2024 04:00,66,131,121
29-05-2024 04:15,66,129,120
29-05-2024 04:30,66,127,120
29-05-2024 04:45,65,126,117
29-05-2024 05:00,65,126,117
29-05-2024 05:15,65,125,117
29-05-2024 05:30,63,120,113
29-05-2024 05:45,60,111,107
29-05-2024 06:00,58,107,105
29-05-2024 06:15,59,111,107
29-05-2024 06:30,60,113,109
29-05-2024 06:45,60,112,108
29-05-2024 07:00,59,109,106
29-05-2024 07:15,61,114,109
29-05-2024 07:30,64,124,116
29-05-2024 07:45,67,132,123
29-05-2024 08:00,72,153,140
29-05-2024 08:15,85,198,183
29-05-2024 08:30,88,214,193
29-05-2024 08:45,79,185,163
29-05-2024 09:00,104,255,247
29-05-2024 09:15,108,268,260
29-05-2024 09:30,95,244,217
29-05-2024 09:45,82,206,173
29-05-2024 10:00,76,190,160
29-05-2024 10:15,73,177,151
29-05-2024 10:30,69,166,144
29-05-2024 10:45,74,208,172
29-05-2024 11:00,71,182,155
29-05-2024 11:15,66,156,137
29-05-2024 11:30,64,142,128
29-05-2024 11:45,63,131,121
29-05-2024 12:00,61,128,119
29-05-2024 12:15,60,122,115
29-05-2024 12:30,59,120,113
29-05-2024 12:45,60,122,115
29-05-2024 13:00,58,114,109
29-05-2024 13:15,61,117,111
29-05-2024 13:30,57,104,103
29-05-2024 13:45,56,99,99
29-05-2024 14:00,57,102,101
29-05-2024 14:15,54,93,93
29-05-2024 14:30,52,86,87
29-05-2024 14:45,52,83,87
29-05-2024 15:00,50,79,83
29-05-2024 15:15,51,81,85
29-05-2024 15:30,54,91,91
29-05-2024 15:45,51,83,85
29-05-2024 16:00,50,79,83
29-05-2024 16:15,50,80,83
29-05-2024 16:30,44,71,73
29-05-2024 16:45,47,79,79
29-05-2024 17:00,46,78,78
29-05-2024 17:15,43,74,74
29-05-2024 17:30,50,84,84
29-05-2024 17:45,56,107,105
29-05-2024 18:00,57,109,106
29-05-2024 18:15,58,110,107
29-05-2024 18:30,59,112,108
29-05-2024 18:45,58,110,107
29-05-2024 19:00,56,102,101
29-05-2024 19:15,69,144,130
29-05-2024 19:30,107,273,257
29-05-2024 19:45,123,285,302
29-05-2024 20:00,114,279,280
29-05-2024 20:15,97,243,223
29-05-2024 20:30,86,201,187
29-05-2024 20:45,82,188,173
29-05-2024 21:00,80,180,167
29-05-2024 21:15,75,162,150
29-05-2024 21:30,74,160,147
29-05-2024 21:45,71,148,137
29-05-2024 22:00,69,140,130
29-05-2024 22:15,67,133,123
29-05-2024 22:30,66,130,120
29-05-2024 22:45,65,126,117
29-05-2024 23:00,65,126,117
29-05-2024 23:15,65,124,117
29-05-2024 23:30,65,125,117
29-05-2024 23:45,65,125,117
30-05-2024 00:00,68,137,127
30-05-2024 00:15,66,129,120
30-05-2024 00:30,66,128,120
30-05-2024 00:45,65,126,117
30-05-2024 01:00,63,120,113
30-05-2024 01:15,59,110,107
30-05-2024 01:30,58,104,103
30-05-2024 01:45,56,99,99
30-05-2024 02:00,55,94,94
30-05-2024 02:15,54,90,90
30-05-2024 02:30,52,85,87
30-05-2024 02:45,52,83,87
30-05-2024 03:00,52,85,87
30-05-2024 03:15,52,83,87
30-05-2024 03:30,51,81,85
30-05-2024 03:45,52,82,87
30-05-2024 04:00,51,80,85
30-05-2024 04:15,51,82,85
30-05-2024 04:30,52,82,87
30-05-2024 04:45,52,83,87
30-05-2024 05:00,53,89,89
30-05-2024 05:15,53,89,89
30-05-2024 05:30,54,90,90
30-05-2024 05:45,54,90,90
30-05-2024 06:00,54,91,91
30-05-2024 06:15,53,90,90
30-05-2024 06:30,54,92,92
30-05-2024 06:45,53,88,88
30-05-2024 07:00,53,90,90
30-05-2024 07:15,54,97,97
30-05-2024 07:30,60,117,111
30-05-2024 07:45,105,271,250
30-05-2024 08:00,100,257,233
30-05-2024 08:15,102,264,240
30-05-2024 08:30,81,204,170
30-05-2024 08:45,77,183,157
30-05-2024 09:00,94,231,213
30-05-2024 09:15,103,262,243
30-05-2024 09:30,79,190,163
30-05-2024 09:45,77,188,159
30-05-2024 10:00,74,173,149
30-05-2024 10:15,71,163,142
30-05-2024 10:30,69,154,136
30-05-2024 10:45,73,181,154
30-05-2024 11:00,73,184,156
30-05-2024 11:15,71,162,141
30-05-2024 11:30,72,161,141
30-05-2024 11:45,70,150,133
30-05-2024 12:00,70,153,135
30-05-2024 12:15,69,148,132
30-05-2024 12:30,65,140,127
30-05-2024 12:45,62,135,123
30-05-2024 13:00,66,147,131
30-05-2024 13:15,81,195,170
30-05-2024 13:30,69,149,133
30-05-2024 13:45,61,131,121
30-05-2024 14:00,58,121,114
30-05-2024 14:15,56,114,109
30-05-2024 14:30,53,105,103
30-05-2024 14:45,50,96,96
30-05-2024 15:00,49,92,92
30-05-2024 15:15,46,84,84
30-05-2024 15:30,46,83,83
30-05-2024 15:45,43,74,74
30-05-2024 16:00,40,68,68
30-05-2024 16:15,37,64,64
30-05-2024 16:30,30,54,54
30-05-2024 16:45,27,49,49
30-05-2024 17:00,28,54,54
30-05-2024 17:15,25,47,47
30-05-2024 17:30,23,48,48
30-05-2024 17:45,23,46,46
30-05-2024 18:00,21,41,41
30-05-2024 18:15,19,36,36
30-05-2024 18:30,20,39,39
30-05-2024 18:45,21,41,41
30-05-2024 19:00,22,46,46
30-05-2024 19:15,36,69,69
30-05-2024 19:30,55,115,110
30-05-2024 19:45,67,146,131
30-05-2024 20:00,86,204,187
30-05-2024 20:15,82,189,173
30-05-2024 20:30,74,167,147
30-05-2024 20:45,69,146,131
30-05-2024 21:00,66,141,127
30-05-2024 21:15,68,144,129
30-05-2024 21:30,65,140,127
30-05-2024 21:45,61,129,119
30-05-2024 22:00,67,146,131
30-05-2024 22:15,67,145,130
30-05-2024 22:30,69,152,135
30-05-2024 22:45,63,133,122
30-05-2024 23:00,56,114,109
30-05-2024 23:15,50,95,95
30-05-2024 23:30,45,81,81
30-05-2024 23:45,43,73,73
31-05-2024 00:00,39,68,68
31-05-2024 00:15,36,63,63
31-05-2024 00:30,34,59,59
31-05-2024 00:45,31,55,55
31-05-2024 01:00,31,54,54
31-05-2024 01:15,30,52,52
31-05-2024 01:30,29,52,52
31-05-2024 01:45,31,54,54
31-05-2024 02:00,29,51,51
31-05-2024 02:15,31,55,55
31-05-2024 02:30,32,57,57
31-05-2024 02:45,34,60,60
31-05-2024 03:00,37,64,64
31-05-2024 03:15,35,62,62
31-05-2024 03:30,40,72,72
31-05-2024 03:45,41,70,70
31-05-2024 04:00,34,60,60
31-05-2024 04:15,33,58,58
31-05-2024 04:30,31,54,54
31-05-2024 04:45,30,53,53
31-05-2024 05:00,30,53,53
31-05-2024 05:15,31,55,55
31-05-2024 05:30,32,56,56
31-05-2024 05:45,34,60,60
31-05-2024 06:00,34,59,59
31-05-2024 06:15,36,62,62
31-05-2024 06:30,35,61,61
31-05-2024 06:45,35,62,62
31-05-2024 07:00,39,67,67
31-05-2024 07:15,43,74,74
31-05-2024 07:30,43,76,76
31-05-2024 07:45,46,84,84
31-05-2024 08:00,67,148,132
31-05-2024 08:15,137,336,313
31-05-2024 08:30,159,364,330
31-05-2024 08:45,169,378,338
31-05-2024 09:00,134,328,311
31-05-2024 09:15,110,287,267
31-05-2024 09:30,99,273,230
31-05-2024 09:45,94,287,237
31-05-2024 10:00,116,340,290
31-05-2024 10:15,171,456,432
31-05-2024 10:30,162,438,410
31-05-2024 10:45,122,364,318
31-05-2024 11:00,97,303,253
31-05-2024 11:15,77,220,180
31-05-2024 11:30,67,163,142
31-05-2024 11:45,59,140,127
31-05-2024 12:00,58,136,124
31-05-2024 12:15,62,138,125
31-05-2024 12:30,63,137,125
31-05-2024 12:45,61,135,123
31-05-2024 13:00,59,131,121
31-05-2024 13:15,57,127,118
31-05-2024 13:30,54,119,113
31-05-2024 13:45,51,104,103
31-05-2024 14:00,49,95,95
31-05-2024 14:15,47,89,89
31-05-2024 14:30,46,86,86
31-05-2024 14:45,48,91,91
31-05-2024 15:00,47,87,87
31-05-2024 15:15,47,86,86
31-05-2024 15:30,47,88,88
31-05-2024 15:45,47,85,85
31-05-2024 16:00,44,77,77
31-05-2024 16:15,42,71,71
31-05-2024 16:30,44,79,79
31-05-2024 16:45,50,100,100
31-05-2024 17:00,46,84,84
31-05-2024 17:15,47,86,86
31-05-2024 17:30,48,88,88
31-05-2024 17:45,52,101,101
31-05-2024 18:00,51,102,101
31-05-2024 18:15,51,101,101
31-05-2024 18:30,49,97,97
31-05-2024 18:45,62,134,123
31-05-2024 19:00,76,172,153
31-05-2024 19:15,80,186,167
31-05-2024 19:30,84,204,180
31-05-2024 19:45,97,246,223
31-05-2024 20:00,109,282,263
31-05-2024 20:15,125,315,304
31-05-2024 20:30,167,378,336
31-05-2024 20:45,175,387,346
31-05-2024 21:00,158,362,329
31-05-2024 21:15,148,350,322
31-05-2024 21:30,146,346,320
31-05-2024 21:45,145,345,319
31-05-2024 22:00,134,330,311
31-05-2024 22:15,133,328,310
31-05-2024 22:30,132,327,309
31-05-2024 22:45,131,325,308
31-05-2024 23:00,128,321,306
31-05-2024 23:15,121,307,301
31-05-2024 23:30,114,291,280
31-05-2024 23:45,108,271,260
